Time,FPS, Memory
0.0,66.7,446.5
0.0,60.5,451.6
0.0,64.1,451.6
0.0,65.7,451.6
0.0,70.4,451.6
0.0,76.3,451.6
0.1,82.8,451.6
0.1,87.9,451.6
0.1,95.3,451.6
0.1,100.6,451.6
0.1,102.3,451.6
0.1,107.5,451.6
0.1,110.5,451.6
0.1,113.9,451.6
0.1,117.6,451.6
0.1,119.8,451.6
0.1,122.7,451.6
0.1,125.5,451.6
0.1,127.5,451.6
0.1,129.9,451.6
0.1,132.1,451.6
0.1,133.2,451.6
0.1,133.8,451.6
0.2,136.7,451.6
0.2,137.8,451.6
0.2,139.3,451.6
0.2,139.8,451.6
0.2,140.0,451.6
0.2,142.5,451.6
0.2,143.2,451.6
0.2,144.1,451.6
0.2,144.3,451.6
0.2,145.2,451.6
0.2,146.4,451.6
0.2,145.2,451.6
0.2,146.3,451.6
0.2,147.4,451.6
0.2,147.6,451.6
0.3,148.4,451.6
0.3,148.6,451.6
0.3,149.1,451.6
0.3,146.6,451.6
0.3,149.8,451.6
0.3,149.4,451.6
0.3,148.3,451.6
0.3,149.7,451.6
0.3,149.7,451.6
0.3,150.3,451.6
0.3,150.9,451.6
0.3,149.8,451.6
0.3,150.1,451.6
0.3,150.3,451.6
0.3,150.8,451.6
0.4,150.8,451.6
0.4,150.2,451.6
0.4,150.8,451.6
0.4,150.9,451.6
0.4,151.2,451.6
0.4,151.3,451.6
0.4,150.8,451.6
0.4,150.6,451.6
0.4,150.8,451.6
0.4,151.3,451.6
0.4,150.7,451.6
0.4,150.2,451.6
0.4,149.6,451.6
0.4,149.7,451.6
0.4,151.1,451.6
0.5,151.4,451.6
0.5,151.0,451.6
0.5,150.8,451.6
0.5,150.5,451.6
0.5,151.2,451.6
0.5,150.8,451.6
0.5,150.8,451.6
0.5,151.2,451.6
0.5,151.2,451.6
0.5,150.9,451.6
0.5,150.3,451.6
0.5,150.9,451.6
0.5,151.2,451.6
0.5,151.1,451.6
0.5,151.1,451.6
0.6,149.6,451.6
0.6,150.9,451.6
0.6,151.6,451.6
0.6,150.6,451.6
0.6,150.9,451.6
0.6,149.2,451.6
0.6,149.8,451.6
0.6,150.3,451.6
0.6,149.2,451.6
0.6,150.7,451.6
0.6,151.9,451.6
0.6,150.7,451.6
0.6,151.6,451.6
0.6,150.4,451.6
0.6,150.4,451.6
0.7,151.6,451.6
0.7,151.4,451.6
0.7,151.7,451.6
0.7,151.9,451.6
0.7,150.5,451.6
0.7,151.5,451.6
0.7,151.0,451.6
0.7,151.4,451.6
0.7,151.5,451.6
0.7,150.9,451.6
0.7,150.5,451.6
0.7,150.5,451.6
0.7,151.4,451.6
0.7,150.7,451.6
0.7,150.6,451.6
0.8,150.4,451.6
0.8,150.3,451.6
0.8,151.3,451.6
0.8,150.7,451.6
0.8,150.0,451.6
0.8,151.0,451.6
0.8,150.0,451.6
0.8,151.3,451.6
0.8,150.9,451.6
0.8,150.1,451.6
0.8,150.6,451.6
0.8,150.2,451.6
0.8,150.8,451.6
0.8,151.1,451.6
0.8,148.5,451.6
0.9,150.2,451.6
0.9,150.3,451.6
0.9,150.6,451.6
0.9,150.7,451.6
0.9,150.3,451.6
0.9,145.8,451.6
0.9,150.8,451.7
0.9,150.3,451.6
0.9,151.3,451.6
0.9,150.8,451.7
0.9,150.5,451.7
0.9,150.6,451.6
0.9,150.5,451.6
0.9,150.4,451.6
0.9,149.5,451.6
1.0,150.2,451.6
1.0,150.4,451.6
1.0,150.5,451.6
1.0,150.2,451.6
1.0,150.4,451.6
1.0,149.5,451.6
1.0,150.8,451.6
1.0,151.0,451.6
1.0,151.1,451.6
1.0,150.5,451.7
1.0,149.1,451.7
1.0,150.1,451.7
1.0,151.0,451.8
1.0,149.3,451.8
1.0,149.7,451.8
1.1,149.3,451.8
1.1,150.1,451.8
1.1,151.5,451.8
1.1,151.1,451.8
1.1,150.8,451.8
1.1,150.2,451.8
1.1,150.6,451.8
1.1,150.2,451.8
1.1,151.2,451.8
1.1,150.5,451.8
1.1,150.4,451.8
1.1,150.5,451.8
1.1,150.2,451.8
1.1,149.5,451.8
1.1,149.0,451.8
1.1,150.8,451.8
1.2,148.9,451.8
1.2,150.1,451.8
1.2,151.0,451.8
1.2,150.6,451.8
1.2,150.2,451.8
1.2,150.7,451.8
1.2,151.0,451.8
1.2,151.1,451.8
1.2,150.2,451.8
1.2,150.2,451.8
1.2,149.6,451.8
1.2,150.3,451.8
1.2,150.1,451.8
1.2,148.4,451.8
1.3,149.1,451.8
1.3,149.4,451.8
1.3,149.6,451.8
1.3,150.7,451.8
1.3,150.3,451.8
1.3,150.7,451.8
1.3,149.9,451.8
1.3,150.4,451.8
1.3,150.6,451.8
1.3,149.6,451.8
1.3,150.4,451.8
1.3,150.0,451.8
1.3,150.5,451.8
1.3,150.0,451.8
1.3,148.7,451.8
1.4,150.1,451.8
1.4,150.3,451.8
1.4,150.6,451.8
1.4,150.8,451.8
1.4,150.4,451.8
1.4,150.1,451.8
1.4,150.0,451.8
1.4,150.1,451.8
1.4,150.2,451.8
1.4,149.4,451.8
1.4,149.9,451.8
1.4,150.0,451.8
1.4,150.5,451.8
1.4,150.4,451.8
1.4,148.3,451.8
1.4,150.5,451.8
1.5,150.4,451.8
1.5,150.6,451.8
1.5,148.5,451.8
1.5,149.9,451.8
1.5,150.8,451.8
1.5,150.4,451.8
1.5,150.9,451.8
1.5,150.7,451.8
1.5,150.6,451.8
1.5,150.7,451.8
1.5,150.2,451.8
1.5,151.4,451.8
1.5,151.2,451.8
1.5,150.2,451.8
1.5,150.6,451.8
1.6,151.0,451.8
1.6,150.5,451.8
1.6,151.5,451.8
1.6,150.9,451.8
1.6,150.5,451.8
1.6,150.7,451.8
1.6,150.6,451.8
1.6,150.5,451.8
1.6,150.1,451.8
1.6,150.4,451.8
1.6,150.5,451.8
1.6,150.7,451.8
1.6,150.8,451.8
1.6,150.4,451.8
1.6,150.5,451.8
1.7,149.9,451.8
1.7,150.8,451.8
1.7,150.3,451.8
1.7,151.1,451.8
1.7,151.3,451.8
1.7,150.2,451.8
1.7,151.4,451.8
1.7,150.3,451.8
1.7,150.4,451.8
1.7,151.2,451.8
1.7,150.7,451.8
1.7,151.3,451.8
1.7,149.4,451.8
1.7,151.2,451.8
1.7,151.9,451.8
1.8,151.5,451.8
1.8,151.1,451.8
1.8,149.5,451.8
1.8,151.1,451.8
1.8,150.7,451.8
1.8,151.4,451.8
1.8,150.9,451.8
1.8,150.9,451.8
1.8,150.8,451.8
1.8,151.2,451.8
1.8,150.6,451.8
1.8,150.8,451.8
1.8,149.0,451.8
1.8,150.1,451.8
1.8,151.0,451.8
1.9,150.7,451.8
1.9,150.6,451.8
1.9,151.2,451.8
1.9,148.9,451.8
1.9,149.7,451.8
1.9,149.2,451.8
1.9,151.2,451.8
1.9,151.7,451.8
1.9,150.3,451.8
1.9,151.8,451.8
1.9,151.6,451.8
1.9,150.6,451.8
1.9,151.3,451.8
1.9,151.1,451.8
1.9,151.2,451.8
2.0,151.6,451.8
2.0,151.3,451.8
2.0,150.8,451.8
2.0,151.0,451.8
2.0,150.8,451.8
2.0,150.4,451.8
2.0,150.4,451.8
2.0,150.7,451.8
2.0,150.4,451.8
2.0,150.9,451.8
2.0,148.3,451.8
2.0,150.9,451.8
2.0,149.8,451.8
2.0,151.7,451.8
2.0,152.1,451.8
2.1,152.0,451.8
2.1,151.0,451.8
2.1,151.7,451.8
2.1,151.1,451.8
2.1,150.6,451.8
2.1,150.8,451.8
2.1,149.3,451.8
2.1,151.8,451.8
2.1,151.5,451.8
2.1,151.9,451.8
2.1,151.7,451.8
2.1,151.2,451.8
2.1,151.4,451.8
2.1,151.3,451.8
2.1,151.5,451.8
2.2,151.4,451.8
2.2,149.1,451.8
2.2,151.1,451.8
2.2,148.8,451.8
2.2,151.6,451.8
2.2,151.4,451.8
2.2,151.1,451.8
2.2,151.2,451.8
2.2,150.3,451.8
2.2,151.3,451.8
2.2,151.4,451.8
2.2,150.2,451.8
2.2,151.1,451.8
2.2,150.3,451.8
2.2,151.0,451.8
2.3,151.2,451.8
2.3,150.8,451.8
2.3,150.6,451.8
2.3,150.4,451.8
2.3,150.8,451.8
2.3,150.2,451.8
2.3,149.9,451.8
2.3,150.8,451.8
2.3,150.6,451.8
2.3,151.1,451.8
2.3,150.5,451.8
2.3,150.6,451.8
2.3,150.3,451.8
2.3,150.7,451.8
2.3,151.1,451.8
2.4,150.1,451.8
2.4,150.8,451.8
2.4,151.1,451.8
2.4,150.7,451.8
2.4,149.5,451.8
2.4,150.1,451.8
2.4,151.4,451.8
2.4,151.9,451.8
2.4,151.3,451.8
2.4,151.2,451.8
2.4,151.4,451.8
2.4,151.0,451.8
2.4,151.5,451.8
2.4,150.7,451.8
2.4,148.4,451.8
2.5,151.2,451.8
2.5,150.9,451.8
2.5,151.5,451.8
2.5,151.2,451.8
2.5,150.8,451.8
2.5,150.7,451.8
2.5,150.5,451.8
2.5,150.0,451.8
2.5,151.4,451.8
2.5,150.8,451.8
2.5,150.9,451.8
2.5,150.7,451.8
2.5,151.2,451.8
2.5,150.9,451.8
2.5,150.7,451.8
2.6,150.3,451.8
2.6,150.0,451.8
2.6,149.9,451.8
2.6,150.6,451.8
2.6,149.5,451.8
2.6,149.3,451.8
2.6,149.9,451.8
2.6,150.5,451.8
2.6,150.6,451.8
2.6,149.3,451.8
2.6,147.3,451.8
2.6,149.3,451.8
2.6,149.4,451.8
2.6,149.8,451.8
2.6,149.5,451.9
2.7,148.1,451.9
2.7,147.3,451.9
2.7,149.1,451.9
2.7,148.9,451.9
2.7,148.8,451.9
2.7,149.2,451.9
2.7,148.7,451.9
2.7,148.2,451.9
2.7,149.7,451.9
2.7,148.6,451.9
2.7,149.9,451.9
2.7,150.4,451.9
2.7,149.2,451.9
2.7,150.8,451.9
2.7,150.6,451.9
2.8,149.5,451.9
2.8,148.6,451.9
2.8,149.4,451.9
2.8,151.3,451.9
2.8,148.7,451.9
2.8,148.7,451.9
2.8,144.5,451.9
2.8,143.1,451.9
2.8,142.2,451.9
2.8,140.9,451.9
2.8,135.7,451.9
2.8,135.9,451.9
2.8,132.1,451.9
2.9,132.8,451.9
2.9,131.0,451.9
2.9,132.4,451.9
2.9,131.5,451.9
2.9,132.7,451.9
2.9,133.6,451.9
2.9,134.0,451.9
2.9,135.0,451.9
2.9,135.8,451.9
2.9,137.0,451.9
2.9,138.5,451.9
2.9,139.6,451.9
2.9,140.6,452.0
2.9,141.5,452.0
2.9,142.7,452.0
3.0,143.7,452.0
3.0,144.0,452.0
3.0,144.7,452.0
3.0,145.0,452.0
3.0,147.4,452.0
3.0,146.4,452.0
3.0,147.8,452.0
3.0,146.3,452.0
3.0,146.9,452.0
3.0,147.4,452.0
3.0,148.4,452.0
3.0,147.8,452.0
3.0,148.1,452.0
3.0,149.4,452.0
3.0,148.0,452.0
3.1,150.5,452.0
3.1,148.4,452.0
3.1,149.6,452.0
3.1,148.1,452.0
3.1,150.5,452.0
3.1,151.1,452.0
3.1,150.4,452.0
3.1,150.0,452.0
3.1,150.3,452.0
3.1,150.4,452.0
3.1,148.6,452.0
3.1,149.7,452.0
3.1,149.4,452.0
3.1,150.2,452.0
3.1,150.6,452.0
3.2,148.2,452.0
3.2,151.0,452.0
3.2,149.1,452.0
3.2,150.8,452.0
3.2,150.9,452.0
3.2,151.1,452.0
3.2,150.6,452.0
3.2,150.8,452.0
3.2,150.5,452.0
3.2,151.3,452.0
3.2,151.0,452.0
3.2,150.5,452.0
3.2,150.6,452.0
3.2,150.4,452.0
3.2,150.5,452.0
3.3,150.8,452.0
3.3,150.7,452.0
3.3,150.6,452.0
3.3,150.2,452.0
3.3,150.6,452.0
3.3,150.8,452.0
3.3,149.8,452.0
3.3,149.9,452.0
3.3,149.5,452.0
3.3,150.3,452.0
3.3,149.1,452.0
3.3,150.7,452.0
3.3,148.7,452.0
3.3,149.9,452.0
3.3,151.5,452.0
3.4,151.4,452.0
3.4,150.8,452.0
3.4,150.4,452.0
3.4,150.5,452.0
3.4,149.9,452.0
3.4,150.7,452.0
3.4,150.4,452.0
3.4,150.7,452.0
3.4,150.1,452.0
3.4,150.9,452.0
3.4,151.0,452.0
3.4,150.1,452.0
3.4,150.1,452.0
3.4,149.5,452.0
3.4,149.7,452.0
3.5,150.5,452.0
3.5,150.2,452.0
3.5,150.0,452.0
3.5,150.0,452.0
3.5,150.5,452.0
3.5,150.4,452.0
3.5,148.4,452.0
3.5,151.3,452.0
3.5,150.0,452.0
3.5,151.2,452.0
3.5,151.2,452.0
3.5,150.3,452.0
3.5,150.3,452.0
3.5,149.6,452.0
3.5,150.3,452.0
3.6,151.4,452.0
3.6,149.0,452.0
3.6,151.4,452.0
3.6,150.5,452.0
3.6,151.0,452.0
3.6,151.1,452.0
3.6,150.5,452.0
3.6,149.1,452.0
3.6,150.6,452.0
3.6,151.1,452.0
3.6,150.4,452.0
3.6,150.5,452.0
3.6,149.8,452.0
3.6,147.4,452.1
3.6,150.1,452.1
3.7,148.5,452.1
3.7,149.4,452.1
3.7,149.6,452.1
3.7,148.8,452.1
3.7,149.2,452.1
3.7,149.7,452.1
3.7,149.6,452.1
3.7,149.8,452.1
3.7,149.7,452.1
3.7,150.3,452.1
3.7,149.7,452.1
3.7,150.0,452.1
3.7,149.6,452.1
3.7,149.6,452.1
3.7,149.6,452.1
3.8,148.4,452.1
3.8,149.0,452.1
3.8,150.9,452.1
3.8,148.2,452.1
3.8,148.3,452.1
3.8,145.7,452.1
3.8,144.1,452.1
3.8,141.2,452.1
3.8,139.5,452.1
3.8,135.5,452.1
3.8,135.4,452.1
3.8,133.3,452.1
3.8,132.2,452.1
3.9,129.3,452.1
3.9,131.2,452.1
3.9,129.7,452.1
3.9,131.7,452.1
3.9,131.4,452.1
3.9,132.4,452.1
3.9,134.0,452.1
3.9,134.9,452.1
3.9,136.6,452.1
3.9,137.8,452.1
3.9,138.8,452.1
3.9,140.0,452.1
3.9,140.7,452.1
3.9,141.7,452.1
4.0,143.2,452.1
4.0,143.5,452.1
4.0,145.7,452.1
4.0,144.4,452.1
4.0,145.5,452.2
4.0,147.5,452.2
4.0,145.7,452.2
4.0,146.6,452.2
4.0,146.8,452.2
4.0,147.5,452.2
4.0,147.6,452.2
4.0,147.2,452.2
4.0,147.8,452.2
4.0,148.5,452.2
4.0,148.9,452.2
4.1,148.9,452.2
4.1,149.8,452.2
4.1,149.0,452.2
4.1,148.8,452.2
4.1,151.0,452.2
4.1,150.3,452.2
4.1,150.0,452.2
4.1,148.4,452.1
4.1,150.4,452.1
4.1,150.9,452.1
4.1,150.4,452.1
4.1,150.5,452.1
4.1,150.7,452.1
4.1,150.6,452.1
4.1,150.5,452.1
4.2,150.1,452.1
4.2,149.0,452.1
4.2,151.1,452.1
4.2,150.2,452.1
4.2,150.1,452.1
4.2,150.0,452.1
4.2,150.6,452.1
4.2,150.5,452.1
4.2,150.5,452.1
4.2,150.5,452.1
4.2,149.7,452.1
4.2,150.2,452.1
4.2,150.4,452.1
4.2,150.4,452.1
4.2,150.4,452.1
4.3,149.6,452.1
4.3,150.7,452.1
4.3,151.1,452.1
4.3,149.8,452.1
4.3,150.7,452.1
4.3,149.3,452.1
4.3,150.2,452.1
4.3,150.5,452.1
4.3,149.6,452.1
4.3,150.3,452.1
4.3,149.4,452.1
4.3,150.1,452.1
4.3,151.6,452.1
4.3,151.1,452.1
4.3,150.4,452.1
4.4,149.0,452.1
4.4,150.0,452.1
4.4,150.5,452.1
4.4,150.6,452.1
4.4,150.4,452.1
4.4,150.8,452.1
4.4,150.6,452.1
4.4,150.7,452.1
4.4,151.2,452.1
4.4,150.6,452.1
4.4,148.4,452.1
4.4,151.0,452.1
4.4,148.6,452.1
4.4,151.5,452.1
4.4,151.2,452.1
4.5,148.3,452.1
4.5,151.0,452.1
4.5,151.5,452.1
4.5,151.1,452.1
4.5,151.1,452.1
4.5,149.9,452.1
4.5,150.7,452.1
4.5,151.2,452.1
4.5,151.0,452.1
4.5,150.6,452.1
4.5,150.6,452.1
4.5,150.0,452.1
4.5,150.9,452.1
4.5,150.8,452.1
4.5,150.2,452.1
4.6,150.5,452.1
4.6,149.6,452.1
4.6,150.9,452.1
4.6,150.9,452.1
4.6,149.6,452.1
4.6,150.4,452.1
4.6,150.0,452.1
4.6,150.2,452.1
4.6,150.5,452.1
4.6,149.5,452.1
4.6,150.0,452.1
4.6,150.0,452.1
4.6,149.5,452.1
4.6,150.2,452.1
4.6,149.7,452.2
4.7,147.2,452.2
4.7,149.2,452.2
4.7,149.4,452.2
4.7,148.1,452.2
4.7,148.6,452.2
4.7,148.4,452.2
4.7,149.0,452.2
4.7,149.2,452.2
4.7,149.3,452.2
4.7,148.7,452.2
4.7,149.0,452.2
4.7,149.7,452.2
4.7,149.9,452.2
4.7,150.1,452.2
4.7,150.1,452.2
4.8,149.0,452.2
4.8,148.1,452.2
4.8,148.9,452.2
4.8,150.1,452.2
4.8,149.4,452.2
4.8,145.9,452.2
4.8,143.8,452.2
4.8,142.2,452.2
4.8,140.5,452.2
4.8,138.1,452.2
4.8,137.4,452.2
4.8,136.3,452.2
4.8,132.5,452.2
4.9,131.7,452.2
4.9,131.2,452.2
4.9,131.8,452.2
4.9,131.3,452.2
4.9,133.4,452.2
4.9,132.0,452.2
4.9,133.9,452.2
4.9,135.1,452.3
4.9,135.9,452.3
4.9,137.4,452.3
4.9,138.2,452.3
4.9,140.9,452.3
4.9,140.5,452.3
4.9,139.6,452.3
4.9,143.8,452.3
5.0,142.7,452.3
5.0,143.9,452.3
5.0,144.2,452.3
5.0,145.7,452.3
5.0,145.2,452.3
5.0,146.7,452.3
5.0,145.8,452.3
5.0,147.9,452.3
5.0,146.0,452.4
5.0,146.9,452.4
5.0,147.0,452.4
5.0,147.5,452.4
5.0,148.0,452.4
5.0,149.0,452.4
5.0,148.1,452.4
5.1,149.6,452.4
5.1,148.3,452.4
5.1,150.0,452.4
5.1,148.3,452.4
5.1,150.3,452.4
5.1,150.2,452.4
5.1,150.3,452.4
5.1,150.3,452.4
5.1,149.9,452.4
5.1,149.7,452.4
5.1,149.6,452.4
5.1,148.1,452.4
5.1,150.7,452.4
5.1,149.9,452.4
5.1,150.1,452.4
5.2,148.1,452.4
5.2,150.6,452.4
5.2,150.3,452.4
5.2,150.1,452.4
5.2,150.2,452.4
5.2,150.0,452.4
5.2,148.7,452.4
5.2,150.5,452.4
5.2,150.2,452.4
5.2,150.5,452.4
5.2,150.2,452.4
5.2,149.7,452.4
5.2,149.7,452.4
5.2,150.3,452.4
5.2,149.1,452.4
5.3,150.4,452.4
5.3,150.7,452.4
5.3,150.5,452.4
5.3,150.4,452.4
5.3,150.4,452.4
5.3,150.1,452.4
5.3,150.6,452.4
5.3,150.6,452.4
5.3,148.1,452.4
5.3,150.4,452.4
5.3,150.3,452.4
5.3,150.4,452.4
5.3,150.4,452.4
5.3,149.9,452.4
5.3,150.2,452.4
5.4,150.2,452.4
5.4,150.6,452.4
5.4,150.3,452.4
5.4,150.2,452.4
5.4,150.5,452.4
5.4,150.1,452.4
5.4,150.5,452.4
5.4,150.4,452.4
5.4,149.8,452.4
5.4,150.3,452.4
5.4,149.2,452.4
5.4,150.5,452.4
5.4,149.5,452.4
5.4,148.9,452.4
5.4,149.8,452.4
5.5,149.7,452.4
5.5,150.8,452.4
5.5,150.6,452.4
5.5,149.5,452.4
5.5,149.0,452.4
5.5,150.5,452.4
5.5,150.7,452.4
5.5,150.6,452.4
5.5,150.1,452.4
5.5,150.0,452.4
5.5,150.1,452.4
5.5,149.8,452.4
5.5,150.9,452.4
5.5,150.3,452.4
5.5,150.5,452.4
5.6,150.0,452.4
5.6,149.5,452.4
5.6,150.1,452.4
5.6,149.7,452.4
5.6,149.7,452.4
5.6,150.0,452.4
5.6,150.4,452.4
5.6,149.9,452.4
5.6,150.0,452.4
5.6,150.1,452.4
5.6,149.6,452.4
5.6,150.3,452.4
5.6,149.3,452.4
5.6,148.2,452.5
5.6,148.7,452.5
5.7,147.7,452.5
5.7,149.3,452.5
5.7,149.1,452.5
5.7,148.8,452.5
5.7,149.2,452.5
5.7,147.2,452.5
5.7,149.6,452.5
5.7,149.6,452.5
5.7,149.4,452.5
5.7,149.5,452.5
5.7,149.6,452.5
5.7,149.9,452.5
5.7,149.8,452.5
5.7,147.9,452.5
5.7,150.2,452.5
5.8,148.1,452.5
5.8,148.9,452.5
5.8,150.6,452.5
5.8,150.1,452.5
5.8,144.6,452.5
5.8,146.4,452.5
5.8,143.5,452.5
5.8,142.0,452.5
5.8,139.1,452.5
5.8,138.4,452.5
5.8,137.4,452.5
5.8,134.1,452.5
5.8,135.4,452.5
5.9,134.7,452.5
5.9,132.9,452.5
5.9,133.5,452.5
5.9,133.2,452.5
5.9,133.9,452.5
5.9,136.3,452.5
5.9,135.9,452.5
5.9,136.4,452.5
5.9,139.5,452.5
5.9,139.0,452.5
5.9,139.1,452.5
5.9,141.1,452.5
5.9,141.5,452.5
5.9,142.6,452.5
6.0,143.3,452.5
6.0,143.6,452.5
6.0,145.7,452.5
6.0,144.4,452.5
6.0,145.5,452.5
6.0,145.8,452.5
6.0,144.4,452.5
6.0,146.8,452.5
6.0,146.6,452.5
6.0,147.5,452.5
6.0,147.6,452.5
6.0,147.0,452.6
6.0,148.1,452.6
6.0,148.4,452.6
6.0,148.6,452.6
6.1,148.7,452.6
6.1,148.5,452.6
6.1,150.4,452.6
6.1,149.2,452.6
6.1,148.8,452.6
6.1,150.5,452.6
6.1,150.0,452.6
6.1,150.2,452.6
6.1,150.2,452.6
6.1,149.0,452.5
6.1,149.0,452.5
6.1,150.4,452.5
6.1,148.9,452.5
6.1,148.2,452.5
6.1,150.8,452.5
6.2,150.7,452.5
6.2,150.3,452.5
6.2,150.2,452.5
6.2,149.9,452.5
6.2,150.3,452.5
6.2,150.2,452.5
6.2,150.0,452.5
6.2,150.5,452.5
6.2,150.0,452.5
6.2,150.2,452.5
6.2,150.2,452.5
6.2,150.0,452.5
6.2,148.4,452.5
6.2,150.0,452.5
6.2,150.6,452.5
6.3,150.2,452.5
6.3,150.0,452.5
6.3,150.3,452.5
6.3,150.0,452.5
6.3,149.5,452.5
6.3,149.7,452.5
6.3,150.2,452.5
6.3,150.5,452.5
6.3,150.3,452.5
6.3,150.4,452.5
6.3,150.5,452.5
6.3,150.2,452.5
6.3,150.0,452.5
6.3,150.0,452.5
6.3,150.6,452.5
6.4,149.6,452.5
6.4,150.1,452.5
6.4,148.6,452.5
6.4,150.1,452.5
6.4,150.6,452.5
6.4,150.4,452.5
6.4,149.9,452.5
6.4,150.2,452.5
6.4,149.9,452.5
6.4,150.5,452.5
6.4,150.2,452.5
6.4,150.0,452.5
6.4,150.0,452.5
6.4,149.8,452.5
6.4,149.6,452.5
6.5,149.7,452.5
6.5,149.1,452.5
6.5,150.1,452.5
6.5,150.1,452.5
6.5,149.8,452.5
6.5,149.0,452.5
6.5,149.1,452.5
6.5,150.3,452.5
6.5,150.0,452.5
6.5,150.6,452.5
6.5,149.8,452.5
6.5,149.9,452.5
6.5,149.8,452.5
6.5,149.4,452.5
6.5,149.7,452.7
6.6,149.5,452.7
6.6,148.1,452.7
6.6,148.7,452.7
6.6,148.6,452.7
6.6,150.7,452.7
6.6,150.3,452.7
6.6,150.1,452.7
6.6,149.4,452.7
6.6,148.6,452.7
6.6,149.2,452.7
6.6,150.7,452.8
6.6,150.3,452.7
6.6,150.3,452.8
6.6,148.2,452.8
6.6,150.1,452.8
6.7,148.2,452.8
6.7,147.8,452.8
6.7,147.8,452.8
6.7,147.6,452.8
6.7,148.5,452.8
6.7,150.1,452.8
6.7,148.1,452.8
6.7,148.5,452.8
6.7,148.6,452.8
6.7,150.6,452.8
6.7,150.2,452.8
6.7,147.7,452.8
6.7,149.2,452.8
6.7,150.1,452.8
6.7,150.5,452.8
6.8,148.2,452.8
6.8,147.5,452.9
6.8,146.5,452.9
6.8,150.1,452.9
6.8,141.9,452.9
6.8,140.7,452.9
6.8,134.3,452.9
6.8,129.3,452.9
6.8,126.0,452.9
6.8,113.5,452.7
6.8,120.7,452.6
6.9,116.5,452.6
6.9,119.8,452.6
6.9,116.1,452.6
6.9,116.0,452.6
6.9,117.1,452.6
6.9,114.7,452.6
6.9,114.1,452.6
6.9,114.1,452.6
6.9,114.3,452.6
6.9,115.3,452.6
6.9,116.3,452.6
6.9,116.6,452.7
7.0,118.8,452.7
7.0,116.6,452.7
7.0,118.2,452.7
7.0,117.0,452.7
7.0,117.9,452.7
7.0,117.6,452.7
7.0,118.3,452.7
7.0,117.7,452.7
7.0,118.6,452.7
7.0,117.1,452.7
7.0,117.6,452.7
7.0,119.3,452.7
7.1,120.6,452.7
7.1,119.5,452.7
7.1,120.9,452.7
7.1,121.7,452.7
7.1,122.5,452.7
7.1,124.4,452.6
7.1,125.3,452.6
7.1,126.0,452.7
7.1,128.7,452.7
7.1,128.5,452.7
7.1,131.0,452.7
7.1,131.5,452.7
7.1,132.2,452.7
7.2,133.6,452.7
7.2,133.4,452.7
7.2,135.7,452.7
7.2,134.9,452.7
7.2,136.8,452.6
7.2,136.5,452.6
7.2,137.0,452.6
7.2,138.8,452.6
7.2,137.1,452.6
7.2,139.2,452.6
7.2,140.1,452.6
7.2,139.4,452.6
7.2,140.5,452.6
7.2,139.3,452.6
7.3,140.7,452.6
7.3,139.7,452.7
7.3,141.0,452.7
7.3,143.2,452.7
7.3,140.2,452.7
7.3,141.3,452.7
7.3,138.9,452.7
7.3,141.2,452.7
7.3,142.7,452.7
7.3,140.6,452.7
7.3,141.7,452.7
7.3,140.4,452.7
7.3,141.1,452.7
7.3,137.8,452.7
7.4,140.4,452.7
7.4,142.0,452.7
7.4,139.3,452.7
7.4,141.1,452.7
7.4,139.6,452.7
7.4,142.3,452.7
7.4,139.9,452.7
7.4,142.4,452.7
7.4,141.7,452.7
7.4,141.5,452.7
7.4,141.8,452.7
7.4,142.0,452.7
7.4,142.9,452.7
7.4,143.7,452.7
7.4,141.0,452.7
7.5,143.3,452.7
7.5,141.8,452.7
7.5,141.3,452.7
7.5,140.3,452.7
7.5,141.7,452.7
7.5,143.2,452.7
7.5,140.9,452.7
7.5,142.1,452.7
7.5,142.1,452.7
7.5,141.4,452.7
7.5,142.2,452.7
7.5,141.4,452.7
7.5,142.9,452.7
7.5,139.9,452.7
7.6,143.8,452.7
7.6,140.8,452.7
7.6,143.4,452.7
7.6,144.0,452.7
7.6,141.3,452.7
7.6,141.7,452.7
7.6,142.4,452.7
7.6,141.8,452.7
7.6,142.0,452.8
7.6,141.5,452.6
7.6,142.2,452.6
7.6,141.9,452.6
7.6,143.5,452.6
7.6,140.7,452.7
7.7,141.3,452.7
7.7,138.4,452.7
7.7,140.6,452.7
7.7,138.7,452.7
7.7,140.3,452.7
7.7,140.6,452.7
7.7,140.2,452.7
7.7,141.0,452.7
7.7,139.9,452.7
7.7,141.2,452.7
7.7,141.8,452.7
7.7,141.1,452.7
7.7,142.2,452.7
7.7,140.7,452.7
7.8,142.0,452.7
7.8,139.1,452.7
7.8,140.4,452.7
7.8,141.2,452.7
7.8,141.6,452.7
7.8,140.4,452.7
7.8,137.9,452.7
7.8,135.7,452.7
7.8,132.1,452.7
7.8,132.2,452.7
7.8,129.1,452.7
7.8,126.4,452.7
7.8,126.0,452.7
7.9,124.3,452.7
7.9,124.2,452.7
7.9,124.3,452.7
7.9,124.3,452.7
7.9,125.1,452.7
7.9,125.0,452.7
7.9,126.6,452.7
7.9,127.2,452.7
7.9,127.5,452.7
7.9,127.7,452.7
7.9,130.1,452.7
7.9,131.4,452.7
7.9,132.8,452.7
8.0,133.3,452.7
8.0,109.7,452.7
8.0,107.0,452.8
8.0,107.8,452.8
8.0,113.4,452.8
8.0,118.2,452.8
8.0,122.5,452.8
8.0,122.5,452.8
8.0,121.9,452.8
8.0,124.2,452.8
8.0,121.9,452.8
8.1,124.0,452.8
8.1,122.0,452.8
8.1,125.5,452.8
8.1,122.5,452.8
8.1,125.5,452.8
8.1,122.7,452.8
8.1,124.4,452.8
8.1,122.1,452.8
8.1,125.5,452.9
8.1,122.5,452.8
8.1,125.6,452.8
8.1,120.0,452.8
8.2,125.7,452.8
8.2,122.4,452.8
8.2,124.2,452.8
8.2,123.0,452.8
8.2,124.2,452.8
8.2,121.4,452.8
8.2,122.9,452.8
8.2,119.7,452.8
8.2,120.6,452.8
8.2,119.4,452.8
8.2,107.0,452.8
8.3,109.7,452.8
8.3,117.9,452.8
8.3,126.2,452.8
8.3,135.7,452.8
8.3,140.2,452.8
8.3,140.3,452.8
8.3,141.9,452.8
8.3,142.0,452.8
8.3,142.9,452.8
8.3,144.1,452.8
8.3,144.1,452.8
8.3,145.4,452.8
8.3,145.6,452.8
8.3,145.6,452.8
8.3,146.7,452.8
8.3,146.5,452.8
8.3,147.1,452.8
8.4,148.1,452.8
8.4,148.5,452.8
8.4,148.4,452.8
8.4,149.1,452.8
8.4,149.1,452.8
8.4,148.9,452.8
8.4,148.4,452.8
8.4,149.2,452.8
8.4,148.9,452.8
8.4,149.7,452.8
8.4,149.8,452.8
8.4,149.8,452.8
8.4,149.8,452.8
8.4,150.1,452.8
8.4,150.4,452.8
8.5,150.0,452.8
8.5,150.0,452.8
8.5,148.6,452.8
8.5,150.1,452.8
8.5,150.8,452.8
8.5,150.6,452.8
8.5,150.4,452.8
8.5,150.7,452.8
8.5,150.6,452.8
8.5,150.8,452.8
8.5,149.5,452.8
8.5,150.9,452.8
8.5,150.9,452.8
8.5,151.0,452.8
8.5,149.4,452.8
8.6,149.5,452.8
8.6,151.0,452.8
8.6,151.2,452.8
8.6,151.1,452.8
8.6,150.7,452.8
8.6,151.0,452.8
8.6,150.3,452.8
8.6,150.5,452.8
8.6,151.0,452.8
8.6,150.7,452.8
8.6,150.8,452.8
8.6,150.3,452.8
8.6,150.4,452.8
8.6,150.7,452.8
8.6,150.4,452.8
8.7,150.4,452.8
8.7,149.5,452.8
8.7,150.0,452.9
8.7,150.0,452.9
8.7,147.6,452.9
8.7,148.9,452.9
8.7,148.8,452.9
8.7,149.1,452.9
8.7,149.6,452.9
8.7,149.6,452.9
8.7,149.0,452.9
8.7,149.4,452.9
8.7,150.1,452.9
8.7,150.3,452.9
8.7,150.1,452.9
8.8,148.8,452.9
8.8,149.1,452.9
8.8,150.8,452.9
8.8,150.5,452.9
8.8,150.5,452.9
8.8,148.9,452.9
8.8,149.3,452.9
8.8,151.4,452.9
8.8,146.7,452.9
8.8,147.1,452.9
8.8,144.0,452.9
8.8,140.3,452.9
8.8,137.5,452.9
8.9,121.3,452.9
8.9,109.5,452.9
8.9,109.8,452.9
8.9,110.4,452.9
8.9,112.0,452.9
8.9,113.9,452.9
8.9,115.4,452.9
8.9,117.1,452.9
8.9,119.4,452.9
8.9,119.5,452.9
8.9,121.9,452.9
9.0,122.2,452.9
9.0,123.6,452.9
9.0,126.1,452.9
9.0,126.4,452.9
9.0,127.1,452.9
9.0,128.1,452.9
9.0,129.2,452.9
9.0,129.7,452.9
9.0,130.1,452.9
9.0,131.7,452.9
9.0,132.1,453.0
9.0,132.7,453.0
9.0,142.1,453.0
9.0,147.7,453.0
9.0,157.7,453.0
9.0,162.9,453.0
9.0,163.4,453.0
9.1,159.7,453.0
9.1,159.2,453.0
9.1,158.1,453.0
9.1,156.5,453.0
9.1,156.0,453.0
9.1,156.5,453.0
9.1,155.0,453.0
9.1,156.1,453.0
9.1,153.5,453.0
9.1,153.5,453.0
9.1,154.5,453.0
9.1,154.2,453.0
9.1,154.0,453.0
9.1,152.4,453.0
9.2,153.1,453.0
9.2,151.3,453.0
9.2,152.8,452.9
9.2,152.7,452.9
9.2,152.0,452.9
9.2,152.0,452.9
9.2,151.8,452.9
9.2,150.7,452.9
9.2,151.2,452.9
9.2,151.3,452.9
9.2,151.6,452.9
9.2,150.8,452.9
9.2,151.0,452.9
9.2,150.9,452.9
9.2,149.6,452.9
9.3,151.0,452.9
9.3,150.7,452.9
9.3,150.9,452.9
9.3,150.5,452.9
9.3,150.3,452.9
9.3,150.5,452.9
9.3,150.5,452.9
9.3,150.9,452.9
9.3,150.2,452.9
9.3,150.3,452.9
9.3,149.8,452.9
9.3,150.1,452.9
9.3,150.6,452.9
9.3,150.4,452.9
9.3,148.9,453.1
9.4,149.9,453.1
9.4,148.3,453.1
9.4,149.3,453.1
9.4,150.4,453.1
9.4,148.7,453.1
9.4,150.9,453.1
9.4,150.4,453.1
9.4,151.0,453.1
9.4,149.8,453.1
9.4,150.3,453.2
9.4,149.8,453.1
9.4,151.1,453.2
9.4,150.0,453.2
9.4,151.5,453.2
9.4,151.3,453.2
9.4,150.8,453.2
9.5,150.7,453.2
9.5,148.8,453.2
9.5,149.6,453.2
9.5,150.9,453.2
9.5,149.1,453.2
9.5,149.1,453.2
9.5,152.0,453.2
9.5,149.4,453.2
9.5,150.7,453.2
9.5,150.6,453.2
9.5,150.4,453.2
9.5,150.4,453.2
9.5,150.2,453.2
9.5,148.5,453.2
9.6,148.0,453.2
9.6,149.5,453.2
9.6,148.0,453.2
9.6,149.4,453.2
9.6,147.6,453.2
9.6,146.0,453.2
9.6,148.5,453.2
9.6,148.1,453.2
9.6,148.5,453.2
9.6,147.9,453.2
9.6,147.2,453.2
9.6,148.6,453.2
9.6,148.8,453.2
9.6,148.9,453.2
9.6,149.9,453.2
9.7,147.8,453.2
9.7,148.5,453.2
9.7,148.7,453.3
9.7,148.3,453.3
9.7,148.3,453.3
9.7,147.5,453.3
9.7,148.7,453.3
9.7,149.7,453.3
9.7,148.1,453.3
9.7,148.0,453.3
9.7,148.1,453.3
9.7,148.3,453.3
9.7,149.6,453.3
9.7,148.4,453.3
9.7,148.5,453.3
9.8,149.1,453.3
9.8,149.8,453.3
9.8,149.1,453.3
9.8,149.2,453.3
9.8,149.7,453.3
9.8,149.7,453.3
9.8,149.4,453.3
9.8,149.5,453.3
9.8,147.5,453.3
9.8,145.6,453.3
9.8,142.8,453.3
9.8,141.2,453.3
9.8,139.3,453.3
9.8,137.0,453.3
9.9,134.1,453.3
9.9,132.6,453.4
9.9,132.2,453.4
9.9,132.3,453.4
9.9,132.6,453.4
9.9,133.1,453.4
9.9,134.1,453.4
9.9,135.0,453.4
9.9,136.3,453.4
9.9,135.4,453.1
9.9,137.9,453.0
9.9,138.7,453.0
9.9,140.0,453.0
9.9,141.4,453.0
10.0,142.1,453.0
10.0,142.9,452.9
10.0,142.9,452.9
10.0,144.2,452.9
10.0,145.2,452.9
10.0,145.6,453.0
10.0,146.1,453.0
10.0,133.2,453.0
10.0,133.5,453.1
10.0,135.8,453.1
10.0,144.0,453.1
10.0,121.0,453.1
10.0,128.1,453.1
10.1,136.9,453.1
10.1,145.9,453.1
10.1,155.1,453.1
10.1,160.2,453.1
10.1,160.8,453.1
10.1,158.2,453.1
10.1,157.6,453.1
10.1,156.8,453.1
10.1,155.7,453.1
10.1,154.1,453.1
10.1,156.4,453.1
10.1,154.7,453.1
10.1,155.2,453.1
10.1,153.3,453.1
10.1,154.5,453.1
10.1,152.0,453.1
10.1,151.9,453.1
10.2,152.7,453.1
10.2,151.3,453.1
10.2,153.7,453.1
10.2,151.4,453.1
10.2,153.0,453.1
10.2,152.7,453.1
10.2,151.1,453.1
10.2,149.1,453.1
10.2,150.7,453.1
10.2,152.4,453.1
10.2,151.2,453.1
10.2,150.9,453.1
10.2,150.5,453.1
10.2,151.6,453.1
10.2,150.7,453.1
10.3,151.0,453.1
10.3,150.5,453.1
10.3,150.9,453.1
10.3,151.9,453.1
10.3,150.6,453.1
10.3,150.2,453.1
10.3,151.4,453.1
10.3,150.4,453.1
10.3,151.6,453.1
10.3,150.2,453.1
10.3,152.1,453.1
10.3,149.9,453.1
10.3,150.1,453.1
10.3,150.4,453.1
10.3,150.3,453.1
10.4,151.5,453.1
10.4,151.2,453.1
10.4,149.9,453.1
10.4,149.7,453.1
10.4,150.2,453.1
10.4,151.5,453.2
10.4,150.5,453.2
10.4,150.2,453.0
10.4,151.3,453.0
10.4,151.7,453.0
10.4,150.8,453.0
10.4,150.6,453.0
10.4,150.7,453.0
10.4,150.7,453.0
10.4,150.9,453.0
10.5,149.8,453.0
10.5,149.9,453.0
10.5,150.7,453.0
10.5,150.9,453.0
10.5,150.9,453.0
10.5,150.8,453.0
10.5,150.3,453.0
10.5,150.9,453.0
10.5,150.4,453.0
10.5,151.2,453.0
10.5,150.8,453.0
10.5,150.5,453.0
10.5,150.7,453.0
10.5,150.8,453.0
10.5,150.8,453.0
10.6,150.8,453.0
10.6,150.3,453.0
10.6,150.8,453.0
10.6,150.4,453.0
10.6,151.1,453.0
10.6,136.5,453.0
10.6,137.1,453.0
10.6,137.9,453.0
10.6,147.5,453.0
10.6,154.5,453.0
10.6,153.6,453.0
10.6,152.8,453.0
10.6,152.6,453.0
10.6,152.2,453.0
10.6,152.0,453.0
10.7,152.1,453.0
10.7,149.8,453.1
10.7,150.3,453.1
10.7,148.8,453.1
10.7,150.3,453.1
10.7,149.6,453.1
10.7,149.9,453.1
10.7,147.6,453.1
10.7,150.4,453.1
10.7,148.8,453.1
10.7,150.8,453.1
10.7,150.5,453.1
10.7,150.3,453.1
10.7,150.6,453.1
10.7,150.7,453.1
10.8,150.5,453.1
10.8,150.3,453.1
10.8,150.3,453.1
10.8,148.8,453.1
10.8,149.4,453.1
10.8,151.3,453.1
10.8,149.4,453.1
10.8,147.7,453.1
10.8,145.7,453.1
10.8,144.1,453.1
10.8,141.4,453.1
10.8,139.2,453.1
10.8,136.3,453.1
10.9,133.6,453.1
10.9,133.7,453.1
10.9,131.9,453.1
10.9,131.1,453.1
10.9,131.7,453.1
10.9,131.6,453.1
10.9,131.5,453.1
10.9,133.0,453.1
10.9,131.8,453.1
10.9,132.8,453.1
10.9,133.6,453.1
10.9,135.0,453.1
10.9,137.2,453.1
10.9,136.8,453.1
11.0,138.1,453.1
11.0,138.9,453.1
11.0,141.4,453.1
11.0,139.8,453.1
11.0,143.0,453.3
11.0,142.0,453.3
11.0,142.7,453.3
11.0,143.3,453.3
11.0,143.8,453.4
11.0,144.6,453.4
11.0,145.2,453.4
11.0,145.7,453.4
11.0,147.8,453.4
11.0,146.2,453.4
11.0,147.1,453.4
11.1,148.5,453.4
11.1,147.4,453.4
11.1,148.0,453.4
11.1,147.7,453.4
11.1,148.5,453.4
11.1,149.0,453.4
11.1,149.2,453.4
11.1,148.8,453.4
11.1,149.0,453.3
11.1,135.4,453.3
11.1,135.8,453.3
11.1,135.7,453.3
11.1,144.0,453.3
11.1,153.7,453.3
11.1,154.4,453.3
11.2,153.2,453.3
11.2,150.8,453.3
11.2,151.9,453.4
11.2,150.0,453.4
11.2,150.2,453.4
11.2,149.8,453.4
11.2,150.4,453.4
11.2,148.6,453.4
11.2,149.2,453.4
11.2,148.3,453.4
11.2,149.9,453.4
11.2,147.7,453.4
11.2,133.9,453.4
11.3,134.6,453.4
11.3,135.5,453.4
11.3,145.3,453.4
11.3,152.7,453.4
11.3,153.1,453.4
11.3,149.9,453.4
11.3,148.2,453.4
11.3,149.8,453.4
11.3,150.0,453.4
11.3,151.3,453.4
11.3,149.3,453.4
11.3,148.5,453.4
11.3,135.7,453.4
11.3,136.5,453.4
11.3,137.2,453.4
11.3,145.8,453.4
11.4,153.2,453.4
11.4,153.2,453.4
11.4,151.9,453.4
11.4,152.7,453.4
11.4,152.9,453.4
11.4,152.2,453.4
11.4,152.2,453.4
11.4,150.9,453.4
11.4,150.1,453.4
11.4,150.9,453.4
11.4,150.3,453.4
11.4,150.1,453.4
11.4,150.3,453.4
11.4,150.5,453.4
11.4,150.5,453.4
11.5,151.6,453.4
11.5,149.6,453.4
11.5,151.5,453.4
11.5,150.2,453.5
11.5,150.0,453.5
11.5,150.0,453.5
11.5,149.4,453.5
11.5,149.7,453.5
11.5,150.1,453.5
11.5,149.6,453.5
11.5,149.7,453.5
11.5,149.9,453.5
11.5,151.1,453.5
11.5,150.1,453.5
11.5,149.7,453.7
11.6,149.7,453.7
11.6,149.5,453.7
11.6,149.8,453.7
11.6,150.3,453.7
11.6,151.9,453.7
11.6,135.8,453.7
11.6,136.3,453.7
11.6,137.3,453.6
11.6,145.8,453.6
11.6,153.5,453.6
11.6,153.5,453.6
11.6,153.7,453.6
11.6,152.2,453.6
11.6,137.8,453.6
11.7,137.8,453.6
11.7,138.7,453.6
11.7,147.7,453.6
11.7,156.0,453.7
11.7,153.9,453.6
11.7,153.3,453.7
11.7,152.7,453.7
11.7,151.4,453.7
11.7,152.0,453.7
11.7,149.5,453.7
11.7,151.0,453.7
11.7,149.6,453.7
11.7,149.1,453.7
11.7,149.7,453.7
11.7,149.3,453.7
11.7,149.0,453.7
11.8,149.1,453.7
11.8,149.2,453.7
11.8,148.8,453.7
11.8,149.0,453.8
11.8,149.2,453.7
11.8,149.7,453.7
11.8,135.1,453.7
11.8,135.6,453.8
11.8,137.1,453.8
11.8,146.1,453.8
11.8,150.0,453.8
11.8,147.6,453.8
11.8,144.5,453.8
11.8,142.6,453.8
11.9,139.3,453.8
11.9,136.5,453.8
11.9,133.6,453.8
11.9,132.5,453.8
11.9,131.4,453.8
11.9,131.7,453.8
11.9,131.7,453.8
11.9,132.3,453.8
11.9,132.9,453.8
11.9,133.3,453.8
11.9,134.5,453.8
11.9,135.1,453.8
11.9,136.2,453.8
12.0,137.6,453.8
12.0,138.1,453.8
12.0,138.9,453.8
12.0,140.1,453.8
12.0,141.3,453.8
12.0,141.7,453.8
12.0,142.4,453.9
12.0,143.1,453.9
12.0,143.6,453.9
12.0,145.1,453.9
12.0,146.6,453.9
12.0,145.1,453.9
12.0,145.6,453.7
12.0,146.3,453.7
12.0,147.9,453.7
12.1,146.6,453.7
12.1,147.1,453.7
12.1,147.3,453.7
12.1,147.3,453.7
12.1,148.2,453.7
12.1,148.6,453.8
12.1,148.6,453.7
12.1,148.5,453.7
12.1,148.7,453.7
12.1,149.0,453.7
12.1,149.6,453.7
12.1,149.2,453.7
12.1,149.0,453.7
12.1,149.5,453.7
12.1,149.5,453.7
12.2,150.2,453.7
12.2,149.8,453.7
12.2,148.9,453.7
12.2,150.1,453.7
12.2,150.6,453.7
12.2,150.3,453.7
12.2,150.1,453.7
12.2,149.0,453.7
12.2,150.3,453.7
12.2,150.6,453.7
12.2,152.1,453.7
12.2,150.2,453.7
12.2,148.7,453.7
12.2,150.0,453.7
12.2,150.1,453.7
12.3,150.7,453.7
12.3,150.3,453.7
12.3,148.7,453.7
12.3,151.8,453.7
12.3,150.3,453.7
12.3,150.7,453.7
12.3,152.1,453.7
12.3,147.9,453.7
12.3,151.7,453.7
12.3,152.1,453.7
12.3,150.2,453.7
12.3,149.8,453.7
12.3,150.6,453.7
12.3,150.1,453.7
12.3,152.4,453.7
12.4,150.3,453.7
12.4,150.1,453.7
12.4,147.8,453.4
12.4,150.6,453.2
12.4,152.3,453.2
12.4,150.5,453.2
12.4,150.3,453.2
12.4,152.3,453.2
12.4,151.9,453.2
12.4,150.8,453.2
12.4,152.0,453.2
12.4,149.9,453.2
12.4,150.7,453.2
12.4,150.7,453.2
12.4,152.3,453.2
12.5,150.7,453.2
12.5,152.0,453.2
12.5,150.4,453.2
12.5,150.2,453.2
12.5,151.9,453.2
12.5,151.8,453.2
12.5,149.3,453.2
12.5,151.7,453.2
12.5,150.1,453.2
12.5,151.8,453.2
12.5,149.8,453.2
12.5,149.9,453.3
12.5,150.1,453.3
12.5,151.6,453.3
12.5,149.8,453.3
12.6,151.4,453.3
12.6,149.5,453.3
12.6,150.4,453.3
12.6,150.2,453.3
12.6,150.0,453.3
12.6,150.5,453.3
12.6,148.6,453.3
12.6,151.9,453.3
12.6,151.5,453.3
12.6,152.0,453.3
12.6,151.4,453.3
12.6,151.5,453.3
12.6,149.6,453.1
12.6,151.3,453.1
12.6,151.2,453.1
12.7,151.2,453.1
12.7,150.8,453.1
12.7,151.0,453.1
12.7,150.7,453.1
12.7,150.7,453.1
12.7,150.1,453.2
12.7,149.7,453.2
12.7,140.0,453.2
12.7,136.2,453.2
12.7,137.0,453.2
12.7,138.1,453.2
12.7,148.2,453.2
12.7,153.7,453.2
12.7,152.4,453.2
12.7,152.7,453.2
12.8,153.1,453.2
12.8,151.9,453.2
12.8,152.2,453.2
12.8,150.6,453.2
12.8,151.3,453.2
12.8,152.0,453.2
12.8,151.1,453.2
12.8,145.1,453.2
12.8,112.3,587.0
12.8,113.5,588.7
12.8,121.1,593.4
12.8,128.6,593.7
12.8,137.0,594.4
12.9,147.4,595.0
12.9,152.0,596.0
12.9,148.5,596.8
12.9,144.0,597.3
12.9,141.7,597.8
12.9,138.8,598.9
12.9,136.1,599.3
12.9,135.1,600.4
12.9,134.6,600.8
12.9,135.0,601.3
12.9,134.8,602.5
12.9,135.4,602.9
12.9,136.2,603.9
12.9,137.3,604.2
13.0,138.5,604.8
13.0,140.2,606.0
13.0,140.3,606.3
13.0,141.1,607.0
13.0,142.4,608.0
13.0,144.0,608.4
13.0,143.3,609.0
13.0,144.6,610.2
13.0,145.1,610.5
13.0,145.4,611.2
13.0,146.2,612.3
13.0,146.0,612.5
13.0,147.0,613.2
13.0,133.6,614.3
13.1,122.9,615.1
13.1,125.5,615.7
13.1,125.5,616.2
13.1,133.7,617.0
13.1,141.5,617.9
13.1,150.9,618.3
13.1,155.8,619.0
13.1,156.9,619.7
13.1,156.4,620.7
13.1,154.1,621.0
13.1,153.7,621.6
13.1,139.6,622.6
13.1,125.1,623.4
13.2,128.4,623.6
13.2,128.8,624.4
13.2,130.6,625.4
13.2,131.0,625.7
13.2,131.8,626.8
13.2,132.4,627.0
13.2,131.5,627.9
13.2,132.3,628.9
13.2,133.0,629.1
13.2,134.5,629.8
13.2,144.3,630.6
13.2,147.7,631.6
13.2,148.1,632.2
13.2,134.1,633.0
13.2,142.5,633.3
13.3,147.9,634.1
13.3,158.2,634.7
13.3,163.8,635.4
13.3,162.0,636.6
13.3,161.2,636.9
13.3,159.9,637.6
13.3,157.5,638.7
13.3,157.3,638.9
13.3,156.3,639.7
13.3,155.9,640.7
13.3,155.2,641.0
13.3,154.3,641.8
13.3,154.1,642.9
13.3,154.1,643.5
13.3,153.5,643.8
13.3,153.5,644.8
13.4,152.2,645.4
13.4,152.5,646.0
13.4,152.5,646.8
13.4,152.0,647.4
13.4,151.9,648.0
13.4,151.7,649.1
13.4,151.3,649.6
13.4,151.7,650.1
13.4,151.7,651.3
13.4,149.7,651.5
13.4,150.8,652.2
13.4,149.9,653.3
13.4,149.9,653.6
13.4,137.0,654.7
13.5,125.7,654.9
13.5,133.2,656.1
13.5,141.2,656.4
13.5,151.1,657.1
13.5,156.1,657.8
13.5,155.8,658.5
13.5,155.3,659.6
13.5,153.7,659.8
13.5,153.9,660.5
13.5,153.1,661.6
13.5,153.3,661.9
13.5,152.7,662.5
13.5,152.1,663.8
13.5,151.6,664.0
13.5,151.8,664.7
13.5,152.0,665.8
13.6,151.3,666.3
13.6,151.2,667.1
13.6,151.0,667.5
13.6,150.0,668.1
13.6,151.3,668.9
13.6,151.5,669.9
13.6,151.0,670.2
13.6,151.3,670.9
13.6,150.7,672.1
13.6,151.2,672.3
13.6,150.9,673.0
13.6,150.6,674.1
13.6,149.3,674.5
13.6,150.1,675.5
13.6,150.2,675.8
13.7,135.9,676.9
13.7,124.4,677.2
13.7,125.8,678.3
13.7,127.0,678.7
13.7,126.4,679.4
13.7,128.5,680.4
13.7,129.0,680.8
13.7,138.0,681.6
13.7,144.5,682.1
13.7,154.0,683.2
13.7,159.5,683.5
13.7,158.9,684.3
13.7,158.7,684.9
13.7,157.5,686.0
13.8,156.4,686.3
13.8,155.4,687.0
13.8,154.6,688.1
13.8,155.0,688.5
13.8,153.9,689.1
13.8,153.7,690.2
13.8,153.1,690.6
13.8,151.8,691.2
13.8,152.1,692.3
13.8,150.6,692.7
13.8,149.4,693.4
13.8,146.6,694.5
13.8,142.5,694.7
13.8,143.7,695.8
13.9,141.0,696.0
13.9,139.6,696.8
13.9,137.0,698.0
13.9,135.7,698.3
13.9,135.4,699.4
13.9,133.5,699.7
13.9,134.3,700.3
13.9,124.1,701.4
13.9,114.1,702.2
13.9,121.8,702.6
13.9,129.3,703.1
13.9,137.0,703.8
13.9,145.7,704.4
13.9,144.8,705.5
14.0,132.2,706.1
14.0,121.4,706.5
14.0,129.0,707.5
14.0,137.0,708.3
14.0,146.5,708.7
14.0,152.8,709.3
14.0,151.8,710.1
14.0,153.6,711.1
14.0,151.7,711.4
14.0,153.1,712.1
14.0,151.4,713.2
14.0,152.0,713.8
14.0,148.5,714.2
14.0,150.9,715.3
14.0,150.4,715.7
14.1,151.8,716.2
14.1,150.4,717.4
14.1,151.2,717.7
14.1,150.6,718.4
14.1,150.6,719.5
14.1,150.3,719.7
14.1,149.9,720.6
14.1,151.5,721.5
14.1,151.0,722.1
14.1,151.3,722.5
14.1,151.4,723.6
14.1,151.1,723.9
14.1,151.1,724.6
14.1,150.7,725.6
14.1,150.6,725.9
14.2,136.5,727.0
14.2,136.9,727.3
14.2,136.8,728.0
14.2,146.2,728.6
14.2,154.8,729.8
14.2,153.9,730.1
14.2,153.8,731.0
14.2,153.0,731.8
14.2,152.7,732.1
14.2,152.3,732.7
14.2,152.6,733.7
14.2,151.4,734.1
14.2,149.9,734.8
14.2,151.3,735.6
14.2,151.2,736.2
14.3,151.3,736.9
14.3,151.1,738.0
14.3,149.5,738.4
14.3,150.3,738.9
14.3,150.7,739.9
14.3,151.0,740.5
14.3,150.7,741.1
14.3,149.3,742.3
14.3,150.9,742.5
14.3,149.4,743.4
14.3,151.0,744.3
14.3,150.4,744.7
14.3,149.1,745.2
14.3,150.7,746.2
14.3,150.9,746.8
14.4,150.2,747.5
14.4,150.5,748.8
14.4,148.9,749.1
14.4,148.6,749.7
14.4,149.4,750.9
14.4,150.7,751.2
14.4,150.3,751.8
14.4,149.3,752.7
14.4,149.1,753.3
14.4,150.7,753.9
14.4,149.9,755.0
14.4,150.7,755.3
14.4,149.2,756.1
14.4,151.2,757.2
14.4,151.5,757.5
14.5,151.3,758.2
14.5,149.5,759.3
14.5,148.6,759.6
14.5,149.9,760.5
14.5,150.0,761.4
14.5,150.4,761.7
14.5,150.5,762.4
14.5,150.9,763.5
14.5,149.4,763.8
14.5,151.3,764.4
14.5,149.3,765.6
14.5,150.5,765.9
14.5,148.8,766.5
14.5,150.0,767.7
14.5,148.3,768.2
14.6,149.8,768.8
14.6,149.2,769.7
14.6,148.9,770.3
14.6,147.1,770.8
14.6,147.8,771.8
14.6,147.2,772.2
14.6,147.5,773.2
14.6,148.6,774.0
14.6,146.6,774.2
14.6,146.9,774.9
14.6,147.0,776.1
14.6,147.1,776.5
14.6,147.0,777.0
14.6,146.6,778.1
14.7,145.2,778.5
14.7,133.9,779.6
14.7,134.5,779.9
14.7,135.4,780.5
14.7,144.7,781.7
14.7,151.1,782.0
14.7,151.0,782.6
14.7,150.0,783.4
14.7,149.7,784.5
14.7,149.2,784.8
14.7,148.3,786.0
14.7,147.9,786.5
14.7,147.6,787.0
14.7,147.9,788.1
14.7,148.2,788.4
14.8,148.0,789.1
14.8,149.2,790.3
14.8,149.7,790.5
14.8,148.0,791.3
14.8,148.5,792.4
14.8,149.5,792.9
14.8,148.4,793.4
14.8,148.6,794.5
14.8,148.6,795.1
14.8,149.0,795.5
14.8,148.8,796.5
14.8,148.8,797.1
14.8,149.1,797.5
14.8,148.7,798.8
14.8,147.5,799.4
14.9,130.6,800.2
14.9,116.7,800.9
14.9,124.1,801.2
14.9,128.2,801.9
14.9,136.2,802.0
14.9,141.5,802.2
14.9,141.7,802.4
14.9,138.9,802.3
14.9,137.5,802.5
14.9,136.5,802.2
14.9,136.3,802.6
14.9,135.0,802.6
15.0,135.2,802.3
15.0,133.9,802.2
15.0,123.6,802.1
15.0,115.2,802.1
15.0,122.4,801.9
15.0,129.9,801.7
15.0,138.2,801.9
15.0,146.3,802.0
15.0,146.1,802.0
15.0,146.9,801.9
15.0,146.7,802.2
15.0,147.0,802.1
15.0,147.4,802.2
15.0,147.6,802.2
15.0,147.7,802.2
15.1,148.3,802.2
15.1,147.7,802.2
15.1,148.1,801.8
15.1,148.7,802.2
15.1,148.8,802.2
15.1,148.7,802.1
15.1,148.3,801.9
15.1,149.0,802.3
15.1,149.1,802.3
15.1,149.5,802.0
15.1,149.3,802.4
15.1,148.9,802.4
15.1,149.3,801.9
15.1,149.4,802.4
15.1,150.6,802.1
15.2,150.6,802.4
15.2,135.6,802.5
15.2,136.1,802.4
15.2,137.7,802.6
15.2,145.4,802.5
15.2,154.3,802.6
15.2,152.9,802.4
15.2,154.2,802.6
15.2,151.4,802.6
15.2,151.9,802.3
15.2,137.2,802.7
15.2,125.2,802.8
15.2,127.0,802.6
15.3,128.0,802.6
15.3,136.2,802.8
15.3,143.0,802.6
15.3,152.9,802.4
15.3,159.7,802.4
15.3,156.8,802.8
15.3,158.2,802.9
15.3,155.6,802.6
15.3,156.2,802.8
15.3,139.3,802.9
15.3,128.0,802.9
15.3,135.7,802.7
15.3,142.5,802.4
15.3,150.1,802.5
15.3,158.3,802.8
15.3,156.5,802.9
15.4,156.1,802.9
15.4,155.9,802.9
15.4,156.0,803.0
15.4,155.1,803.0
15.4,154.1,802.6
15.4,137.4,802.9
15.4,126.2,803.0
15.4,127.5,802.6
15.4,128.7,802.9
15.4,137.7,802.4
15.4,144.8,802.7
15.4,155.2,802.4
15.4,160.4,802.4
15.4,158.6,802.9
15.4,158.0,802.8
15.5,157.6,802.7
15.5,156.2,803.0
15.5,155.8,802.5
15.5,154.9,802.8
15.5,154.5,803.0
15.5,154.4,803.0
15.5,153.2,802.7
15.5,152.7,803.2
15.5,152.7,802.9
15.5,152.5,803.0
15.5,152.5,803.2
15.5,151.2,803.1
15.5,151.7,802.8
15.5,150.9,803.3
15.5,151.3,803.2
15.6,151.0,802.9
15.6,150.7,803.3
15.6,150.7,803.0
15.6,150.9,802.9
15.6,151.0,803.4
15.6,150.9,803.0
15.6,150.7,802.9
15.6,150.8,803.3
15.6,150.3,803.0
15.6,150.1,803.2
15.6,150.7,803.4
15.6,150.5,803.2
15.6,150.6,803.1
15.6,150.4,803.4
15.6,150.6,803.1
15.7,149.8,803.1
15.7,135.9,803.4
15.7,136.6,803.1
15.7,138.0,803.4
15.7,146.7,803.0
15.7,152.4,803.1
15.7,152.5,803.0
15.7,151.7,803.6
15.7,150.8,803.2
15.7,149.4,803.5
15.7,150.3,803.7
15.7,150.2,803.5
15.7,150.0,803.3
15.7,149.4,803.8
15.7,149.6,803.6
15.8,148.7,803.5
15.8,149.4,803.9
15.8,150.0,803.5
15.8,149.7,803.5
15.8,150.2,804.0
15.8,150.0,803.5
15.8,150.5,803.8
15.8,150.2,804.0
15.8,150.1,803.7
15.8,148.8,803.6
15.8,148.4,804.0
15.8,149.1,803.7
15.8,150.4,803.9
15.8,148.2,804.1
15.9,145.0,804.0
15.9,144.9,804.1
15.9,141.5,804.1
15.9,139.0,803.7
15.9,137.0,804.1
15.9,135.8,803.9
15.9,132.9,804.1
15.9,133.4,803.9
15.9,133.0,804.1
15.9,132.9,804.1
15.9,134.3,804.0
15.9,135.6,804.0
15.9,136.6,804.2
16.0,138.4,803.9
16.0,138.0,803.8
16.0,139.1,804.3
16.0,140.3,804.0
16.0,140.6,804.1
16.0,141.5,804.5
16.0,142.1,804.1
16.0,143.5,804.2
16.0,144.0,804.7
16.0,144.1,804.6
16.0,146.3,804.3
16.0,144.9,804.9
16.0,145.8,804.5
16.0,133.8,804.9
16.1,122.0,804.6
16.1,129.2,804.9
16.1,136.8,804.8
16.1,145.9,804.8
16.1,153.1,804.8
16.1,154.8,804.6
16.1,152.9,805.0
16.1,152.1,804.8
16.1,152.1,805.0
16.1,151.6,805.1
16.1,151.8,804.9
16.1,151.6,805.0
16.1,152.0,805.2
16.1,151.9,804.7
16.1,150.4,805.1
16.1,150.0,805.1
16.2,150.9,804.7
16.2,150.2,805.3
16.2,135.0,805.3
16.2,135.7,805.3
16.2,136.5,804.8
16.2,144.9,805.1
16.2,151.8,805.1
16.2,152.3,805.3
16.2,152.3,805.0
16.2,150.3,805.1
16.2,149.9,805.4
16.2,149.2,805.4
16.2,148.5,805.1
16.2,148.8,805.6
16.2,148.8,805.2
16.3,148.9,805.7
16.3,148.6,805.7
16.3,148.5,805.4
16.3,148.1,805.5
16.3,148.4,805.8
16.3,148.4,805.5
16.3,149.9,805.8
16.3,148.5,805.8
16.3,149.5,805.4
16.3,148.4,805.8
16.3,149.9,805.9
16.3,148.4,805.6
16.3,149.9,805.5
16.3,148.2,806.0
16.3,148.4,805.8
16.4,148.4,805.5
16.4,150.2,806.0
16.4,148.7,805.6
16.4,149.5,805.5
16.4,148.6,806.0
16.4,148.6,805.6
16.4,148.8,805.8
16.4,149.5,806.0
16.4,148.3,805.6
16.4,150.4,805.6
16.4,148.5,806.0
16.4,148.8,805.6
16.4,148.5,805.6
16.4,147.9,806.0
16.4,150.2,805.6
16.5,148.4,805.8
16.5,148.4,806.1
16.5,149.0,805.7
16.5,148.5,805.9
16.5,150.2,806.2
16.5,148.2,805.8
16.5,150.1,806.1
16.5,148.7,806.1
16.5,149.4,806.0
16.5,148.3,805.7
16.5,148.3,806.1
16.5,148.2,805.8
16.5,148.4,806.0
16.5,148.3,806.1
16.6,148.1,806.0
16.6,148.6,806.0
16.6,148.7,806.4
16.6,148.7,806.1
16.6,148.3,806.3
16.6,147.0,806.5
16.6,148.9,806.1
16.6,149.3,806.2
16.6,149.4,806.6
16.6,149.0,806.4
16.6,150.5,806.1
16.6,148.9,806.9
16.6,148.6,806.5
16.6,149.2,807.0
16.6,148.9,807.1
16.7,148.2,806.7
16.7,148.6,806.9
16.7,148.4,807.0
16.7,134.8,807.1
16.7,135.3,807.2
16.7,136.4,806.7
16.7,145.7,806.8
16.7,152.1,807.0
16.7,150.9,807.4
16.7,151.1,807.2
16.7,149.7,807.4
16.7,148.3,807.0
16.7,149.8,807.0
16.7,147.3,807.5
16.7,148.1,807.4
16.8,148.2,807.2
16.8,147.9,807.6
16.8,149.6,807.2
16.8,147.7,807.3
16.8,148.2,807.6
16.8,148.1,807.3
16.8,147.9,807.3
16.8,147.7,807.8
16.8,147.7,807.4
16.8,148.1,807.2
16.8,147.6,807.7
16.8,147.8,807.3
16.8,148.0,807.5
16.8,147.5,807.7
16.9,145.4,807.4
16.9,143.4,807.2
16.9,142.0,807.7
16.9,139.2,807.5
16.9,137.4,807.7
16.9,134.2,807.4
16.9,132.7,807.8
16.9,131.8,807.3
16.9,131.7,807.4
16.9,131.3,807.8
16.9,131.7,807.6
16.9,132.3,807.9
16.9,132.7,807.9
17.0,133.8,807.5
17.0,134.9,807.5
17.0,136.2,808.0
17.0,137.5,807.6
17.0,138.5,807.7
17.0,139.9,807.9
17.0,140.1,807.5
17.0,141.3,807.7
17.0,141.8,808.0
17.0,142.7,808.0
17.0,142.9,808.0
17.0,143.8,808.1
17.0,144.3,807.5
17.0,144.4,807.9
17.0,145.7,807.8
17.1,145.8,807.7
17.1,145.9,808.0
17.1,146.7,807.6
17.1,146.6,807.9
17.1,147.0,807.9
17.1,147.2,807.8
17.1,146.1,807.5
17.1,147.6,807.9
17.1,147.6,807.7
17.1,147.8,807.7
17.1,148.0,808.0
17.1,147.9,807.7
17.1,148.1,807.5
17.1,148.3,808.0
17.1,148.3,807.7
17.2,148.3,807.5
17.2,149.3,808.0
17.2,148.0,807.7
17.2,134.4,807.3
17.2,134.8,807.2
17.2,136.5,806.9
17.2,144.7,807.1
17.2,151.3,807.2
17.2,151.4,807.0
17.2,152.7,807.0
17.2,151.5,807.2
17.2,150.3,807.0
17.2,149.9,807.0
17.2,150.3,807.1
17.2,150.2,806.9
17.3,150.0,807.1
17.3,149.6,807.2
17.3,149.0,807.0
17.3,148.9,807.1
17.3,149.9,807.2
17.3,150.0,807.0
17.3,147.8,806.8
17.3,149.6,807.3
17.3,149.2,806.9
17.3,148.1,806.8
17.3,148.3,807.3
17.3,149.5,807.0
17.3,148.1,806.9
17.3,147.0,807.4
17.4,148.0,807.4
17.4,148.3,806.9
17.4,148.1,807.3
17.4,147.8,807.4
17.4,147.8,807.4
17.4,134.1,807.5
17.4,123.3,807.5
17.4,130.9,807.4
17.4,138.0,807.4
17.4,138.5,807.2
17.4,126.7,807.4
17.4,134.1,807.4
17.4,141.3,807.4
17.4,142.7,807.1
17.5,129.5,807.5
17.5,137.5,807.3
17.5,142.7,807.2
17.5,152.0,807.2
17.5,158.5,807.4
17.5,157.7,807.5
17.5,157.4,807.5
17.5,156.1,807.4
17.5,139.7,807.5
17.5,126.3,807.4
17.5,133.7,807.4
17.5,142.7,807.3
17.5,152.0,807.0
17.5,157.8,807.2
17.5,154.8,807.5
17.6,154.4,807.0
17.6,153.6,807.0
17.6,153.1,807.5
17.6,154.2,807.1
17.6,151.8,807.0
17.6,150.9,807.5
17.6,151.8,807.1
17.6,150.5,807.0
17.6,150.1,807.5
17.6,149.6,807.2
17.6,149.6,807.0
17.6,149.1,807.3
17.6,150.1,807.3
17.6,150.3,806.9
17.6,150.2,807.2
17.7,149.6,806.8
17.7,149.4,806.8
17.7,149.0,807.3
17.7,147.7,806.8
17.7,134.1,807.2
17.7,134.9,807.2
17.7,136.0,807.3
17.7,144.4,806.9
17.7,149.7,806.9
17.7,151.0,806.9
17.7,150.3,807.3
17.7,149.5,806.9
17.7,149.1,806.9
17.7,148.3,807.3
17.7,148.6,806.9
17.8,148.2,806.9
17.8,148.4,807.4
17.8,148.2,807.4
17.8,148.0,807.1
17.8,148.3,807.3
17.8,148.3,806.8
17.8,148.3,806.8
17.8,148.4,807.2
17.8,147.8,806.7
17.8,146.7,806.9
17.8,146.8,807.1
17.8,148.2,806.8
17.8,147.8,806.7
17.8,145.5,807.1
17.9,142.0,806.8
17.9,140.3,807.1
17.9,138.6,807.1
17.9,137.7,806.7
17.9,135.5,807.1
17.9,132.5,806.7
17.9,129.3,807.1
17.9,132.0,807.0
17.9,126.9,807.0
17.9,133.4,807.1
17.9,124.6,807.0
17.9,132.2,807.0
18.0,123.2,806.8
18.0,132.2,806.6
18.0,138.4,807.0
18.0,134.9,806.5
18.0,141.9,806.9
18.0,129.4,807.0
18.0,138.3,806.7
18.0,144.2,806.7
18.0,140.9,807.1
18.0,146.9,806.6
18.0,133.7,807.1
18.0,141.4,806.9
18.0,149.0,806.6
18.0,144.8,806.6
18.0,150.5,807.0
18.1,136.7,806.8
18.1,145.2,806.9
18.1,151.1,807.0
18.1,146.8,806.9
18.1,150.9,806.7
18.1,138.8,806.9
18.1,147.9,806.8
18.1,133.9,806.9
18.1,141.1,806.6
18.1,149.6,806.7
18.1,142.9,806.9
18.1,152.3,806.8
18.1,137.7,806.5
18.1,147.3,806.9
18.1,156.9,806.9
18.2,145.2,806.4
18.2,154.1,806.8
18.2,137.9,806.8
18.2,147.2,806.3
18.2,156.7,806.3
18.2,141.2,806.7
18.2,141.5,806.3
18.2,140.9,806.8
18.2,150.4,806.4
18.2,157.3,806.7
18.2,157.2,806.3
18.2,155.7,806.6
18.2,155.3,806.2
18.2,152.5,806.2
18.2,152.8,806.6
18.3,153.5,806.4
18.3,151.2,806.5
18.3,152.4,806.8
18.3,151.9,806.7
18.3,150.7,806.3
18.3,151.1,806.6
18.3,150.6,806.2
18.3,150.3,806.2
18.3,149.9,806.5
18.3,149.2,806.3
18.3,147.8,806.2
18.3,148.5,806.5
18.3,149.5,806.6
18.3,148.7,806.3
18.3,148.5,806.5
18.4,147.8,806.5
18.4,134.3,806.4
18.4,123.2,806.5
18.4,131.5,806.2
18.4,134.9,806.0
18.4,126.1,806.4
18.4,126.9,806.4
18.4,128.0,806.2
18.4,128.5,806.4
18.4,129.6,806.1
18.4,130.3,806.0
18.5,121.0,806.4
18.5,121.6,806.4
18.5,122.0,806.4
18.5,122.0,806.4
18.5,122.3,806.4
18.5,115.2,806.3
18.5,121.2,806.3
18.5,127.4,806.0
18.5,132.0,806.1
18.5,133.1,806.2
18.5,132.5,806.3
18.5,133.7,806.1
18.5,133.8,805.9
18.5,134.1,806.3
18.6,134.2,806.1
18.6,133.2,806.3
18.6,133.2,806.2
18.6,133.6,806.3
18.6,133.9,806.3
18.6,133.5,806.1
18.6,134.6,806.1
18.6,142.6,806.2
18.6,143.6,806.2
18.6,133.1,806.2
18.6,141.5,805.9
18.6,146.7,805.9
18.6,146.7,806.0
18.6,143.1,806.2
18.6,146.9,805.8
18.7,156.5,805.9
18.7,161.2,805.9
18.7,159.8,806.2
18.7,159.1,805.7
18.7,156.6,806.0
18.7,140.3,806.1
18.7,127.6,806.1
18.7,136.9,805.5
18.7,142.1,805.8
18.7,152.9,805.6
18.7,156.3,806.1
18.7,154.5,806.1
18.7,153.1,805.8
18.7,150.7,806.0
18.7,151.3,805.8
18.8,150.5,805.9
18.8,149.3,805.9
18.8,148.9,806.0
18.8,148.0,805.5
18.8,149.0,805.9
18.8,147.8,805.5
18.8,148.2,805.5
18.8,148.1,805.9
18.8,147.8,805.9
18.8,148.0,805.6
18.8,147.3,805.9
18.8,147.4,805.9
18.8,132.9,805.9
18.9,132.5,805.7
18.9,134.6,805.5
18.9,143.2,805.8
18.9,146.2,805.7
18.9,143.7,805.4
18.9,142.0,805.8
18.9,139.1,805.5
18.9,136.8,805.3
18.9,133.5,805.8
18.9,132.2,805.3
18.9,131.7,805.8
18.9,130.1,805.3
18.9,130.2,805.8
18.9,129.9,805.7
19.0,118.6,805.7
19.0,121.1,805.6
19.0,123.8,805.5
19.0,130.8,805.8
19.0,138.7,805.4
19.0,141.0,805.6
19.0,138.7,805.5
19.0,140.7,805.8
19.0,140.5,805.5
19.0,138.3,805.7
19.0,143.3,805.3
19.0,142.6,805.7
19.0,144.8,805.2
19.0,143.6,805.7
19.1,144.5,805.7
19.1,143.8,805.5
19.1,144.7,805.7
19.1,144.3,805.8
19.1,144.6,805.7
19.1,144.3,805.8
19.1,144.6,805.8
19.1,146.0,805.7
19.1,144.9,805.7
19.1,145.5,805.6
19.1,147.5,805.3
19.1,146.2,805.7
19.1,147.8,805.5
19.1,146.4,805.6
19.1,146.9,805.6
19.2,144.6,805.3
19.2,146.1,805.6
19.2,147.4,805.4
19.2,146.8,805.4
19.2,147.1,805.5
19.2,132.3,805.2
19.2,132.7,805.6
19.2,131.7,805.4
19.2,140.6,805.3
19.2,150.2,805.3
19.2,149.4,805.6
19.2,148.7,805.2
19.2,148.8,805.4
19.2,148.3,805.5
19.3,148.4,805.1
19.3,147.5,805.4
19.3,147.6,805.6
19.3,146.4,805.3
19.3,147.2,805.2
19.3,133.2,805.5
19.3,133.7,805.1
19.3,134.7,805.5
19.3,144.0,805.3
19.3,135.7,805.5
19.3,123.2,805.5
19.3,123.9,805.4
19.4,125.5,805.0
19.4,125.2,805.0
19.4,126.7,805.6
19.4,126.5,805.5
19.4,127.3,805.6
19.4,128.8,805.4
19.4,129.4,805.4
19.4,128.9,805.5
19.4,130.1,805.5
19.4,131.1,805.4
19.4,130.1,805.6
19.4,131.5,805.6
19.4,141.0,805.0
19.4,145.2,805.1
19.4,155.1,805.5
19.4,159.9,805.2
19.5,159.4,805.3
19.5,157.4,805.5
19.5,156.4,805.0
19.5,154.2,805.2
19.5,151.7,805.5
19.5,151.1,805.1
19.5,150.1,805.2
19.5,150.9,805.4
19.5,148.3,805.3
19.5,148.3,805.1
19.5,147.7,805.4
19.5,148.6,805.0
19.5,146.6,805.1
19.5,147.5,805.4
19.6,147.0,805.1
19.6,145.3,805.3
19.6,145.3,805.5
19.6,145.7,805.4
19.6,145.2,805.1
19.6,145.2,805.5
19.6,143.2,805.3
19.6,142.8,805.4
19.6,141.6,805.1
19.6,143.8,805.0
19.6,141.3,805.5
19.6,141.9,805.0
19.6,141.9,805.5
19.6,141.4,805.5
19.7,141.5,805.4
19.7,141.1,805.5
19.7,140.2,805.1
19.7,142.1,804.5
19.7,140.8,804.9
19.7,140.7,804.5
19.7,128.4,804.9
19.7,129.5,804.5
19.7,129.7,804.6
19.7,139.0,804.4
19.7,143.7,804.9
19.7,142.9,804.9
19.7,142.9,804.5
19.7,142.1,804.9
19.8,141.2,804.8
19.8,141.8,804.7
19.8,142.0,805.0
19.8,141.4,805.1
19.8,142.4,805.1
19.8,142.2,805.0
19.8,142.0,804.7
19.8,142.3,805.3
19.8,142.2,805.3
19.8,143.7,805.0
19.8,142.8,805.4
19.8,141.9,804.9
19.8,142.3,805.4
19.8,142.3,805.4
19.9,142.8,805.0
19.9,142.1,805.1
19.9,141.2,805.5
19.9,138.9,805.4
19.9,137.6,805.5
19.9,135.3,805.1
19.9,133.5,805.2
19.9,131.0,805.5
19.9,129.5,805.4
19.9,127.8,805.5
19.9,128.0,805.4
19.9,127.9,805.6
19.9,127.7,805.7
20.0,128.2,805.3
20.0,128.8,805.7
20.0,129.7,805.6
20.0,130.6,805.4
20.0,132.0,805.7
20.0,133.3,805.6
20.0,134.6,805.3
20.0,135.6,805.7
20.0,136.2,805.7
20.0,137.4,805.2
20.0,138.1,805.7
20.0,139.3,805.8
20.0,140.2,805.7
20.0,140.1,805.9
20.1,140.7,805.6
20.1,140.9,805.8
20.1,141.7,805.9
20.1,142.1,805.7
20.1,142.8,805.4
20.1,142.8,805.9
20.1,141.5,805.7
20.1,143.8,805.9
20.1,143.7,805.9
20.1,144.4,805.8
20.1,144.2,805.9
20.1,143.7,806.0
20.1,144.5,805.7
20.1,145.2,805.9
20.1,144.2,805.7
20.2,143.8,805.9
20.2,144.8,806.0
20.2,145.0,806.0
20.2,144.8,805.9
20.2,145.6,806.0
20.2,144.1,805.9
20.2,130.8,806.0
20.2,120.7,806.0
20.2,128.6,806.0
20.2,134.9,805.7
20.2,144.6,805.7
20.2,150.9,806.0
20.2,151.6,806.1
20.2,150.4,806.0
20.3,149.8,805.7
20.3,147.7,805.8
20.3,147.9,806.0
20.3,146.8,806.0
20.3,146.7,806.0
20.3,146.4,805.8
20.3,146.2,805.7
20.3,146.2,806.1
20.3,146.7,805.6
20.3,145.5,805.9
20.3,145.8,806.0
20.3,146.4,805.6
20.3,145.3,805.6
20.3,145.9,806.0
20.3,145.1,805.8
20.4,144.6,806.0
20.4,146.2,806.0
20.4,144.2,805.9
20.4,144.4,806.0
20.4,145.5,806.0
20.4,145.3,805.8
20.4,144.2,805.5
20.4,144.4,806.0
20.4,144.4,805.9
20.4,144.4,805.9
20.4,144.9,805.9
20.4,145.7,805.7
20.4,145.2,805.4
20.4,145.6,805.9
20.5,145.3,805.8
20.5,144.7,805.9
20.5,144.7,805.5
20.5,144.3,805.4
20.5,145.1,805.9
20.5,144.6,805.9
20.5,144.7,805.6
20.5,143.9,805.9
20.5,144.6,805.6
20.5,145.2,805.4
20.5,143.0,805.9
20.5,145.2,805.6
20.5,145.1,805.8
20.5,143.2,805.9
20.6,144.6,805.5
20.6,144.2,805.5
20.6,144.8,805.9
20.6,144.6,805.5
20.6,145.0,805.8
20.6,143.5,805.8
20.6,144.9,805.4
20.6,145.4,805.4
20.6,144.8,805.8
20.6,145.1,805.7
20.6,145.2,805.7
20.6,145.3,805.8
20.6,145.5,805.5
20.6,144.9,805.9
20.6,145.4,805.7
20.7,144.1,805.9
20.7,145.3,806.0
20.7,145.7,805.5
20.7,144.7,805.5
20.7,144.9,805.9
20.7,145.2,805.7
20.7,145.1,805.7
20.7,132.0,806.0
20.7,132.6,805.7
20.7,131.8,806.1
20.7,139.4,806.0
20.7,146.8,805.7
20.7,147.3,805.9
20.7,146.6,806.0
20.8,145.1,805.9
20.8,145.6,806.0
20.8,147.2,806.1
20.8,146.6,806.1
20.8,146.7,805.8
20.8,146.5,806.1
20.8,145.7,806.1
20.8,146.1,805.7
20.8,145.2,806.1
20.8,145.8,805.9
20.8,145.5,806.1
20.8,145.2,805.6
20.8,145.4,805.6
20.8,143.7,806.2
20.8,144.0,805.7
20.9,146.1,805.9
20.9,143.0,806.1
20.9,142.1,805.8
20.9,138.8,806.0
20.9,137.5,806.1
20.9,136.2,805.8
20.9,135.0,806.1
20.9,134.5,805.9
20.9,130.0,806.1
20.9,132.7,806.1
20.9,127.2,806.1
20.9,131.9,806.1
21.0,125.1,805.8
21.0,132.7,806.1
21.0,123.6,806.1
21.0,131.0,806.0
21.0,122.8,806.3
21.0,129.5,806.1
21.0,137.4,806.3
21.0,134.0,806.2
21.0,142.6,805.9
21.0,129.2,806.3
21.0,136.8,806.3
21.0,144.9,806.1
21.0,140.1,805.9
21.0,146.0,806.3
21.1,133.5,805.8
21.1,141.9,806.1
21.1,148.0,806.3
21.1,144.0,806.3
21.1,149.5,806.3
21.1,136.5,806.3
21.1,144.5,806.1
21.1,132.4,806.4
21.1,139.7,806.0
21.1,148.3,806.0
21.1,141.1,806.4
21.1,150.2,806.0
21.1,135.4,805.9
21.1,143.0,806.4
21.1,152.5,806.0
21.2,143.8,806.2
21.2,151.4,806.1
21.2,138.3,806.4
21.2,147.8,806.2
21.2,152.2,806.2
21.2,145.7,806.2
21.2,149.1,806.2
21.2,139.6,806.2
21.2,134.2,806.0
21.2,134.0,806.3
21.2,135.8,806.0
21.2,132.3,806.0
21.2,141.4,806.3
21.2,148.8,805.9
21.3,140.6,805.9
21.3,150.2,806.3
21.3,135.1,806.5
21.3,143.2,806.5
21.3,150.2,806.5
21.3,144.3,806.4
21.3,150.1,806.0
21.3,137.6,806.4
21.3,145.5,806.5
21.3,133.3,806.5
21.3,141.0,806.2
21.3,149.4,806.2
21.3,143.3,806.4
21.3,148.4,806.4
21.4,135.7,805.9
21.4,144.3,806.2
21.4,132.9,806.3
21.4,140.4,806.1
21.4,149.3,806.3
21.4,141.5,806.4
21.4,150.8,806.3
21.4,135.0,806.4
21.4,143.1,806.1
21.4,150.8,806.1
21.4,143.9,806.4
21.4,150.8,806.3
21.4,137.3,806.0
21.4,146.9,806.4
21.5,133.4,806.0
21.5,143.0,806.0
21.5,150.5,806.1
21.5,142.4,806.5
21.5,151.2,806.1
21.5,135.3,806.5
21.5,144.7,806.2
21.5,149.8,806.4
21.5,143.9,806.6
21.5,150.1,806.6
21.5,137.6,806.6
21.5,145.6,806.4
21.5,133.6,806.2
21.5,142.4,806.6
21.5,149.6,806.7
21.6,141.9,806.3
21.6,149.1,806.6
21.6,136.2,806.9
21.6,142.9,806.7
21.6,132.1,806.9
21.6,140.9,806.8
21.6,148.1,806.9
21.6,141.1,806.8
21.6,150.3,806.7
21.6,135.4,806.8
21.6,144.1,806.4
21.6,151.4,806.5
21.6,143.6,806.5
21.6,150.4,806.8
21.7,137.3,806.5
21.7,146.0,806.7
21.7,132.9,806.8
21.7,140.9,806.5
21.7,149.8,806.5
21.7,141.6,806.7
21.7,151.3,806.6
21.7,135.7,806.8
21.7,136.9,806.7
21.7,132.5,806.9
21.7,137.0,806.9
21.7,145.8,806.7
21.7,141.5,806.8
21.7,150.1,807.0
21.8,136.9,806.8
21.8,145.6,806.7
21.8,131.8,807.0
21.8,139.6,807.0
21.8,148.1,807.0
21.8,140.5,807.0
21.8,148.7,806.7
21.8,135.2,807.0
21.8,143.2,807.0
21.8,150.2,807.0
21.8,144.8,807.1
21.8,150.4,807.1
21.8,137.1,806.9
21.8,145.9,807.1
21.9,133.3,806.9
21.9,142.1,807.0
21.9,147.0,807.1
21.9,142.0,806.9
21.9,143.2,806.7
21.9,136.4,807.1
21.9,137.3,806.7
21.9,132.6,807.1
21.9,117.6,807.1
21.9,125.1,806.7
21.9,133.2,807.0
21.9,129.8,807.1
21.9,131.3,807.2
22.0,127.4,807.1
22.0,133.3,807.0
22.0,124.6,807.1
22.0,132.4,806.8
22.0,123.6,807.1
22.0,131.1,807.0
22.0,139.5,806.8
22.0,133.8,807.0
22.0,142.4,806.9
22.0,129.6,807.0
22.0,138.9,806.9
22.0,144.9,806.8
22.0,139.8,806.9
22.0,144.8,806.9
22.1,135.5,806.8
22.1,145.5,806.7
22.1,130.4,806.8
22.1,138.5,806.5
22.1,146.8,806.9
22.1,141.2,806.9
22.1,148.8,806.9
22.1,133.9,806.9
22.1,143.2,806.7
22.1,130.4,806.9
22.1,137.7,806.7
22.1,146.3,806.6
22.1,139.0,806.6
22.1,148.9,807.0
22.2,134.1,806.4
22.2,143.6,806.7
22.2,150.6,806.8
22.2,142.9,806.5
22.2,149.9,806.4
22.2,136.8,806.6
22.2,144.9,806.6
22.2,150.5,806.4
22.2,143.4,806.0
22.2,135.1,805.8
22.2,135.5,805.7
22.2,123.8,805.5
22.2,132.0,805.7
22.2,140.2,805.8
22.3,134.6,805.3
22.3,143.8,805.6
22.3,152.6,805.4
22.3,142.6,805.7
22.3,152.2,805.4
22.3,137.1,805.7
22.3,146.0,805.6
22.3,152.7,805.2
22.3,146.1,805.6
22.3,152.4,805.3
22.3,137.8,805.5
22.3,147.1,805.2
22.3,133.4,805.0
22.3,141.6,805.5
22.3,149.9,805.4
22.4,143.1,805.2
22.4,151.5,805.3
22.4,135.7,805.5
22.4,144.3,805.2
22.4,150.3,805.4
22.4,145.8,805.6
22.4,150.0,805.6
22.4,137.7,805.7
22.4,145.7,805.2
22.4,133.9,805.7
22.4,142.9,805.6
22.4,148.9,805.2
22.4,143.1,805.2
22.4,148.4,805.7
22.5,136.8,805.3
22.5,145.1,805.4
22.5,132.3,805.8
22.5,141.4,805.6
22.5,148.7,805.5
22.5,140.5,805.8
22.5,149.5,805.8
22.5,135.9,805.9
22.5,144.5,805.8
22.5,130.6,805.9
22.5,139.0,805.7
22.5,147.8,805.5
22.5,140.9,805.4
22.5,151.0,805.6
22.6,134.8,805.8
22.6,142.8,805.8
22.6,150.1,805.9
22.6,144.7,805.7
22.6,149.9,805.5
22.6,136.8,805.9
22.6,145.0,805.6
22.6,132.7,805.9
22.6,140.9,805.8
22.6,150.2,805.9
22.6,141.4,805.8
22.6,149.9,805.8
22.6,136.7,805.3
22.6,146.8,805.4
22.7,132.1,805.8
22.7,141.2,805.7
22.7,150.6,805.4
22.7,140.8,805.7
22.7,149.8,805.4
22.7,134.6,805.7
22.7,144.1,805.2
22.7,149.9,805.2
22.7,143.5,805.6
22.7,148.5,805.2
22.7,130.9,805.7
22.7,121.2,805.3
22.7,129.6,805.8
22.7,138.0,805.4
22.8,131.9,805.5
22.8,140.8,805.4
22.8,150.7,805.4
22.8,141.6,805.9
22.8,151.1,805.4
22.8,135.9,805.8
22.8,145.4,805.3
22.8,150.9,805.5
22.8,144.5,805.8
22.8,150.1,805.4
22.8,138.0,805.8
22.8,147.4,805.4
22.8,133.5,805.4
22.8,143.4,805.7
22.8,150.3,805.8
22.9,141.8,805.7
22.9,149.9,805.4
22.9,134.7,805.8
22.9,144.3,805.8
22.9,131.3,805.8
22.9,140.7,805.4
22.9,145.0,805.4
22.9,140.5,805.8
22.9,140.9,805.9
22.9,135.2,805.9
22.9,135.9,805.5
22.9,132.7,805.6
23.0,118.3,805.9
23.0,125.5,805.6
23.0,117.5,805.9
23.0,124.9,805.7
23.0,132.5,805.4
23.0,129.4,805.8
23.0,135.1,805.6
23.0,125.5,805.8
23.0,134.2,805.8
23.0,124.5,805.8
23.0,133.0,805.8
23.0,140.8,805.4
23.0,133.7,805.8
23.0,142.1,805.7
23.1,129.9,805.5
23.1,139.4,805.3
23.1,144.5,805.8
23.1,140.7,805.8
23.1,144.8,805.7
23.1,134.5,805.8
23.1,142.5,805.8
23.1,131.3,805.8
23.1,139.0,805.6
23.1,147.2,805.8
23.1,139.7,805.8
23.1,147.9,805.6
23.1,134.5,805.4
23.1,144.3,805.8
23.1,149.2,805.4
23.2,143.5,805.8
23.2,148.5,805.3
23.2,137.3,805.7
23.2,146.1,805.8
23.2,133.2,805.8
23.2,142.7,805.8
23.2,149.1,805.7
23.2,142.3,805.8
23.2,150.0,805.7
23.2,136.0,805.7
23.2,135.0,805.8
23.2,133.6,805.2
23.2,135.9,805.6
23.3,129.9,805.5
23.3,138.5,805.2
23.3,148.7,805.2
23.3,138.4,805.6
23.3,147.4,805.4
23.3,133.7,805.6
23.3,142.8,805.3
23.3,151.1,805.3
23.3,142.1,805.5
23.3,151.4,805.3
23.3,136.9,805.5
23.3,146.4,805.4
23.3,151.8,805.4
23.3,143.2,805.2
23.3,151.0,805.4
23.4,138.1,804.9
23.4,147.8,804.9
23.4,132.7,805.3
23.4,141.7,805.3
23.4,150.3,804.8
23.4,142.4,805.2
23.4,148.5,804.9
23.4,135.9,805.2
23.4,144.8,805.1
23.4,132.2,805.2
23.4,141.5,804.9
23.4,149.3,804.9
23.4,141.0,804.8
23.4,149.2,805.2
23.5,135.2,805.0
23.5,144.5,804.8
23.5,131.6,805.2
23.5,140.1,804.9
23.5,149.4,805.2
23.5,139.3,805.2
23.5,146.9,805.1
23.5,134.5,805.2
23.5,143.9,804.8
23.5,131.1,805.2
23.5,139.6,805.2
23.5,149.2,804.8
23.5,139.9,804.8
23.5,149.4,805.0
23.6,134.3,805.3
23.6,143.7,805.1
23.6,150.8,805.3
23.6,142.7,804.9
23.6,149.9,804.9
23.6,137.0,805.4
23.6,146.2,804.9
23.6,132.2,805.4
23.6,140.7,805.4
23.6,149.0,805.0
23.6,140.7,805.3
23.6,149.1,805.1
23.6,135.1,804.9
23.6,144.8,805.0
23.7,131.0,805.3
23.7,139.7,804.8
23.7,149.2,804.8
23.7,139.8,804.8
23.7,149.1,804.9
23.7,135.2,805.2
23.7,144.7,805.2
23.7,150.4,805.2
23.7,143.7,805.2
23.7,149.1,804.8
23.7,137.5,805.2
23.7,146.6,805.2
23.7,127.0,805.3
23.7,134.2,805.1
23.8,129.5,805.0
23.8,138.3,805.1
23.8,148.0,804.7
23.8,139.8,805.3
23.8,149.2,805.2
23.8,134.5,805.3
23.8,143.7,805.1
23.8,149.6,805.1
23.8,143.1,805.4
23.8,148.3,805.4
23.8,137.0,805.4
23.8,146.2,804.9
23.8,132.2,805.1
23.8,141.0,805.3
23.8,147.7,805.1
23.9,141.4,805.3
23.9,147.4,805.1
23.9,135.6,805.3
23.9,144.4,805.2
23.9,130.5,805.1
23.9,138.3,805.1
23.9,128.7,805.3
23.9,137.1,804.8
23.9,126.4,805.3
23.9,132.2,805.2
23.9,124.5,804.8
23.9,130.9,805.3
24.0,121.4,805.0
24.0,129.2,804.9
24.0,121.0,805.2
24.0,129.8,805.2
24.0,120.0,805.2
24.0,127.4,804.8
24.0,135.5,804.8
24.0,132.2,805.1
24.0,138.7,805.1
24.0,127.7,805.1
24.0,135.8,804.7
24.0,143.3,804.9
24.0,138.3,804.7
24.0,143.7,805.1
24.1,132.3,804.7
24.1,140.6,804.8
24.1,129.2,805.1
24.1,136.6,804.7
24.1,145.0,804.6
24.1,139.9,805.0
24.1,147.6,804.7
24.1,134.3,805.0
24.1,143.8,804.6
24.1,147.1,805.0
24.1,143.5,805.0
24.1,146.9,804.9
24.1,136.4,804.9
24.1,145.9,805.0
24.2,133.3,804.6
24.2,143.0,805.0
24.2,149.1,805.0
24.2,141.4,804.9
24.2,146.8,804.6
24.2,135.8,804.9
24.2,145.3,804.9
24.2,132.4,804.9
24.2,141.7,804.4
24.2,149.2,804.7
24.2,141.1,804.8
24.2,148.2,804.5
24.2,128.2,804.8
24.3,120.5,804.5
24.3,129.6,804.3
24.3,138.7,804.5
24.3,131.3,804.7
24.3,139.7,804.3
24.3,149.6,804.2
24.3,139.7,804.7
24.3,149.0,804.5
24.3,134.6,804.6
24.3,143.7,804.6
24.3,153.7,804.2
24.3,142.6,804.6
24.3,151.5,804.6
24.3,136.5,804.7
24.3,146.3,804.6
24.3,151.7,804.7
24.4,145.1,804.5
24.4,150.0,804.3
24.4,138.6,804.5
24.4,147.6,804.7
24.4,133.9,804.9
24.4,141.6,804.5
24.4,147.3,804.7
24.4,142.5,804.9
24.4,147.1,804.7
24.4,136.5,805.0
24.4,145.5,804.9
24.4,131.1,804.7
24.4,138.6,804.9
24.4,146.7,804.7
24.5,142.4,804.7
24.5,149.7,804.5
24.5,134.8,805.0
24.5,144.1,804.6
24.5,131.8,805.0
24.5,140.6,804.7
24.5,148.6,805.0
24.5,140.1,804.9
24.5,148.7,804.6
24.5,135.6,805.0
24.5,143.7,804.6
24.5,148.5,804.5
24.5,144.3,804.7
24.5,146.5,805.1
24.6,136.8,804.6
24.6,144.9,804.6
24.6,133.4,805.1
24.6,141.2,804.9
24.6,130.2,805.0
24.6,138.8,804.9
24.6,148.1,805.1
24.6,139.5,805.0
24.6,146.8,805.0
24.6,132.9,804.9
24.6,142.1,804.6
24.6,129.7,804.7
24.6,139.3,804.5
24.6,144.6,804.9
24.7,139.6,804.7
24.7,143.4,804.5
24.7,133.6,804.9
24.7,141.5,804.7
24.7,129.8,805.0
24.7,137.6,805.0
24.7,144.6,804.6
24.7,140.0,805.0
24.7,144.3,804.8
24.7,134.8,804.9
24.7,142.2,804.6
24.7,125.6,805.0
24.7,129.4,804.9
24.8,130.2,804.9
24.8,138.8,805.1
24.8,144.9,805.0
24.8,146.2,804.6
24.8,145.0,805.1
24.8,143.5,805.1
24.8,143.1,805.0
24.8,143.3,804.9
24.8,142.8,805.2
24.8,141.8,805.0
24.8,142.7,804.9
24.8,142.2,805.3
24.8,142.9,804.9
24.8,141.8,805.1
24.8,141.4,805.4
24.9,141.6,805.0
24.9,141.8,805.4
24.9,142.0,804.9
24.9,138.6,805.0
24.9,137.6,805.4
24.9,135.1,805.0
24.9,133.6,805.4
24.9,131.7,805.4
24.9,130.4,805.0
24.9,127.6,805.4
24.9,125.8,805.1
25.0,115.6,805.4
25.0,115.9,805.0
25.0,108.5,805.4
25.0,110.2,805.4
25.0,111.0,805.2
25.0,114.0,805.1
25.0,113.3,805.5
25.0,117.3,805.3
25.0,113.8,805.4
25.0,117.8,805.5
25.0,114.5,805.5
25.0,120.4,805.5
25.1,115.6,805.5
25.1,121.5,805.5
25.1,115.7,805.6
25.1,121.4,805.5
25.1,117.9,805.6
25.1,125.4,805.3
25.1,130.4,805.6
25.1,126.6,805.6
25.1,128.0,805.5
25.1,124.3,805.6
25.1,127.5,805.6
25.1,124.7,805.2
25.1,129.3,805.5
25.2,123.0,805.1
25.2,127.3,805.5
25.2,122.4,805.3
25.2,128.2,805.4
25.2,121.5,805.6
25.2,126.0,805.6
25.2,121.2,805.6
25.2,127.4,805.2
25.2,134.0,805.6
25.2,133.6,805.6
25.2,140.4,805.1
25.2,143.6,805.1
25.2,144.3,805.6
25.2,144.0,805.6
25.3,138.5,805.6
25.3,146.7,805.2
25.3,156.1,805.2
25.3,146.2,805.6
25.3,155.0,805.5
25.3,158.3,805.5
25.3,152.5,805.6
25.3,155.1,805.7
25.3,143.1,805.7
25.3,150.4,805.6
25.3,137.7,805.8
25.3,145.5,805.3
25.3,152.8,805.4
25.3,147.2,805.4
25.3,152.6,805.8
25.4,140.6,805.4
25.4,149.2,805.3
25.4,134.8,805.9
25.4,143.1,805.7
25.4,150.7,805.4
25.4,142.6,805.8
25.4,149.6,805.7
25.4,134.3,805.1
25.4,142.4,804.6
25.4,133.8,804.8
25.4,142.1,804.9
25.4,150.1,804.9
25.4,142.4,804.7
25.4,150.7,804.7
25.5,136.5,805.0
25.5,146.0,804.9
25.5,131.1,804.8
25.5,139.9,804.4
25.5,149.6,804.5
25.5,141.1,804.9
25.5,150.2,804.5
25.5,134.8,804.9
25.5,144.4,804.5
25.5,149.3,804.7
25.5,143.8,804.9
25.5,148.0,804.6
25.5,138.0,804.8
25.5,147.6,804.8
25.6,133.1,805.1
25.6,142.7,804.8
25.6,129.5,805.1
25.6,137.9,804.8
25.6,134.2,805.0
25.6,121.7,805.0
25.6,121.9,805.1
25.6,123.6,804.9
25.6,121.7,805.0
25.6,124.8,805.0
25.6,120.9,804.9
25.6,125.6,805.0
25.7,119.5,804.9
25.7,124.7,805.0
25.7,118.5,804.9
25.7,123.9,804.8
25.7,118.8,805.0
25.7,124.1,805.0
25.7,118.6,805.0
25.7,123.9,804.8
25.7,117.4,805.0
25.7,122.3,805.0
25.7,117.8,805.0
25.7,122.9,805.0
25.8,117.4,805.1
25.8,121.4,805.1
25.8,117.8,805.1
25.8,122.6,804.8
25.8,118.1,805.0
25.8,122.3,805.0
25.8,118.5,805.0
25.8,123.3,804.9
25.8,118.2,805.0
25.8,123.3,805.0
25.8,118.0,804.9
25.8,123.4,805.0
25.9,118.1,804.9
25.9,123.6,805.0
25.9,116.8,805.1
25.9,122.0,805.0
25.9,117.7,805.1
25.9,121.4,805.1
25.9,118.1,805.2
25.9,122.2,804.8
25.9,117.7,805.2
25.9,120.4,805.3
25.9,117.4,805.3
25.9,119.2,805.3
26.0,117.2,805.1
26.0,118.6,805.3
26.0,117.1,805.3
26.0,119.7,805.3
26.0,114.7,805.0
26.0,118.0,805.0
26.0,116.4,805.5
26.0,117.8,805.5
26.0,122.0,805.6
26.0,128.1,805.5
26.0,134.7,805.5
26.0,134.1,805.1
26.0,142.6,805.5
26.0,149.5,805.1
26.1,143.2,805.1
26.1,150.7,805.5
26.1,155.9,805.5
26.1,149.9,805.1
26.1,154.9,805.1
26.1,141.2,805.5
26.1,146.7,805.3
26.1,135.5,805.5
26.1,140.9,805.0
26.1,146.6,805.3
26.1,144.1,805.5
26.1,149.3,805.1
26.1,138.1,805.2
26.1,144.3,805.5
26.2,135.2,805.3
26.2,141.9,805.2
26.2,149.7,805.5
26.2,143.2,805.4
26.2,149.3,805.1
26.2,138.4,805.4
26.2,145.3,805.4
26.2,133.6,805.5
26.2,142.2,805.5
26.2,146.8,805.2
26.2,143.5,805.5
26.2,146.2,805.3
26.2,136.0,805.0
26.2,131.9,805.5
26.3,131.2,805.6
26.3,119.5,805.5
26.3,127.4,805.3
26.3,135.7,805.2
26.3,131.2,805.5
26.3,139.0,805.1
26.3,148.0,805.2
26.3,140.3,805.6
26.3,149.6,805.3
26.3,133.8,805.6
26.3,143.4,805.2
26.3,129.9,805.2
26.3,138.7,805.6
26.3,146.3,805.3
26.4,139.9,805.2
26.4,146.2,805.4
26.4,133.3,805.6
26.4,141.7,805.4
26.4,130.3,805.7
26.4,138.3,805.3
26.4,146.2,805.4
26.4,140.6,805.7
26.4,148.4,805.7
26.4,134.2,805.7
26.4,143.3,805.3
26.4,131.0,805.3
26.4,139.2,805.8
26.4,146.8,805.4
26.5,140.4,805.3
26.5,147.4,805.5
26.5,133.4,805.8
26.5,140.4,805.8
26.5,130.4,805.8
26.5,138.2,805.4
26.5,145.9,805.4
26.5,139.7,805.9
26.5,145.3,805.4
26.5,133.9,805.9
26.5,141.0,806.0
26.5,131.4,805.6
26.5,140.5,805.9
26.5,146.6,805.9
26.6,140.1,806.0
26.6,146.0,805.8
26.6,134.7,806.2
26.6,140.9,806.1
26.6,131.5,806.3
26.6,139.5,806.3
26.6,146.5,806.2
26.6,140.7,806.2
26.6,146.0,806.3
26.6,135.0,806.2
26.6,142.8,806.1
26.6,131.3,805.9
26.6,139.8,806.2
26.6,146.3,806.0
26.7,140.4,805.7
26.7,145.5,806.2
26.7,135.7,806.1
26.7,145.0,805.8
26.7,130.8,806.3
26.7,139.2,805.8
26.7,145.7,805.9
26.7,140.8,806.3
26.7,146.0,806.2
26.7,135.2,806.3
26.7,143.4,806.0
26.7,132.1,805.9
26.7,141.3,805.9
26.8,122.2,806.4
26.8,130.2,806.4
26.8,126.9,806.0
26.8,134.9,806.0
26.8,143.7,806.3
26.8,136.0,806.4
26.8,144.0,805.9
26.8,131.3,806.4
26.8,138.9,806.0
26.8,128.2,806.4
26.8,135.3,806.2
26.8,131.7,806.1
26.8,119.8,806.4
26.9,120.4,806.3
26.9,120.6,806.4
26.9,121.3,806.4
26.9,119.7,806.5
26.9,119.4,806.5
26.9,117.6,806.5
26.9,116.2,806.3
26.9,114.7,806.6
26.9,114.0,806.2
26.9,113.2,806.2
26.9,120.6,806.7
26.9,125.1,806.2
27.0,134.0,806.2
27.0,138.7,806.7
27.0,138.5,806.6
27.0,137.5,806.6
27.0,136.8,806.3
27.0,137.7,806.7
27.0,137.4,806.5
27.0,137.6,806.6
27.0,138.1,806.8
27.0,137.9,806.5
27.0,138.5,806.7
27.0,138.2,806.3
27.0,138.9,806.4
27.0,139.2,806.8
27.0,139.0,806.4
27.1,140.0,806.2
27.1,139.1,806.6
27.1,139.9,806.5
27.1,139.6,806.2
27.1,140.3,806.6
27.1,139.8,806.3
27.1,140.1,806.5
27.1,139.9,806.6
27.1,139.8,806.6
27.1,139.7,806.6
27.1,140.1,806.2
27.1,140.4,806.2
27.1,140.2,806.6
27.1,139.9,806.6
27.2,126.4,806.7
27.2,116.2,806.1
27.2,123.9,806.2
27.2,130.0,805.7
27.2,138.1,805.7
27.2,144.1,806.1
27.2,145.9,805.9
27.2,143.7,806.1
27.2,143.2,805.8
27.2,142.9,806.1
27.2,141.8,806.1
27.2,142.0,805.7
27.2,142.5,806.1
27.3,127.9,805.8
27.3,128.4,806.1
27.3,129.6,805.6
27.3,136.6,806.0
27.3,143.8,806.1
27.3,144.4,806.1
27.3,143.8,805.9
27.3,142.8,806.1
27.3,144.1,805.7
27.3,143.2,806.2
27.3,141.7,806.2
27.3,141.4,806.0
27.3,142.9,805.7
27.3,141.0,806.2
27.4,142.2,805.7
27.4,140.3,805.9
27.4,142.1,806.2
27.4,142.2,805.7
27.4,141.6,805.7
27.4,140.8,806.1
27.4,139.6,806.1
27.4,138.2,806.1
27.4,141.6,805.8
27.4,141.3,805.9
27.4,140.3,806.2
27.4,140.6,806.0
27.4,140.3,805.9
27.4,139.7,806.3
27.5,141.6,805.9
27.5,140.9,805.9
27.5,139.7,806.3
27.5,139.0,806.3
27.5,139.5,806.3
27.5,140.6,806.3
27.5,139.8,805.9
27.5,137.9,806.3
27.5,140.5,805.9
27.5,138.8,806.0
27.5,139.4,806.1
27.5,138.9,805.8
27.5,139.3,805.9
27.5,138.6,806.3
27.6,138.7,806.1
27.6,141.1,805.8
27.6,140.6,806.3
27.6,140.7,805.9
27.6,138.9,806.3
27.6,139.4,805.9
27.6,139.1,805.8
27.6,141.1,806.3
27.6,139.4,806.3
27.6,140.7,805.9
27.6,139.3,806.3
27.6,140.6,806.1
27.6,140.8,806.0
27.6,140.1,806.3
27.7,140.2,805.9
27.7,140.4,806.0
27.7,140.4,806.2
27.7,140.4,806.0
27.7,140.0,806.1
27.7,140.5,805.9
27.7,139.8,806.1
27.7,140.0,806.2
27.7,139.8,806.1
27.7,139.8,805.8
27.7,139.2,806.2
27.7,139.3,806.2
27.7,139.7,805.8
27.7,138.8,806.2
27.8,125.6,805.8
27.8,125.4,806.2
27.8,127.0,805.8
27.8,135.9,805.8
27.8,142.5,806.2
27.8,142.1,806.2
27.8,141.7,806.2
27.8,141.7,806.2
27.8,139.5,805.9
27.8,141.2,805.8
27.8,141.4,806.3
27.8,140.9,806.1
27.8,140.6,805.9
27.8,140.5,806.4
27.9,140.7,806.0
27.9,138.2,806.4
27.9,138.1,806.0
27.9,139.7,806.0
27.9,140.7,806.4
27.9,138.2,806.1
27.9,136.7,806.5
27.9,133.4,806.4
27.9,133.5,806.4
27.9,131.4,806.5
27.9,129.8,806.0
27.9,127.9,806.5
27.9,126.5,806.3
28.0,126.6,806.6
28.0,127.3,806.5
28.0,127.9,806.5
28.0,129.6,806.2
28.0,129.5,806.6
28.0,129.9,806.5
28.0,129.7,806.7
28.0,131.8,806.1
28.0,133.5,806.3
28.0,134.8,806.7
28.0,133.7,806.4
28.0,135.0,806.3
28.0,135.3,806.8
28.1,137.4,806.4
28.1,136.7,806.6
28.1,137.3,806.8
28.1,137.1,806.6
28.1,139.0,806.3
28.1,138.2,806.8
28.1,137.4,806.6
28.1,140.2,806.7
28.1,139.1,806.7
28.1,139.3,806.5
28.1,140.0,806.8
28.1,139.2,806.4
28.1,140.0,806.5
28.1,137.7,806.8
28.2,140.2,806.8
28.2,140.1,806.3
28.2,139.9,806.8
28.2,142.2,806.6
28.2,140.9,806.6
28.2,140.6,806.8
28.2,141.3,806.7
28.2,140.5,806.3
28.2,141.8,806.8
28.2,141.6,806.3
28.2,142.2,806.8
28.2,141.4,806.7
28.2,141.8,806.5
28.2,141.1,806.8
28.2,140.6,806.5
28.3,126.6,806.8
28.3,128.9,806.5
28.3,129.3,806.4
28.3,137.2,806.8
28.3,144.4,806.5
28.3,143.9,806.7
28.3,144.1,806.3
28.3,143.1,806.7
28.3,142.6,806.7
28.3,143.0,806.7
28.3,142.1,806.5
28.3,141.2,806.3
28.3,141.4,806.5
28.3,141.6,806.2
28.4,141.8,806.3
28.4,141.7,806.5
28.4,141.8,806.3
28.4,141.0,806.1
28.4,140.2,806.6
28.4,141.5,806.4
28.4,141.2,806.1
28.4,141.1,806.5
28.4,140.6,806.4
28.4,141.3,806.4
28.4,140.5,806.4
28.4,141.2,806.0
28.4,141.0,806.4
28.4,140.9,806.1
28.5,140.7,806.1
28.5,140.3,806.5
28.5,140.9,806.3
28.5,140.4,806.2
28.5,139.0,806.5
28.5,140.4,806.4
28.5,140.5,806.1
28.5,140.6,806.4
28.5,140.1,806.0
28.5,140.9,806.4
28.5,140.2,806.1
28.5,138.7,805.9
28.5,139.9,806.4
28.5,139.6,806.1
28.6,140.3,806.0
28.6,140.0,806.4
28.6,140.8,806.1
28.6,140.2,805.9
28.6,140.9,806.3
28.6,139.7,805.9
28.6,139.8,806.0
28.6,140.0,806.3
28.6,140.2,805.8
28.6,139.9,806.3
28.6,139.2,805.8
28.6,138.9,805.8
28.6,139.9,806.3
28.6,140.2,806.1
28.7,140.4,806.0
28.7,140.0,806.3
28.7,139.9,806.2
28.7,137.9,805.9
28.7,139.4,806.2
28.7,140.3,806.0
28.7,140.9,805.8
28.7,140.7,806.2
28.7,140.5,806.2
28.7,140.4,806.2
28.7,139.6,805.7
28.7,138.9,805.9
28.7,140.1,806.1
28.7,139.5,806.0
28.8,126.4,806.2
28.8,127.3,805.7
28.8,126.6,805.6
28.8,135.1,806.1
28.8,142.8,806.0
28.8,141.7,805.8
28.8,142.4,806.2
28.8,141.9,806.0
28.8,141.6,805.7
28.8,141.1,806.1
28.8,141.2,805.7
28.8,141.3,805.6
28.8,139.8,806.1
28.9,140.1,805.6
28.9,141.2,805.8
28.9,141.0,806.0
28.9,139.5,805.6
28.9,139.6,806.0
28.9,139.8,806.0
28.9,139.8,805.7
28.9,138.3,806.0
28.9,136.6,805.8
28.9,133.7,805.6
28.9,131.1,806.1
28.9,129.4,805.7
29.0,114.1,806.1
29.0,121.2,806.1
29.0,114.7,806.1
29.0,121.8,805.8
29.0,115.7,806.0
29.0,122.6,805.8
29.0,130.3,806.0
29.0,127.3,805.9
29.0,133.6,805.6
29.0,125.0,806.0
29.0,133.9,805.6
29.0,123.1,805.7
29.0,131.1,806.0
29.0,138.5,805.9
29.1,134.1,805.8
29.1,141.2,805.6
29.1,129.8,806.0
29.1,139.1,805.8
29.1,127.6,806.0
29.1,135.6,806.0
29.1,143.3,805.5
29.1,138.1,805.9
29.1,143.7,805.6
29.1,132.0,805.9
29.1,141.3,805.7
29.1,129.0,805.7
29.1,137.4,806.0
29.1,145.2,805.7
29.2,138.4,805.6
29.2,145.2,805.9
29.2,133.3,805.9
29.2,142.6,805.9
29.2,131.2,805.8
29.2,140.9,805.5
29.2,145.5,805.9
29.2,140.0,805.9
29.2,146.1,805.7
29.2,134.6,805.9
29.2,143.8,805.6
29.2,130.8,805.5
29.2,140.3,805.4
29.2,145.5,805.8
29.3,139.5,805.6
29.3,130.6,805.8
29.3,131.6,805.6
29.3,120.3,805.9
29.3,128.6,805.5
29.3,137.6,805.5
29.3,131.7,805.9
29.3,140.3,805.7
29.3,149.9,805.5
29.3,140.6,805.9
29.3,149.6,805.6
29.3,134.7,805.4
29.3,144.3,805.3
29.4,131.1,805.8
29.4,139.8,805.3
29.4,149.4,805.4
29.4,140.0,805.7
29.4,149.2,805.7
29.4,134.4,805.9
29.4,142.2,805.5
29.4,129.0,805.9
29.4,136.9,805.5
29.4,145.1,805.5
29.4,139.8,805.9
29.4,148.9,805.7
29.4,134.8,805.5
29.4,143.0,805.9
29.5,129.8,805.8
29.5,137.6,805.4
29.5,146.1,805.9
29.5,140.1,805.4
29.5,150.0,805.4
29.5,135.2,805.8
29.5,144.3,805.4
29.5,148.5,805.8
29.5,142.8,805.8
29.5,147.0,805.6
29.5,137.8,805.8
29.5,146.2,805.8
29.5,132.2,805.6
29.5,140.7,805.9
29.6,129.4,805.5
29.6,138.7,805.6
29.6,146.8,806.0
29.6,137.7,806.0
29.6,146.6,806.0
29.6,133.0,806.0
29.6,142.3,805.8
29.6,130.8,806.0
29.6,140.2,805.9
29.6,144.7,806.0
29.6,138.6,806.0
29.6,144.5,805.6
29.6,133.7,805.5
29.6,143.0,806.0
29.7,129.1,805.6
29.7,137.3,806.0
29.7,127.0,806.0
29.7,135.7,805.6
29.7,144.1,805.8
29.7,137.2,806.1
29.7,145.5,805.8
29.7,132.9,806.1
29.7,141.9,805.8
29.7,129.2,806.1
29.7,137.3,806.0
29.7,144.9,805.6
29.7,139.5,805.5
29.7,144.2,806.0
29.8,132.9,805.7
29.8,129.8,806.0
29.8,130.0,805.8
29.8,117.3,806.0
29.8,124.6,805.6
29.8,132.7,805.6
29.8,129.1,806.0
29.8,136.5,805.6
29.8,145.1,805.7
29.8,137.7,806.0
29.8,145.9,805.8
29.8,134.3,805.7
29.8,143.2,805.9
29.8,148.4,806.1
29.9,142.9,805.9
29.9,146.3,805.7
29.9,136.9,806.2
29.9,144.9,805.8
29.9,131.4,806.2
29.9,139.8,806.2
29.9,145.6,805.8
29.9,141.8,806.2
29.9,141.4,805.8
29.9,138.5,805.8
29.9,134.4,806.3
29.9,132.6,806.1
29.9,129.8,806.4
30.0,127.7,806.0
30.0,126.5,806.3
30.0,126.8,806.3
30.0,126.2,806.3
30.0,126.6,805.9
30.0,126.4,806.0
30.0,126.8,806.2
30.0,127.2,806.2
30.0,127.4,805.8
30.0,129.5,806.2
30.0,130.5,806.1
30.0,131.0,806.1
30.0,131.6,806.4
30.1,132.8,806.1
30.1,133.0,806.4
30.1,132.9,806.2
30.1,134.4,806.2
30.1,135.6,806.4
30.1,135.5,806.4
30.1,136.2,806.2
30.1,136.6,806.4
30.1,137.8,806.2
30.1,135.8,806.1
30.1,137.6,806.4
30.1,137.5,806.3
30.1,138.0,806.2
30.1,137.9,806.3
30.2,139.1,805.9
30.2,137.7,806.4
30.2,137.8,806.2
30.2,138.6,806.0
30.2,126.1,806.3
30.2,114.6,806.3
30.2,115.9,805.8
30.2,118.1,806.2
30.2,118.6,806.2
30.2,124.9,805.7
30.2,132.2,805.7
30.2,140.3,805.8
30.2,145.4,806.1
30.3,147.1,805.8
30.3,144.3,806.0
30.3,128.8,806.3
30.3,130.6,806.3
30.3,129.4,805.9
30.3,136.3,805.8
30.3,141.7,805.8
30.3,146.2,806.2
30.3,142.8,805.8
30.3,144.8,805.8
30.3,142.2,806.3
30.3,143.4,805.9
30.3,141.9,805.8
30.3,143.5,806.3
30.4,142.1,805.9
30.4,142.1,806.3
30.4,143.4,806.1
30.4,140.8,806.1
30.4,141.3,806.4
30.4,141.7,806.1
30.4,141.1,806.0
30.4,142.1,806.4
30.4,140.7,806.0
30.4,142.1,806.4
30.4,140.3,806.4
30.4,140.4,806.4
30.4,139.7,805.8
30.4,140.1,806.3
30.5,141.4,806.1
30.5,140.8,806.0
30.5,140.9,806.3
30.5,140.7,805.9
30.5,140.5,806.3
30.5,140.4,806.1
30.5,139.7,806.0
30.5,140.3,806.4
30.5,139.6,806.1
30.5,139.4,806.2
30.5,139.4,806.5
30.5,139.1,806.2
30.5,139.3,806.3
30.5,139.5,806.5
30.6,139.7,806.3
30.6,138.8,806.6
30.6,139.3,806.2
30.6,139.3,806.1
30.6,139.3,806.6
30.6,139.2,806.3
30.6,138.8,806.7
30.6,138.7,806.7
30.6,137.1,806.8
30.6,138.1,806.5
30.6,139.2,806.8
30.6,139.0,806.4
30.6,139.1,806.6
30.6,139.2,806.8
30.7,139.6,806.5
30.7,138.2,806.7
30.7,138.7,806.2
30.7,139.5,806.7
30.7,139.9,806.7
30.7,137.9,806.4
30.7,139.5,806.2
30.7,139.8,806.6
30.7,138.0,806.4
30.7,139.5,806.3
30.7,139.7,806.8
30.7,139.5,806.5
30.7,139.2,806.7
30.7,137.6,806.5
30.8,138.8,806.5
30.8,138.2,806.9
30.8,125.6,806.7
30.8,124.7,806.9
30.8,126.5,806.4
30.8,135.9,806.7
30.8,141.3,806.5
30.8,140.8,806.8
30.8,140.6,806.6
30.8,141.0,807.0
30.8,140.3,806.5
30.8,140.1,806.5
30.8,139.0,806.9
30.9,139.1,806.5
30.9,139.2,806.6
30.9,139.0,807.0
30.9,138.9,806.8
30.9,137.5,807.1
30.9,137.6,807.1
30.9,136.1,806.2
30.9,138.8,806.4
30.9,135.8,806.2
30.9,134.6,806.1
30.9,133.6,806.2
30.9,129.8,806.2
30.9,128.4,806.2
31.0,126.8,806.2
31.0,111.6,806.2
31.0,118.7,806.3
31.0,113.7,806.3
31.0,121.9,806.1
31.0,127.2,806.0
31.0,125.4,806.4
31.0,128.5,806.1
31.0,123.7,806.4
31.0,130.4,806.4
31.0,122.2,806.1
31.0,130.1,806.4
31.1,122.3,806.2
31.1,130.2,806.0
31.1,136.4,806.5
31.1,131.7,806.1
31.1,138.8,806.4
31.1,129.3,806.5
31.1,137.0,806.1
31.1,125.9,806.5
31.1,133.2,806.2
31.1,141.2,806.5
31.1,135.9,806.5
31.1,141.7,806.4
31.1,131.3,806.1
31.1,140.3,806.5
31.2,128.6,806.3
31.2,136.9,806.5
31.2,143.5,806.5
31.2,138.6,806.3
31.2,143.0,806.5
31.2,134.4,806.5
31.2,143.2,806.4
31.2,129.4,806.6
31.2,137.5,806.4
31.2,127.0,806.6
31.2,134.7,806.3
31.2,142.9,806.2
31.2,138.3,806.2
31.2,143.8,806.6
31.3,132.0,806.5
31.3,140.2,806.4
31.3,128.3,806.7
31.3,129.8,806.7
31.3,126.2,806.7
31.3,129.3,806.4
31.3,124.2,806.6
31.3,129.8,806.2
31.3,137.6,806.2
31.3,134.2,806.7
31.3,139.6,806.5
31.3,129.8,806.3
31.3,134.7,806.7
31.4,127.3,806.3
31.4,132.3,806.7
31.4,125.2,806.2
31.4,130.6,806.6
31.4,124.7,806.8
31.4,130.4,806.3
31.4,136.9,806.7
31.4,136.1,806.7
31.4,141.8,806.3
31.4,148.9,806.4
31.4,146.6,806.7
31.4,152.3,806.3
31.4,138.8,806.3
31.4,145.2,806.7
31.5,134.0,806.3
31.5,140.7,806.4
31.5,147.7,806.8
31.5,141.9,806.6
31.5,148.4,806.4
31.5,136.2,806.8
31.5,143.3,806.7
31.5,128.5,806.8
31.5,120.6,806.9
31.5,121.5,806.6
31.5,114.9,806.8
31.5,118.5,806.7
31.6,115.8,806.6
31.6,119.6,806.9
31.6,116.7,806.9
31.6,120.5,806.9
31.6,117.1,807.2
31.6,119.6,807.0
31.6,117.4,807.2
31.6,121.2,807.0
31.6,120.2,807.2
31.6,126.7,807.0
31.6,133.6,806.8
31.6,131.2,806.9
31.6,138.5,807.3
31.6,144.5,806.8
31.7,141.2,806.9
31.7,148.0,806.8
31.7,154.9,807.2
31.7,138.6,807.0
31.7,124.3,807.3
31.7,125.1,806.8
31.7,125.5,807.2
31.7,125.6,807.1
31.7,125.5,807.2
31.7,124.5,806.8
31.7,125.9,807.1
31.7,124.8,807.2
31.8,125.9,807.2
31.8,125.4,807.3
31.8,130.6,806.9
31.8,135.5,806.9
31.8,133.6,807.3
31.8,138.4,807.0
31.8,135.0,806.8
31.8,138.3,807.2
31.8,140.8,806.8
31.8,143.9,806.8
31.8,134.0,807.2
31.8,132.8,806.8
31.8,133.7,806.9
31.8,137.2,807.2
31.9,139.9,806.8
31.9,143.0,806.8
31.9,146.2,807.2
31.9,147.8,806.8
31.9,144.3,806.8
31.9,143.9,807.2
31.9,144.1,807.3
31.9,142.5,806.9
31.9,140.0,807.2
31.9,138.0,807.0
31.9,136.3,807.3
31.9,134.4,806.8
31.9,132.0,807.2
31.9,130.0,807.2
32.0,127.4,807.2
32.0,126.9,807.3
32.0,125.3,806.9
32.0,126.0,807.3
32.0,123.4,807.3
32.0,112.7,807.3
32.0,113.9,807.3
32.0,116.4,807.4
32.0,124.1,807.1
32.0,129.4,807.0
32.0,131.9,807.0
32.0,131.8,807.3
32.1,120.7,806.8
32.1,128.3,807.4
32.1,133.0,806.8
32.1,136.5,807.1
32.1,135.5,807.2
32.1,134.8,807.2
32.1,136.5,806.7
32.1,137.2,807.1
32.1,136.1,806.9
32.1,136.3,806.8
32.1,137.1,807.2
32.1,136.4,806.8
32.1,136.6,806.8
32.1,137.7,807.2
32.2,136.0,806.8
32.2,136.9,807.2
32.2,132.3,806.9
32.2,138.3,807.1
32.2,138.2,807.3
32.2,138.4,807.0
32.2,139.2,807.3
32.2,139.8,807.2
32.2,137.6,806.9
32.2,139.7,806.8
32.2,139.7,807.2
32.2,137.3,807.1
32.2,139.7,807.0
32.2,138.9,807.3
32.3,138.0,807.0
32.3,137.2,807.3
32.3,138.1,807.0
32.3,137.7,806.7
32.3,125.5,807.2
32.3,124.8,806.8
32.3,127.4,807.1
32.3,132.4,806.6
32.3,139.4,806.6
32.3,144.0,806.7
32.3,142.2,807.0
32.3,135.1,807.0
32.3,129.2,807.1
32.4,127.8,807.0
32.4,128.1,807.1
32.4,134.7,806.8
32.4,142.7,806.7
32.4,142.7,806.7
32.4,142.3,807.1
32.4,140.1,806.9
32.4,129.0,807.1
32.4,127.5,807.0
32.4,124.4,807.1
32.4,117.5,806.9
32.4,118.1,807.1
32.5,118.7,806.8
32.5,119.2,807.2
32.5,118.1,806.8
32.5,119.3,807.0
32.5,122.8,807.2
32.5,127.9,806.7
32.5,134.4,806.6
32.5,138.9,806.8
32.5,142.6,806.9
32.5,148.4,806.5
32.5,148.7,806.6
32.5,149.0,807.0
32.5,146.3,806.6
32.5,147.7,806.5
32.5,145.3,807.0
32.6,144.3,806.6
32.6,144.9,806.6
32.6,143.8,806.9
32.6,145.8,806.7
32.6,142.4,806.9
32.6,142.4,806.9
32.6,142.7,806.7
32.6,140.4,806.9
32.6,140.1,806.0
32.6,140.8,806.0
32.6,142.5,806.1
32.6,142.6,805.7
32.6,142.4,805.6
32.6,139.7,805.9
32.7,127.8,805.9
32.7,117.2,805.9
32.7,118.2,805.9
32.7,119.5,805.7
32.7,119.6,805.7
32.7,120.9,805.9
32.7,120.8,805.6
32.7,122.2,805.9
32.7,122.1,805.7
32.7,130.4,805.6
32.7,132.6,805.5
32.8,122.3,805.9
32.8,130.5,805.6
32.8,135.2,805.9
32.8,142.2,805.7
32.8,147.1,805.6
32.8,148.3,805.7
32.8,146.2,805.8
32.8,131.5,805.8
32.8,131.7,805.9
32.8,131.8,805.5
32.8,140.8,805.5
32.8,145.5,805.8
32.8,143.9,806.1
32.8,130.0,806.1
32.9,118.6,805.8
32.9,119.6,806.0
32.9,120.7,805.7
32.9,120.1,806.0
32.9,120.9,806.0
32.9,120.3,805.6
32.9,127.0,806.0
32.9,130.5,805.7
32.9,137.3,805.6
32.9,143.1,805.6
32.9,139.3,806.1
32.9,134.4,805.8
32.9,132.6,806.2
33.0,129.9,805.8
33.0,127.3,806.2
33.0,125.6,806.1
33.0,114.3,806.1
33.0,105.9,806.2
33.0,107.1,805.9
33.0,109.2,805.7
33.0,110.8,806.2
33.0,112.5,806.0
33.0,113.8,806.1
33.0,114.8,806.1
33.1,114.8,805.8
33.1,117.6,806.2
33.1,116.1,806.2
33.1,118.3,806.2
33.1,115.2,806.3
33.1,117.2,806.0
33.1,114.9,806.3
33.1,115.8,806.0
33.1,102.8,806.3
33.1,107.8,806.3
33.1,110.0,806.2
33.2,113.1,806.0
33.2,118.4,806.3
33.2,123.7,805.9
33.2,129.1,805.9
33.2,134.2,806.2
33.2,135.3,806.3
33.2,121.3,805.9
33.2,115.9,806.3
33.2,111.9,806.3
33.2,111.0,805.8
33.2,112.2,805.9
33.2,112.1,806.2
33.3,112.8,805.7
33.3,114.1,806.2
33.3,115.2,805.9
33.3,115.5,806.2
33.3,115.1,805.7
33.3,116.6,805.7
33.3,116.2,806.2
33.3,117.7,805.7
33.3,118.6,806.2
33.3,119.7,805.7
33.3,120.5,805.7
33.3,121.1,806.1
33.4,121.2,805.6
33.4,121.2,805.9
33.4,121.0,806.1
33.4,121.8,805.7
33.4,123.2,806.1
33.4,128.5,805.6
33.4,133.3,805.6
33.4,133.3,805.9
33.4,131.4,805.6
33.4,128.7,805.6
33.4,128.7,805.7
33.4,129.0,805.6
33.4,128.8,806.0
33.5,129.1,805.5
33.5,129.6,805.5
33.5,129.6,805.9
33.5,129.0,805.5
33.5,127.8,805.8
33.5,127.3,805.4
33.5,126.4,805.4
33.5,126.6,805.8
33.5,126.3,805.3
33.5,126.1,805.7
33.5,125.1,805.3
33.5,125.7,805.3
33.5,127.1,805.7
33.6,126.9,805.7
33.6,128.1,805.6
33.6,126.8,805.2
33.6,127.3,805.2
33.6,128.5,805.6
33.6,127.8,805.0
33.6,128.7,805.1
33.6,128.4,805.5
33.6,129.0,805.1
33.6,128.9,805.4
33.6,129.7,805.0
33.6,129.6,805.0
33.6,130.0,805.4
33.7,129.3,804.9
33.7,130.4,805.4
33.7,129.9,804.9
33.7,129.8,805.0
33.7,129.7,805.3
33.7,129.1,804.8
33.7,128.8,805.3
33.7,128.3,804.7
33.7,128.6,805.0
33.7,128.3,805.2
33.7,128.1,805.0
33.7,127.9,804.8
33.7,127.6,805.1
33.8,127.1,804.8
33.8,126.1,805.3
33.8,123.4,804.9
33.8,123.2,805.3
33.8,122.4,804.8
33.8,123.6,804.8
33.8,123.7,805.2
33.8,124.5,804.8
33.8,124.5,805.2
33.8,125.0,804.7
33.8,125.2,805.1
33.8,126.4,805.1
33.9,126.2,805.1
33.9,127.2,804.6
33.9,127.6,805.0
33.9,127.4,805.0
33.9,126.2,805.1
33.9,125.8,804.8
33.9,124.2,805.1
33.9,122.9,804.8
33.9,120.6,804.6
33.9,118.0,805.0
33.9,117.8,804.8
33.9,115.8,804.8
34.0,114.9,804.6
34.0,113.5,804.9
34.0,113.1,804.7
34.0,112.7,804.9
34.0,112.9,804.7
34.0,114.4,804.8
34.0,114.3,804.5
34.0,114.7,804.4
34.0,115.8,804.8
34.0,115.8,804.5
34.0,115.9,804.9
34.1,116.1,804.6
34.1,116.2,804.8
34.1,115.3,804.6
34.1,116.0,804.5
34.1,115.4,804.8
34.1,115.5,804.6
34.1,115.2,804.9
34.1,114.6,804.9
34.1,114.4,804.9
34.1,114.4,804.5
34.1,120.3,804.5
34.1,124.3,804.9
34.2,123.1,804.5
34.2,122.6,804.5
34.2,126.6,805.0
34.2,125.1,804.7
34.2,124.4,805.0
34.2,123.1,804.6
34.2,124.9,804.6
34.2,130.4,805.0
34.2,135.3,804.6
34.2,138.7,804.5
34.2,137.8,805.0
34.2,127.2,804.5
34.2,127.3,804.7
34.3,127.4,804.4
34.3,132.8,804.3
34.3,132.9,804.8
34.3,126.1,804.3
34.3,130.1,804.3
34.3,136.0,804.8
34.3,141.2,804.3
34.3,147.1,804.2
34.3,139.5,804.8
34.3,139.1,804.4
34.3,138.5,804.4
34.3,142.2,804.8
34.3,147.9,804.6
34.3,151.9,804.9
34.3,150.9,804.5
34.3,148.4,804.7
34.4,148.6,804.4
34.4,146.8,804.8
34.4,145.9,804.7
34.4,144.9,804.4
34.4,144.4,805.0
34.4,143.2,804.6
34.4,141.8,804.6
34.4,141.5,805.1
34.4,141.7,804.8
34.4,140.8,805.1
34.4,140.8,805.1
34.4,141.3,804.6
34.4,139.6,805.1
34.4,139.6,804.7
34.5,140.2,804.7
34.5,139.1,805.2
34.5,140.0,804.7
34.5,138.3,804.9
34.5,138.7,805.1
34.5,139.6,805.0
34.5,138.4,805.1
34.5,138.1,804.7
34.5,137.9,804.8
34.5,126.0,805.0
34.5,126.0,804.8
34.5,126.7,805.0
34.6,128.2,804.9
34.6,116.1,805.0
34.6,122.8,804.7
34.6,130.2,804.6
34.6,137.4,804.5
34.6,144.1,805.0
34.6,142.5,804.7
34.6,141.9,804.5
34.6,141.3,805.0
34.6,125.1,805.0
34.6,114.8,804.8
34.6,121.0,804.6
34.6,127.0,804.6
34.6,134.4,804.6
34.7,140.6,804.7
34.7,143.5,804.6
34.7,142.9,805.0
34.7,139.8,804.9
34.7,140.1,805.2
34.7,139.3,804.9
34.7,138.9,804.8
34.7,138.7,805.3
34.7,138.8,805.0
34.7,125.0,805.3
34.7,114.4,805.3
34.7,115.5,804.8
34.8,116.5,804.9
34.8,116.9,805.3
34.8,118.1,805.1
34.8,118.2,805.4
34.8,119.3,805.2
34.8,119.0,805.0
34.8,120.2,805.4
34.8,120.3,805.0
34.8,120.3,805.4
34.8,121.0,805.5
34.8,121.4,805.3
34.8,121.0,805.5
34.9,120.6,805.1
34.9,119.6,805.5
34.9,117.9,805.4
34.9,117.4,805.5
34.9,116.7,805.1
34.9,117.1,805.6
34.9,116.7,805.5
34.9,118.4,805.3
34.9,117.6,805.5
34.9,117.4,805.3
34.9,116.5,805.6
34.9,118.2,805.3
35.0,115.7,805.1
35.0,114.7,805.5
35.0,114.1,805.3
35.0,114.1,805.5
35.0,114.1,805.1
35.0,113.9,805.7
35.0,113.5,805.2
35.0,113.3,805.6
35.0,112.7,805.3
35.0,111.2,805.7
35.1,111.3,805.6
35.1,111.0,805.7
35.1,111.4,805.7
35.1,111.7,805.8
35.1,112.0,805.8
35.1,111.7,805.4
35.1,112.4,805.8
35.1,113.1,805.7
35.1,114.6,805.8
35.1,116.2,805.9
35.1,116.0,805.4
35.1,118.0,805.9
35.2,118.4,805.9
35.2,119.6,805.9
35.2,120.3,805.9
35.2,119.1,805.6
35.2,119.1,805.9
35.2,117.1,805.1
35.2,117.7,805.5
35.2,116.7,805.1
35.2,116.5,805.4
35.2,116.5,805.1
35.2,116.4,805.1
35.2,117.9,805.4
35.3,118.4,805.1
35.3,119.2,805.3
35.3,118.0,804.8
35.3,118.4,804.9
35.3,119.4,805.2
35.3,119.1,805.2
35.3,118.5,805.2
35.3,119.4,804.8
35.3,123.8,804.8
35.3,127.9,805.2
35.3,131.5,804.8
35.3,137.4,804.8
35.3,141.2,804.8
35.3,147.1,804.8
35.3,149.7,804.8
35.4,152.7,805.1
35.4,157.6,804.8
35.4,155.1,805.2
35.4,151.1,804.8
35.4,148.8,805.2
35.4,149.1,804.7
35.4,148.2,804.8
35.4,148.7,805.2
35.4,145.0,804.9
35.4,145.6,805.3
35.4,145.3,805.2
35.4,146.0,805.0
35.4,143.3,805.0
35.4,143.3,805.1
35.5,144.2,804.5
35.5,143.9,804.5
35.5,143.5,804.9
35.5,141.9,804.7
35.5,140.9,804.9
35.5,142.0,804.9
35.5,141.7,804.4
35.5,140.0,804.8
35.5,141.1,804.5
35.5,141.2,804.4
35.5,140.1,804.9
35.5,139.8,804.4
35.5,140.7,804.6
35.5,140.1,804.8
35.6,139.7,804.4
35.6,138.9,804.6
35.6,139.5,804.9
35.6,139.5,804.8
35.6,139.6,804.9
35.6,139.0,804.6
35.6,139.0,804.6
35.6,139.2,804.9
35.6,138.6,804.7
35.6,138.6,804.6
35.6,138.8,805.0
35.6,139.0,805.0
35.6,138.7,805.0
35.6,138.9,805.0
35.7,138.7,804.8
35.7,138.5,805.0
35.7,139.0,804.9
35.7,138.8,805.2
35.7,138.7,805.2
35.7,138.5,804.9
35.7,137.8,805.0
35.7,138.1,805.2
35.7,137.7,805.2
35.7,138.2,805.1
35.7,136.4,805.2
35.7,137.7,804.8
35.7,137.7,805.3
35.7,138.1,805.1
35.8,137.2,804.8
35.8,137.5,805.3
35.8,137.3,805.1
35.8,137.3,805.1
35.8,135.6,805.4
35.8,136.6,805.2
35.8,135.5,805.5
35.8,136.4,805.3
35.8,123.5,805.7
35.8,123.1,805.3
35.8,122.0,805.7
35.9,114.6,805.8
35.9,115.7,805.9
35.9,116.2,805.9
35.9,117.9,805.9
35.9,118.6,805.9
35.9,126.4,805.8
35.9,130.8,805.8
35.9,138.4,805.9
35.9,146.1,805.8
35.9,145.7,805.9
35.9,142.1,805.6
35.9,138.3,806.0
35.9,136.8,805.6
35.9,134.0,806.0
35.9,132.3,806.1
36.0,129.7,805.6
36.0,127.5,806.1
36.0,112.7,806.1
36.0,104.2,806.2
36.0,111.5,805.7
36.0,115.3,806.1
36.0,123.5,805.7
36.0,131.2,805.8
36.0,130.3,806.5
36.0,129.6,806.1
36.0,130.2,806.6
36.0,130.4,806.6
36.1,130.8,806.5
36.1,119.3,806.6
36.1,110.4,806.6
36.1,111.5,806.6
36.1,113.0,806.7
36.1,114.5,806.6
36.1,115.6,806.4
36.1,117.0,806.8
36.1,122.5,806.3
36.1,125.2,806.7
36.1,119.0,806.8
36.2,120.8,806.4
36.2,118.9,806.8
36.2,119.5,806.5
36.2,120.5,806.8
36.2,111.4,806.8
36.2,106.7,806.8
36.2,102.4,806.8
36.2,101.2,806.8
36.2,100.6,806.8
36.3,100.3,806.8
36.3,103.0,806.8
36.3,96.8,806.6
36.3,100.8,806.7
36.3,104.6,806.6
36.3,110.8,806.6
36.3,114.3,806.7
36.3,114.0,806.5
36.3,116.0,806.3
36.3,117.8,806.8
36.3,118.7,806.3
36.3,119.0,806.7
36.3,119.9,806.3
36.4,117.1,806.3
36.4,116.0,806.7
36.4,113.8,806.4
36.4,112.2,806.7
36.4,110.8,806.4
36.4,110.9,806.7
36.4,114.6,806.3
36.4,115.1,806.7
36.4,115.2,806.5
36.4,118.8,806.3
36.4,118.1,806.7
36.5,118.0,806.2
36.5,122.0,806.2
36.5,121.6,806.7
36.5,122.0,806.2
36.5,125.8,806.7
36.5,123.8,806.3
36.5,124.7,806.3
36.5,123.7,806.7
36.5,124.2,806.5
36.5,123.0,806.6
36.5,122.4,806.4
36.5,121.4,806.6
36.5,122.5,806.2
36.6,121.6,806.2
36.6,122.8,806.6
36.6,122.2,806.6
36.6,121.2,806.8
36.6,119.9,806.5
36.6,120.2,806.6
36.6,124.2,806.8
36.6,122.6,806.6
36.6,123.8,806.8
36.6,126.7,806.4
36.6,126.8,806.4
36.6,124.0,806.7
36.7,123.1,806.4
36.7,123.2,806.7
36.7,122.6,806.3
36.7,122.5,806.3
36.7,121.5,806.6
36.7,120.5,806.2
36.7,119.8,806.6
36.7,119.6,806.4
36.7,123.3,806.5
36.7,122.2,806.6
36.7,120.1,805.8
36.7,125.6,805.9
36.8,125.3,805.7
36.8,126.2,805.6
36.8,127.5,806.1
36.8,127.0,805.6
36.8,126.5,806.1
36.8,124.3,805.6
36.8,124.2,805.6
36.8,123.0,806.0
36.8,121.2,805.5
36.8,120.3,805.9
36.8,119.8,805.7
36.8,118.5,806.0
36.9,118.4,806.0
36.9,118.0,806.0
36.9,117.9,805.5
36.9,118.2,805.6
36.9,117.6,805.9
36.9,117.2,805.4
36.9,121.5,805.9
36.9,125.5,805.7
36.9,129.8,805.4
36.9,134.0,805.4
36.9,137.4,805.9
36.9,141.1,805.6
36.9,146.4,805.6
36.9,139.6,805.9
37.0,136.5,805.5
37.0,135.5,805.4
37.0,130.6,805.9
37.0,128.0,805.9
37.0,126.9,806.0
37.0,125.7,805.8
37.0,124.1,806.0
37.0,112.4,806.0
37.0,119.1,806.0
37.0,114.0,805.7
37.0,121.4,806.0
37.0,128.4,805.7
37.1,125.2,805.8
37.1,130.7,805.9
37.1,123.3,806.1
37.1,130.4,806.1
37.1,122.2,806.0
37.1,129.2,806.0
37.1,121.1,806.0
37.1,127.9,805.6
37.1,135.6,805.6
37.1,131.6,805.9
37.1,138.7,805.5
37.1,128.3,805.5
37.1,135.7,805.8
37.2,125.4,805.4
37.2,131.4,805.4
37.2,123.8,805.8
37.2,129.5,805.4
37.2,136.3,805.9
37.2,133.6,805.6
37.2,139.2,805.9
37.2,130.4,805.8
37.2,135.0,805.4
37.2,127.8,805.9
37.2,132.9,805.5
37.2,125.3,805.4
37.2,132.6,805.8
37.2,137.7,805.8
37.3,136.0,805.4
37.3,141.3,805.9
37.3,132.4,805.5
37.3,137.9,805.5
37.3,129.0,805.9
37.3,135.6,805.7
37.3,126.2,806.0
37.3,131.4,805.7
37.3,120.1,806.0
37.3,123.7,805.9
37.3,124.9,805.5
37.3,132.4,806.0
37.3,133.2,805.8
37.4,126.2,806.0
37.4,131.6,805.6
37.4,133.1,805.8
37.4,126.1,805.8
37.4,124.7,805.5
37.4,124.7,805.9
37.4,124.8,805.7
37.4,125.0,805.4
37.4,126.1,805.9
37.4,126.6,805.7
37.4,125.3,805.7
37.4,124.7,805.8
37.5,123.1,805.4
37.5,123.1,805.7
37.5,121.8,805.4
37.5,123.3,805.9
37.5,122.7,805.4
37.5,123.2,805.5
37.5,121.8,805.9
37.5,120.8,805.8
37.5,121.3,805.8
37.5,120.9,805.5
37.5,120.2,805.8
37.5,120.3,805.4
37.6,118.9,805.6
37.6,118.1,805.9
37.6,117.0,805.5
37.6,118.0,805.9
37.6,118.3,805.7
37.6,118.2,805.9
37.6,116.8,805.7
37.6,116.2,805.4
37.6,115.3,805.8
37.6,115.1,805.5
37.6,115.5,805.7
37.7,121.2,805.6
37.7,126.9,805.5
37.7,127.0,805.7
37.7,132.4,805.2
37.7,137.9,805.5
37.7,143.7,805.3
37.7,150.0,805.7
37.7,153.5,805.3
37.7,149.0,805.3
37.7,149.0,805.3
37.7,134.3,805.7
37.7,134.0,805.8
37.7,134.0,805.5
37.7,140.1,805.3
37.7,146.0,805.2
37.7,147.5,805.6
37.8,131.6,805.6
37.8,131.4,805.2
37.8,126.4,805.4
37.8,119.2,805.6
37.8,119.6,805.3
37.8,118.5,805.7
37.8,120.0,805.7
37.8,121.5,805.7
37.8,121.3,805.2
37.8,122.3,805.3
37.8,122.7,805.8
37.9,122.8,805.6
37.9,123.3,805.8
37.9,123.4,805.3
37.9,123.5,805.3
37.9,124.0,805.8
37.9,124.1,805.3
37.9,123.2,805.8
37.9,122.5,805.4
37.9,128.4,805.3
37.9,132.3,805.7
37.9,138.0,805.3
37.9,144.6,805.2
37.9,144.4,805.2
37.9,140.5,805.5
38.0,122.4,805.6
38.0,110.2,805.6
38.0,109.1,805.5
38.0,109.5,805.3
38.0,110.5,805.7
38.0,111.7,805.6
38.0,113.1,805.6
38.0,114.6,805.7
38.0,114.1,805.6
38.0,116.3,805.6
38.1,114.4,805.6
38.1,118.3,805.7
38.1,115.5,805.6
38.1,117.3,805.7
38.1,114.7,805.5
38.1,116.0,805.3
38.1,115.6,805.7
38.1,115.1,804.6
38.1,114.5,804.8
38.1,114.4,805.0
38.1,114.3,805.1
38.2,106.5,804.7
38.2,107.4,805.1
38.2,107.3,804.9
38.2,107.5,805.1
38.2,108.0,805.0
38.2,108.8,805.1
38.2,110.1,804.8
38.2,110.4,805.1
38.2,111.6,804.7
38.2,113.0,804.6
38.2,114.5,805.1
38.3,114.6,804.6
38.3,116.6,805.0
38.3,116.3,804.8
38.3,116.2,804.5
38.3,118.2,804.8
38.3,116.7,804.5
38.3,117.6,804.6
38.3,118.5,804.3
38.3,119.5,804.3
38.3,120.1,804.7
38.3,121.2,804.2
38.3,121.8,804.7
38.3,122.8,804.2
38.4,123.4,804.2
38.4,124.1,804.4
38.4,125.1,804.4
38.4,126.8,804.3
38.4,132.3,804.5
38.4,137.7,804.2
38.4,144.5,804.1
38.4,150.9,804.1
38.4,157.8,804.1
38.4,160.5,804.5
38.4,156.7,804.1
38.4,154.8,804.1
38.4,153.0,804.3
38.4,151.1,804.0
38.4,149.8,804.5
38.5,146.0,804.0
38.5,131.8,804.5
38.5,120.7,804.0
38.5,120.8,804.4
38.5,119.1,803.9
38.5,119.9,804.3
38.5,120.7,803.9
38.5,121.5,803.9
38.5,123.2,804.3
38.5,123.1,803.8
38.5,123.6,804.3
38.6,124.0,803.8
38.6,124.6,803.9
38.6,123.8,804.2
38.6,123.8,803.8
38.6,125.1,804.2
38.6,125.5,803.8
38.6,123.2,803.7
38.6,119.7,804.2
38.6,119.3,803.7
38.6,124.9,804.3
38.6,125.0,804.1
38.6,130.5,803.8
38.6,136.6,804.2
38.6,134.1,803.7
38.7,139.8,803.7
38.7,139.6,804.2
38.7,136.3,803.8
38.7,125.0,804.2
38.7,130.3,804.0
38.7,136.5,803.7
38.7,141.6,803.7
38.7,146.6,804.3
38.7,151.4,804.3
38.7,150.0,803.8
38.7,148.8,804.3
38.7,146.4,804.1
38.7,145.6,803.8
38.7,145.1,804.3
38.8,144.2,803.9
38.8,143.1,803.9
38.8,142.7,804.4
38.8,142.9,804.2
38.8,141.9,804.1
38.8,140.7,804.6
38.8,140.0,804.3
38.8,137.4,804.7
38.8,139.4,804.4
38.8,138.1,804.8
38.8,138.8,804.8
38.8,138.8,804.4
38.8,138.4,804.6
38.9,125.2,804.9
38.9,125.8,804.9
38.9,126.8,804.5
38.9,134.7,804.6
38.9,141.2,804.6
38.9,141.0,805.0
38.9,140.1,804.6
38.9,140.1,804.8
38.9,138.4,805.1
38.9,139.0,804.7
38.9,138.6,804.7
38.9,135.7,805.2
38.9,135.0,805.0
38.9,132.6,805.2
39.0,129.4,805.0
39.0,127.7,805.3
39.0,125.6,805.2
39.0,124.1,805.4
39.0,122.6,805.0
39.0,122.6,805.1
39.0,122.0,805.4
39.0,122.5,805.1
39.0,122.1,805.5
39.0,123.2,805.2
39.0,124.7,805.2
39.0,125.0,805.5
39.1,126.9,805.2
39.1,127.6,805.1
39.1,117.6,805.5
39.1,118.8,805.6
39.1,120.3,805.3
39.1,128.4,805.1
39.1,134.2,805.3
39.1,135.4,805.6
39.1,135.2,805.5
39.1,134.3,805.2
39.1,135.3,805.7
39.1,134.6,805.3
39.1,135.9,805.6
39.1,134.5,805.7
39.2,134.3,805.2
39.2,133.6,805.7
39.2,134.3,805.4
39.2,133.4,805.2
39.2,134.7,805.7
39.2,133.9,805.2
39.2,134.7,805.7
39.2,123.6,805.5
39.2,123.2,805.6
39.2,124.3,805.3
39.2,130.7,805.2
39.2,134.7,805.7
39.3,123.2,805.7
39.3,128.4,805.5
39.3,122.2,805.8
39.3,128.3,805.5
39.3,134.9,805.4
39.3,141.5,805.8
39.3,145.5,805.3
39.3,140.7,805.4
39.3,142.9,805.9
39.3,142.0,805.4
39.3,141.9,805.4
39.3,141.3,805.9
39.3,141.0,805.8
39.3,139.9,805.9
39.4,126.7,805.6
39.4,127.3,805.8
39.4,128.1,805.3
39.4,135.4,805.6
39.4,142.6,805.5
39.4,142.0,806.0
39.4,139.0,805.6
39.4,138.5,805.9
39.4,137.5,805.5
39.4,139.4,805.5
39.4,139.5,805.9
39.4,139.0,805.4
39.4,137.3,805.7
39.4,136.7,805.9
39.5,136.0,805.8
39.5,137.1,805.6
39.5,139.1,805.8
39.5,137.3,805.6
39.5,137.0,806.1
39.5,135.5,806.0
39.5,139.1,805.6
39.5,137.0,806.1
39.5,138.1,805.6
39.5,138.3,805.6
39.5,136.0,806.0
39.5,137.7,805.7
39.5,138.6,805.6
39.5,138.4,806.0
39.6,136.9,805.6
39.6,137.8,805.9
39.6,137.7,805.5
39.6,137.4,805.9
39.6,135.8,806.0
39.6,136.5,805.5
39.6,136.7,805.7
39.6,136.3,806.0
39.6,134.6,805.5
39.6,134.2,806.0
39.6,135.0,806.1
39.6,133.9,805.8
39.6,133.9,806.1
39.7,133.5,805.6
39.7,133.9,806.0
39.7,132.6,806.1
39.7,132.5,805.8
39.7,132.6,806.1
39.7,133.3,805.7
39.7,132.7,806.1
39.7,134.9,806.1
39.7,132.2,805.9
39.7,129.4,806.2
39.7,133.9,805.7
39.7,134.5,805.7
39.7,134.0,806.0
39.7,136.2,805.8
39.8,133.8,805.8
39.8,135.3,806.2
39.8,136.3,805.9
39.8,135.2,806.0
39.8,136.9,806.4
39.8,135.2,806.1
39.8,123.0,806.4
39.8,123.2,806.2
39.8,124.5,806.5
39.8,129.7,806.2
39.8,135.2,806.3
39.8,139.6,806.1
39.8,137.6,806.5
39.9,124.5,806.4
39.9,125.0,806.5
39.9,125.2,806.1
39.9,124.5,806.6
39.9,115.2,806.5
39.9,119.4,806.6
39.9,122.9,806.2
39.9,127.1,806.2
39.9,130.9,806.7
39.9,135.8,806.2
39.9,139.9,806.2
39.9,139.2,806.3
39.9,136.0,806.8
40.0,134.3,806.3
40.0,119.7,806.8
40.0,126.1,806.8
40.0,120.0,806.8
40.0,126.7,806.6
40.0,120.3,806.9
40.0,127.8,806.5
40.0,119.6,806.9
40.0,128.3,806.6
40.0,119.0,806.4
40.0,125.6,806.9
40.1,118.9,807.0
40.1,126.4,806.8
40.1,133.8,806.9
40.1,129.4,807.0
40.1,134.8,806.5
40.1,126.5,807.0
40.1,133.8,806.6
40.1,122.8,807.1
40.1,125.3,807.1
40.1,124.1,807.1
40.1,127.2,806.9
40.1,121.6,806.8
40.1,127.8,807.1
40.1,130.2,806.9
40.2,131.4,807.1
40.2,118.7,807.1
40.2,125.2,806.7
40.2,118.9,807.1
40.2,125.4,806.8
40.2,132.6,806.7
40.2,129.5,807.2
40.3,50.1,839.7
40.3,53.0,839.7
40.3,57.6,839.7
40.4,61.2,839.7
40.4,65.7,839.7
40.4,71.4,839.7
40.4,77.5,839.7
40.4,84.6,839.7
40.4,89.7,839.7
40.4,93.5,839.7
40.4,96.9,839.7
40.4,100.1,839.7
40.4,104.1,839.7
40.4,106.6,839.7
40.4,110.1,839.7
40.4,113.9,839.7
40.4,116.2,839.7
40.4,118.3,839.7
40.4,120.4,839.6
40.5,113.6,839.6
40.5,107.4,839.6
40.5,110.1,839.6
40.5,112.6,839.6
40.5,114.4,839.6
40.5,116.3,839.6
40.5,118.4,839.6
40.5,119.9,839.6
40.5,129.5,839.6
40.5,134.3,839.6
40.5,144.8,839.6
40.5,149.1,839.6
40.5,148.5,839.6
40.5,148.1,839.6
40.5,148.2,839.6
40.6,148.1,839.6
40.6,147.8,839.6
40.6,147.6,839.6
40.6,146.9,839.6
40.6,147.0,839.6
40.6,132.2,839.6
40.6,121.1,839.6
40.6,122.2,839.6
40.6,122.3,839.6
40.6,124.0,839.6
40.6,123.0,839.6
40.6,125.1,839.6
40.7,126.0,839.6
40.7,126.7,839.6
40.7,136.5,839.6
40.7,141.3,839.6
40.7,151.7,839.6
40.7,152.6,839.6
40.7,134.7,839.6
40.7,129.5,839.6
40.7,134.2,839.6
40.7,141.7,839.6
40.7,147.4,839.6
40.7,149.1,839.6
40.7,147.5,839.6
40.7,144.8,839.6
40.7,145.3,839.6
40.8,145.3,839.6
40.8,144.9,839.6
40.8,143.7,839.6
40.8,142.7,839.6
40.8,141.8,839.6
40.8,143.1,839.6
40.8,141.6,839.6
40.8,141.8,839.6
40.8,140.5,839.7
40.8,137.2,839.6
40.8,139.8,839.6
40.8,140.4,839.7
40.8,139.3,839.7
40.8,139.2,839.6
40.9,137.9,839.7
40.9,138.1,839.7
40.9,138.6,839.7
40.9,138.6,839.7
40.9,138.9,839.7
40.9,138.8,839.7
40.9,138.9,839.7
40.9,139.0,839.7
40.9,138.5,839.7
40.9,137.5,839.7
40.9,137.4,839.7
40.9,137.3,839.7
40.9,138.1,839.7
40.9,136.3,839.7
41.0,132.6,839.7
41.0,131.2,839.7
41.0,129.0,839.7
41.0,127.2,839.7
41.0,124.8,839.7
41.0,124.5,839.9
41.0,122.0,839.9
41.0,121.4,839.9
41.0,122.0,839.9
41.0,120.7,839.9
41.0,122.8,839.9
41.1,120.2,839.9
41.1,125.5,839.9
41.1,119.6,839.9
41.1,127.0,839.9
41.1,118.9,839.9
41.1,127.4,839.9
41.1,118.0,839.9
41.1,125.8,839.9
41.1,133.9,839.9
41.1,124.4,839.9
41.1,116.8,839.9
41.1,121.9,839.9
41.2,114.1,839.9
41.2,117.3,839.9
41.2,115.4,839.9
41.2,119.0,839.9
41.2,114.1,839.9
41.2,119.1,839.9
41.2,119.8,839.9
41.2,128.5,839.9
41.2,137.7,839.9
41.2,147.6,839.9
41.2,143.3,839.9
41.2,148.3,840.0
41.2,136.9,840.0
41.2,144.9,840.0
41.3,131.9,840.0
41.3,142.0,840.0
41.3,128.8,839.9
41.3,138.7,839.9
41.3,125.8,839.9
41.3,135.1,839.9
41.3,129.0,839.9
41.3,118.2,839.9
41.3,117.7,839.9
41.3,117.9,839.9
41.3,118.6,839.9
41.3,118.8,839.9
41.4,119.8,839.9
41.4,119.9,839.9
41.4,120.1,839.9
41.4,120.3,839.9
41.4,118.4,839.9
41.4,120.6,839.9
41.4,116.7,839.9
41.4,118.0,839.9
41.4,119.0,839.9
41.4,119.8,839.9
41.4,122.2,839.9
41.4,126.8,840.0
41.5,116.9,840.0
41.5,118.2,840.0
41.5,117.6,840.0
41.5,120.4,840.0
41.5,117.6,840.0
41.5,118.9,840.0
41.5,118.0,840.0
41.5,119.0,840.0
41.5,118.4,840.0
41.5,121.0,840.0
41.5,118.4,840.0
41.5,119.3,840.0
41.6,123.0,840.0
41.6,127.9,840.0
41.6,117.9,840.0
41.6,119.4,840.2
41.6,119.0,840.2
41.6,121.5,840.2
41.6,118.7,840.2
41.6,121.2,840.2
41.6,119.0,840.2
41.6,120.9,840.2
41.6,118.9,840.2
41.6,121.4,840.2
41.7,119.2,840.2
41.7,123.0,840.2
41.7,118.0,840.2
41.7,119.4,840.2
41.7,118.7,840.2
41.7,119.9,840.2
41.7,118.3,840.2
41.7,118.3,840.2
41.7,120.3,840.2
41.7,121.8,840.2
41.7,119.6,840.2
41.7,121.0,840.2
41.8,123.8,840.2
41.8,128.9,840.2
41.8,122.7,840.2
41.8,129.5,840.2
41.8,119.9,840.2
41.8,124.9,840.2
41.8,117.3,840.2
41.8,120.0,840.2
41.8,121.4,840.3
41.8,128.0,840.3
41.8,135.4,840.3
41.8,133.8,840.3
41.8,141.0,840.3
41.8,148.2,840.3
41.9,141.0,840.3
41.9,148.6,840.3
41.9,136.3,840.3
41.9,143.1,840.3
41.9,150.9,840.3
41.9,145.1,840.3
41.9,149.2,840.3
41.9,133.0,840.3
41.9,119.7,840.3
41.9,119.9,840.3
41.9,119.4,840.3
41.9,117.8,840.3
42.0,123.8,840.3
42.0,128.7,840.3
42.0,138.0,840.3
42.0,135.3,840.3
42.0,134.6,840.3
42.0,118.1,840.3
42.0,105.9,840.3
42.0,113.9,840.3
42.0,117.6,840.3
42.0,126.0,840.3
42.0,118.6,840.3
42.1,108.8,840.3
42.1,109.4,840.3
42.1,111.3,840.2
42.1,112.1,840.2
42.1,113.7,840.2
42.1,114.3,840.2
42.1,116.5,840.2
42.1,123.8,840.2
42.1,128.0,840.2
42.1,137.4,840.2
42.1,142.0,840.2
42.1,128.1,840.2
42.2,114.0,840.2
42.2,113.8,840.2
42.2,113.8,840.2
42.2,113.4,840.2
42.2,117.4,840.2
42.2,121.0,840.2
42.2,124.8,840.3
42.2,123.3,840.3
42.2,123.3,840.3
42.2,128.4,840.2
42.2,133.3,840.2
42.2,138.1,840.2
42.2,143.4,840.2
42.2,150.9,840.2
42.2,152.3,840.2
42.2,148.0,840.2
42.3,148.0,840.2
42.3,146.6,840.2
42.3,145.5,840.2
42.3,146.4,840.2
42.3,143.8,840.2
42.3,145.3,840.2
42.3,142.9,840.2
42.3,143.6,840.2
42.3,141.5,840.2
42.3,142.7,840.2
42.3,139.9,840.2
42.3,140.0,840.2
42.3,141.2,840.2
42.4,139.1,840.2
42.4,138.7,840.2
42.4,139.0,840.2
42.4,138.2,840.2
42.4,138.3,840.2
42.4,138.0,840.2
42.4,138.5,840.2
42.4,138.2,840.2
42.4,138.3,840.2
42.4,138.5,840.2
42.4,138.0,840.2
42.4,139.6,840.2
42.4,138.0,840.2
42.4,136.9,840.2
42.5,137.4,840.2
42.5,137.5,840.2
42.5,139.2,840.2
42.5,137.0,840.2
42.5,139.0,840.2
42.5,136.9,840.2
42.5,137.3,840.2
42.5,138.2,840.2
42.5,138.1,840.2
42.5,136.7,840.2
42.5,136.9,840.2
42.5,138.1,840.2
42.5,136.8,840.2
42.5,138.3,840.2
42.6,137.1,840.2
42.6,136.5,840.2
42.6,136.7,840.2
42.6,137.3,840.3
42.6,134.7,840.2
42.6,137.7,840.3
42.6,136.6,840.3
42.6,137.7,840.3
42.6,137.8,840.3
42.6,136.5,840.3
42.6,137.3,840.3
42.6,135.7,840.1
42.6,137.2,840.1
42.6,137.4,840.1
42.7,137.6,840.1
42.7,137.6,840.1
42.7,137.4,840.1
42.7,137.2,840.1
42.7,137.4,840.1
42.7,136.0,840.1
42.7,124.1,840.1
42.7,113.9,840.1
42.7,122.2,840.1
42.7,127.6,840.1
42.7,137.3,840.1
42.7,141.0,840.1
42.7,140.4,840.1
42.8,140.1,840.1
42.8,139.1,840.1
42.8,138.9,840.1
42.8,139.3,840.1
42.8,138.5,840.1
42.8,137.6,840.1
42.8,138.3,840.1
42.8,137.7,840.2
42.8,137.4,840.2
42.8,135.8,840.2
42.8,136.3,840.2
42.8,136.6,840.2
42.8,135.6,840.2
42.8,136.8,840.2
42.9,136.0,840.2
42.9,136.6,840.2
42.9,135.7,840.2
42.9,136.6,840.2
42.9,123.5,840.2
42.9,113.4,840.2
42.9,120.2,840.2
42.9,125.5,840.2
42.9,133.1,840.2
42.9,141.1,840.2
42.9,140.3,840.2
42.9,137.9,840.2
43.0,134.3,840.2
43.0,119.8,840.2
43.0,106.9,840.2
43.0,106.4,840.2
43.0,107.1,840.2
43.0,115.2,840.2
43.0,117.1,840.2
43.0,126.3,840.2
43.0,130.6,840.2
43.0,129.0,840.2
43.0,129.3,840.2
43.0,128.1,840.2
43.1,128.4,840.2
43.1,128.6,840.2
43.1,117.5,840.2
43.1,109.3,840.2
43.1,111.0,840.2
43.1,112.3,840.2
43.1,120.0,840.2
43.1,126.0,840.3
43.1,134.6,840.3
43.1,141.3,840.3
43.1,141.0,840.3
43.1,141.6,840.3
43.1,137.7,840.3
43.2,139.6,840.3
43.2,138.7,840.3
43.2,139.6,840.3
43.2,138.5,840.3
43.2,139.0,840.3
43.2,140.1,840.3
43.2,138.5,840.3
43.2,137.3,840.3
43.2,138.8,840.3
43.2,138.6,840.3
43.2,138.8,840.3
43.2,139.7,840.3
43.2,138.5,840.3
43.2,139.3,840.3
43.3,138.4,840.3
43.3,137.8,840.3
43.3,138.2,840.3
43.3,138.8,840.3
43.3,139.0,840.3
43.3,138.8,840.3
43.3,136.9,840.2
43.3,138.8,840.2
43.3,136.7,840.2
43.3,134.9,840.2
43.3,138.2,840.2
43.3,138.0,840.3
43.3,137.5,840.3
43.3,138.0,840.2
43.4,137.6,840.3
43.4,137.7,840.2
43.4,137.0,840.3
43.4,137.0,840.3
43.4,137.4,840.2
43.4,137.3,840.3
43.4,137.3,840.3
43.4,137.7,840.2
43.4,137.1,840.3
43.4,137.0,840.3
43.4,137.0,840.3
43.4,137.3,840.3
43.4,137.1,840.3
43.4,136.2,840.3
43.5,136.7,840.3
43.5,136.5,840.3
43.5,137.1,840.3
43.5,136.8,840.3
43.5,136.7,840.3
43.5,136.8,840.3
43.5,135.7,840.3
43.5,137.0,840.3
43.5,137.9,840.3
43.5,137.9,840.3
43.5,137.7,840.3
43.5,138.0,840.3
43.5,136.4,840.3
43.6,137.8,840.3
43.6,137.7,840.3
43.6,137.3,840.3
43.6,138.1,840.3
43.6,137.4,840.3
43.6,137.5,840.3
43.6,137.1,840.3
43.6,137.1,840.3
43.6,137.8,840.3
43.6,137.6,840.3
43.6,138.3,840.3
43.6,137.9,840.3
43.6,137.8,840.3
43.6,138.1,840.3
43.7,137.7,840.3
43.7,137.0,840.3
43.7,137.5,840.3
43.7,137.9,840.3
43.7,137.7,840.3
43.7,137.1,840.3
43.7,137.8,840.3
43.7,137.5,840.3
43.7,135.9,840.3
43.7,136.4,840.3
43.7,137.7,840.3
43.7,137.9,840.3
43.7,137.5,840.3
43.7,137.4,840.3
43.8,137.3,840.3
43.8,137.3,840.3
43.8,137.1,840.3
43.8,137.0,840.3
43.8,136.8,840.3
43.8,137.3,840.3
43.8,136.6,840.3
43.8,135.8,840.3
43.8,136.1,840.3
43.8,134.4,840.3
43.8,135.7,840.3
43.8,135.9,840.3
43.8,135.1,840.3
43.9,135.7,840.3
43.9,135.8,840.3
43.9,136.6,840.3
43.9,136.1,840.3
43.9,136.4,840.3
43.9,136.6,840.3
43.9,136.5,840.3
43.9,136.0,840.3
43.9,137.5,840.3
43.9,137.8,840.3
43.9,135.3,840.3
43.9,136.5,840.3
43.9,136.2,840.3
43.9,136.3,840.3
44.0,135.8,840.3
44.0,132.5,840.3
44.0,130.7,840.4
44.0,130.2,840.4
44.0,127.8,840.4
44.0,122.1,839.2
44.0,124.9,839.2
44.0,122.6,838.8
44.0,122.9,838.8
44.0,123.0,838.8
44.0,123.7,838.8
44.0,124.3,838.8
44.1,125.6,838.8
44.1,126.0,838.8
44.1,127.6,838.8
44.1,127.9,838.8
44.1,130.4,838.8
44.1,129.3,838.8
44.1,131.7,838.8
44.1,132.2,838.8
44.1,132.5,838.8
44.1,132.1,838.8
44.1,132.5,838.8
44.1,133.4,838.8
44.1,132.8,838.8
44.1,133.5,838.8
44.2,133.3,838.8
44.2,133.8,838.8
44.2,134.5,838.8
44.2,134.9,838.8
44.2,134.9,838.8
44.2,133.0,838.8
44.2,122.9,838.8
44.2,112.9,838.8
44.2,114.8,838.8
44.2,116.6,838.8
44.2,116.8,838.8
44.3,118.5,838.8
44.3,118.5,838.8
44.3,127.6,838.8
44.3,132.7,838.8
44.3,143.1,838.8
44.3,146.7,838.8
44.3,145.7,838.8
44.3,144.4,838.8
44.3,143.8,838.8
44.3,142.4,838.8
44.3,142.3,838.8
44.3,141.8,838.8
44.3,140.6,838.8
44.3,140.4,838.8
44.3,139.5,838.8
44.4,126.1,838.8
44.4,115.0,838.8
44.4,123.1,838.8
44.4,129.1,838.8
44.4,138.5,838.8
44.4,142.6,838.8
44.4,142.0,838.8
44.4,141.9,839.0
44.4,139.9,839.0
44.4,138.7,839.0
44.4,138.8,839.0
44.4,139.7,839.0
44.4,139.0,839.0
44.4,138.9,839.0
44.5,137.3,839.0
44.5,137.1,839.0
44.5,137.2,839.0
44.5,136.9,839.0
44.5,138.6,839.0
44.5,138.3,839.0
44.5,138.4,839.0
44.5,136.2,839.0
44.5,138.3,839.0
44.5,137.2,839.0
44.5,137.0,839.0
44.5,136.8,839.0
44.5,137.8,839.0
44.5,138.2,839.0
44.6,137.1,839.0
44.6,137.1,839.0
44.6,134.7,839.0
44.6,137.0,839.0
44.6,134.7,839.0
44.6,134.9,839.0
44.6,123.2,839.0
44.6,112.7,839.0
44.6,112.8,839.0
44.6,113.9,839.0
44.7,114.7,839.0
44.7,115.5,839.0
44.7,116.8,839.0
44.7,117.1,839.0
44.7,117.8,839.0
44.7,118.3,839.0
44.7,119.2,839.0
44.7,119.1,839.0
44.7,120.0,839.0
44.7,120.4,839.0
44.7,120.6,839.0
44.7,121.0,839.0
44.7,120.6,839.0
44.8,126.6,839.0
44.8,134.2,839.1
44.8,142.7,839.1
44.8,147.8,839.0
44.8,145.4,839.0
44.8,138.5,839.0
44.8,138.5,839.1
44.8,138.5,839.1
44.8,138.6,839.1
44.8,137.3,839.1
44.8,137.3,839.1
44.8,138.5,839.1
44.8,138.1,839.1
44.8,140.5,839.1
44.8,138.1,839.1
44.9,137.7,839.2
44.9,125.8,839.2
44.9,115.0,839.2
44.9,115.6,839.2
44.9,116.6,839.2
44.9,122.5,839.2
44.9,128.7,839.2
44.9,135.4,839.2
44.9,142.2,839.2
44.9,145.7,839.2
44.9,141.5,839.2
44.9,139.1,839.2
44.9,138.4,839.2
45.0,135.2,839.2
45.0,132.6,839.2
45.0,129.9,839.2
45.0,127.9,839.2
45.0,125.9,839.2
45.0,124.9,839.2
45.0,123.6,839.2
45.0,124.3,839.2
45.0,123.8,839.2
45.0,124.0,839.2
45.0,124.4,839.2
45.0,124.8,839.3
45.1,125.6,839.3
45.1,126.6,839.2
45.1,127.7,839.2
45.1,128.4,839.2
45.1,128.2,839.3
45.1,130.3,839.3
45.1,130.7,839.3
45.1,131.7,839.3
45.1,120.5,839.3
45.2,78.8,840.6
45.2,84.0,840.6
45.2,90.6,840.6
45.2,97.2,840.6
45.2,105.0,840.7
45.2,112.7,840.7
45.2,116.0,840.7
45.2,119.1,840.7
45.2,121.6,840.7
45.2,124.2,840.7
45.2,125.6,840.7
45.2,128.8,840.7
45.2,129.8,840.7
45.2,132.3,840.7
45.3,132.8,840.6
45.3,133.7,840.6
45.3,135.8,840.6
45.3,135.4,840.6
45.3,135.4,840.6
45.3,136.2,840.6
45.3,138.9,840.6
45.3,136.8,840.6
45.3,137.5,840.6
45.3,139.7,840.6
45.3,127.4,840.6
45.3,109.5,840.6
45.4,101.6,840.7
45.4,100.1,841.4
45.4,98.6,841.4
45.4,99.7,841.5
45.4,103.1,841.5
45.4,100.6,841.6
45.4,100.9,841.2
45.4,103.4,841.2
45.4,104.8,841.3
45.4,106.1,841.3
45.5,107.7,841.4
45.5,110.2,841.2
45.5,111.2,841.3
45.5,113.6,841.3
45.5,113.8,841.3
45.5,114.9,841.3
45.5,115.3,841.3
45.5,113.1,841.4
45.5,111.5,841.4
45.5,112.0,841.4
45.5,111.1,841.5
45.6,112.5,841.5
45.6,112.4,841.5
45.6,112.0,841.6
45.6,111.7,841.7
45.6,112.3,841.7
45.6,114.3,841.7
45.6,113.9,841.8
45.6,115.5,841.8
45.6,115.1,841.8
45.6,115.4,841.8
45.6,114.9,841.9
45.6,116.0,841.9
45.7,115.8,841.9
45.7,118.1,841.9
45.7,116.8,842.0
45.7,119.0,842.0
45.7,120.3,842.0
45.7,121.3,842.0
45.7,123.9,842.0
45.7,126.0,842.0
45.7,127.9,842.0
45.7,127.8,842.0
45.7,127.5,842.0
45.7,127.0,842.0
45.7,125.8,842.1
45.8,125.8,842.1
45.8,123.3,842.1
45.8,124.5,842.1
45.8,126.2,842.1
45.8,125.0,842.2
45.8,122.5,842.2
45.8,121.5,842.3
45.8,123.3,842.3
45.8,122.9,842.3
45.8,125.6,842.4
45.8,126.9,842.4
45.8,131.1,842.4
45.8,132.7,842.4
45.9,125.7,842.4
45.9,125.3,842.4
45.9,124.7,842.4
45.9,125.3,842.4
45.9,125.7,842.4
45.9,125.1,842.4
45.9,124.7,842.4
45.9,123.7,842.5
45.9,122.5,842.5
45.9,123.1,842.5
45.9,124.1,842.5
45.9,123.5,842.5
46.0,122.0,842.5
46.0,121.6,842.5
46.0,119.1,842.6
46.0,117.9,842.6
46.0,118.3,842.6
46.0,114.2,842.6
46.0,114.0,842.7
46.0,111.7,842.8
46.0,110.9,842.9
46.0,110.7,842.9
46.1,110.0,842.9
46.1,110.7,842.9
46.1,112.1,842.9
46.1,113.3,842.9
46.1,114.2,842.9
46.1,113.2,843.0
46.1,114.4,843.0
46.1,112.2,843.0
46.1,113.7,843.0
46.1,112.4,843.1
46.1,111.4,843.1
46.1,112.3,843.1
46.2,111.5,843.1
46.2,112.4,843.1
46.2,111.8,843.2
46.2,112.9,843.2
46.2,112.1,843.2
46.2,112.9,843.2
46.2,111.6,843.3
46.2,110.8,843.3
46.2,111.4,843.3
46.2,110.2,843.4
46.2,110.1,843.4
46.3,110.6,843.3
46.3,109.7,843.4
46.3,109.4,843.4
46.3,110.5,843.4
46.3,111.1,843.5
46.3,111.9,843.5
46.3,111.3,843.5
46.3,111.9,843.5
46.3,111.2,843.6
46.3,111.8,843.6
46.3,111.3,843.6
46.4,110.6,843.6
46.4,111.9,843.6
46.4,111.3,843.7
46.4,112.4,843.7
46.4,111.5,843.7
46.4,112.0,843.7
46.4,112.4,843.8
46.4,111.6,843.8
46.4,112.5,843.8
46.4,113.3,843.8
46.4,113.0,843.9
46.4,114.1,843.9
46.5,116.1,843.9
46.5,114.7,843.9
46.5,113.4,844.0
46.5,114.2,844.0
46.5,113.3,844.0
46.5,114.7,844.0
46.5,113.3,844.0
46.5,114.2,844.0
46.5,114.7,844.1
46.5,114.0,844.1
46.5,115.1,844.1
46.6,116.1,844.1
46.6,116.6,844.1
46.6,117.9,844.1
46.6,118.5,844.1
46.6,120.9,844.1
46.6,118.1,844.0
46.6,118.5,844.2
46.6,117.2,844.2
46.6,116.1,844.3
46.6,116.3,844.3
46.6,115.2,844.3
46.6,116.3,844.2
46.7,116.4,844.3
46.7,116.8,844.3
46.7,115.2,844.3
46.7,115.8,844.3
46.7,116.5,844.3
46.7,117.6,844.3
46.7,117.8,844.3
46.7,117.9,844.3
46.7,116.9,844.4
46.7,116.8,844.4
46.7,113.9,844.4
46.8,113.3,844.4
46.8,111.8,844.4
46.8,111.1,844.5
46.8,112.9,844.5
46.8,115.7,844.5
46.8,117.3,844.5
46.8,120.6,844.5
46.8,121.3,844.5
46.8,120.7,844.5
46.8,119.8,844.6
46.8,119.3,844.6
46.8,120.0,844.6
46.8,119.9,844.6
46.9,118.9,844.6
46.9,118.8,844.6
46.9,116.9,844.7
46.9,117.5,844.7
46.9,116.2,844.7
46.9,117.0,844.7
46.9,117.5,844.7
46.9,116.9,844.8
46.9,118.1,844.8
46.9,117.7,844.8
46.9,117.8,844.8
47.0,116.2,844.8
47.0,117.5,844.8
47.0,118.0,844.8
47.0,118.0,844.8
47.0,117.2,844.8
47.0,115.3,844.8
47.0,113.4,844.8
47.0,111.3,844.9
47.0,111.2,844.9
47.0,111.6,844.9
47.0,112.0,844.9
47.1,113.1,844.9
47.1,114.0,844.9
47.1,114.5,844.9
47.1,113.5,844.7
47.1,114.6,844.7
47.1,115.0,844.7
47.1,115.9,844.7
47.1,116.2,844.7
47.1,115.3,844.7
47.1,115.8,844.7
47.1,116.7,844.7
47.1,117.3,844.7
47.2,117.6,844.8
47.2,118.7,844.8
47.2,119.2,844.8
47.2,119.9,844.8
47.2,119.5,844.8
47.2,119.1,844.8
47.2,120.4,844.8
47.2,120.5,844.8
47.2,121.5,844.8
47.2,122.3,844.8
47.2,123.0,844.7
47.2,123.5,844.7
47.2,123.8,844.7
47.3,123.9,844.7
47.3,124.8,844.7
47.3,124.9,844.7
47.3,130.0,844.7
47.3,128.8,844.7
47.3,127.1,844.7
47.3,126.9,844.7
47.3,133.5,844.7
47.3,133.4,844.7
47.3,140.6,844.7
47.3,134.0,844.7
47.3,126.5,844.7
47.3,124.6,844.7
47.4,125.6,844.7
47.4,124.4,844.7
47.4,129.1,844.7
47.4,136.5,844.7
47.4,141.1,844.7
47.4,136.8,844.7
47.4,124.1,844.7
47.4,122.5,844.7
47.4,121.9,844.7
47.4,121.3,844.7
47.4,121.4,844.7
47.4,122.2,844.7
47.5,123.2,844.7
47.5,124.6,844.7
47.5,124.8,844.7
47.5,123.1,844.7
47.5,123.1,844.7
47.5,123.2,844.7
47.5,122.8,844.7
47.5,123.1,844.7
47.5,123.5,844.8
47.5,124.1,844.8
47.5,123.1,844.8
47.5,122.9,844.8
47.5,123.0,844.8
47.6,124.5,844.8
47.6,122.5,844.8
47.6,124.1,844.8
47.6,122.3,844.8
47.6,124.0,844.8
47.6,122.4,844.8
47.6,124.2,844.8
47.6,121.8,844.8
47.6,121.9,844.8
47.6,121.3,844.8
47.6,121.2,844.8
47.6,121.8,844.8
47.7,122.0,844.8
47.7,121.9,844.7
47.7,122.5,844.7
47.7,125.3,844.7
47.7,125.7,844.7
47.7,125.1,844.7
47.7,125.6,844.7
47.7,125.2,844.7
47.7,125.3,844.7
47.7,124.3,844.7
47.7,124.3,844.7
47.7,123.5,844.7
47.8,122.2,845.3
47.8,124.6,845.3
47.8,124.1,845.3
47.8,123.8,845.3
47.8,121.6,845.3
47.8,123.8,845.3
47.8,125.1,845.3
47.8,123.6,845.3
47.8,124.1,845.3
47.8,123.5,845.4
47.8,123.3,845.4
47.8,120.3,845.4
47.9,122.6,845.4
47.9,122.9,845.4
47.9,123.7,845.4
47.9,122.9,845.4
47.9,123.5,845.4
47.9,123.2,845.4
47.9,123.3,845.4
47.9,121.3,845.4
47.9,123.4,845.4
47.9,123.9,845.4
47.9,123.7,845.4
47.9,123.9,845.4
47.9,122.0,845.4
48.0,120.1,845.4
48.0,120.6,845.4
48.0,118.0,845.4
48.0,116.5,845.4
48.0,113.1,845.4
48.0,111.5,845.4
48.0,110.5,845.4
48.0,111.4,845.4
48.0,110.4,845.4
48.0,110.4,845.4
48.1,110.7,845.4
48.1,111.3,845.4
48.1,112.3,845.4
48.1,113.3,845.4
48.1,113.6,845.4
48.1,115.1,845.4
48.1,115.9,845.4
48.1,118.0,845.4
48.1,118.2,845.4
48.1,122.8,845.4
48.1,127.8,845.4
48.1,135.1,845.5
48.1,142.8,845.5
48.1,146.0,845.5
48.1,147.1,845.5
48.2,144.0,845.5
48.2,142.0,845.5
48.2,127.8,845.5
48.2,116.5,845.5
48.2,118.5,845.5
48.2,118.3,845.5
48.2,118.4,845.5
48.2,118.6,845.5
48.2,119.1,845.5
48.2,119.7,845.5
48.2,121.2,845.5
48.3,120.5,845.5
48.3,122.0,845.5
48.3,121.1,845.5
48.3,121.8,845.5
48.3,122.3,845.5
48.3,121.2,845.5
48.3,123.1,845.4
48.3,123.3,845.4
48.3,121.8,845.4
48.3,123.5,845.4
48.3,123.8,845.4
48.3,123.2,845.4
48.4,123.6,845.4
48.4,123.5,845.4
48.4,123.6,845.4
48.4,123.7,845.4
48.4,131.0,845.4
48.4,136.8,845.4
48.4,144.2,845.4
48.4,150.0,845.4
48.4,150.3,845.4
48.4,147.8,845.4
48.4,147.0,845.5
48.4,145.9,845.4
48.4,144.5,845.4
48.4,143.3,845.4
48.4,142.5,845.4
48.5,140.2,845.4
48.5,142.0,845.4
48.5,141.9,845.4
48.5,141.4,845.4
48.5,140.9,845.4
48.5,139.8,845.4
48.5,140.5,845.5
48.5,139.4,845.5
48.5,139.0,845.5
48.5,138.4,845.5
48.5,139.3,845.5
48.5,139.4,845.5
48.5,138.7,845.5
48.5,138.6,845.5
48.6,138.2,845.5
48.6,138.0,845.5
48.6,136.2,845.5
48.6,137.5,845.5
48.6,137.8,845.5
48.6,137.0,845.5
48.6,137.2,845.5
48.6,135.7,845.5
48.6,136.5,845.5
48.6,136.5,845.5
48.6,136.0,845.5
48.6,134.7,845.5
48.6,136.4,845.5
48.6,136.5,845.5
48.7,136.1,845.5
48.7,136.8,845.5
48.7,136.7,845.5
48.7,135.9,845.5
48.7,135.6,845.5
48.7,134.9,845.5
48.7,133.8,845.5
48.7,135.0,845.5
48.7,136.7,845.5
48.7,136.3,845.5
48.7,135.6,845.5
48.7,135.8,845.5
48.7,136.5,845.5
48.8,136.5,845.5
48.8,136.0,845.5
48.8,136.3,845.5
48.8,135.8,845.5
48.8,136.2,845.5
48.8,135.4,845.5
48.8,136.0,845.5
48.8,136.0,845.5
48.8,135.6,845.5
48.8,136.1,845.5
48.8,135.1,845.5
48.8,134.8,845.5
48.8,132.3,845.5
48.8,135.2,845.5
48.9,134.0,845.5
48.9,135.0,845.5
48.9,135.2,845.5
48.9,135.2,845.5
48.9,135.0,845.5
48.9,133.6,845.5
48.9,134.8,845.5
48.9,134.9,845.5
48.9,135.3,845.5
48.9,134.8,845.5
48.9,135.4,845.5
48.9,135.5,845.5
48.9,134.1,845.5
49.0,136.3,845.5
49.0,135.0,845.5
49.0,133.0,845.5
49.0,131.6,845.5
49.0,130.0,845.5
49.0,127.9,845.5
49.0,128.0,845.5
49.0,125.6,845.6
49.0,123.8,845.5
49.0,121.5,845.6
49.0,120.9,845.6
49.0,120.6,845.6
49.1,111.4,845.6
49.1,103.0,845.6
49.1,105.3,845.6
49.1,106.9,845.6
49.1,108.8,845.6
49.1,111.1,845.6
49.1,110.5,845.6
49.1,113.0,845.6
49.1,114.9,845.6
49.1,115.6,845.6
49.1,116.4,845.6
49.2,117.1,845.6
49.2,118.1,845.6
49.2,118.6,845.6
49.2,119.5,845.6
49.2,120.4,845.6
49.2,120.0,845.6
49.2,119.5,845.6
49.2,119.7,845.6
49.2,119.2,845.6
49.2,118.9,845.6
49.2,119.9,845.6
49.2,119.1,845.6
49.3,120.1,845.6
49.3,119.7,845.6
49.3,123.2,845.6
49.3,129.5,845.6
49.3,134.1,845.6
49.3,138.2,845.6
49.3,144.1,845.6
49.3,150.0,845.6
49.3,149.6,845.6
49.3,147.0,845.6
49.3,143.6,845.6
49.3,144.1,845.6
49.3,144.9,845.6
49.3,143.7,845.6
49.3,143.7,845.6
49.4,142.6,845.6
49.4,142.0,845.6
49.4,141.1,845.6
49.4,138.6,845.6
49.4,140.6,845.6
49.4,139.4,845.6
49.4,139.1,845.6
49.4,139.0,845.6
49.4,138.2,845.6
49.4,137.3,845.6
49.4,138.2,845.8
49.4,137.8,845.8
49.4,136.7,845.8
49.4,137.3,845.8
49.5,136.0,845.8
49.5,137.5,845.8
49.5,137.5,845.8
49.5,137.2,845.8
49.5,135.8,845.8
49.5,136.0,845.8
49.5,137.9,845.8
49.5,135.8,845.8
49.5,137.3,845.8
49.5,135.2,845.8
49.5,135.9,845.8
49.5,137.0,845.8
49.5,135.3,845.8
49.6,135.0,845.8
49.6,135.6,845.8
49.6,135.8,845.8
49.6,135.3,845.8
49.6,135.2,845.8
49.6,135.4,845.8
49.6,136.4,845.8
49.6,134.8,845.8
49.6,135.9,845.8
49.6,134.4,845.8
49.6,136.1,845.8
49.6,136.2,845.8
49.6,135.0,845.8
49.6,135.2,845.8
49.7,134.8,845.8
49.7,133.4,845.8
49.7,133.5,845.8
49.7,133.3,845.8
49.7,133.2,845.9
49.7,132.6,845.9
49.7,131.9,845.9
49.7,133.3,845.9
49.7,133.6,845.9
49.7,134.0,845.9
49.7,133.4,845.9
49.7,132.8,845.9
49.7,134.3,845.9
49.8,132.8,845.9
49.8,133.1,845.9
49.8,132.9,845.9
49.8,133.5,845.9
49.8,133.4,845.9
49.8,133.4,845.9
49.8,133.8,845.9
49.8,134.7,845.9
49.8,133.6,845.9
49.8,133.8,846.0
49.8,133.3,846.0
49.8,133.6,846.0
49.8,132.4,846.0
49.9,134.8,846.0
49.9,133.1,846.0
49.9,133.6,846.0
49.9,133.2,846.0
49.9,133.8,846.0
49.9,132.8,846.0
49.9,121.4,846.0
49.9,122.1,846.0
49.9,122.8,846.0
49.9,130.8,846.0
49.9,138.8,846.0
49.9,137.3,846.0
49.9,136.6,846.0
49.9,136.8,846.0
50.0,122.1,846.0
50.0,109.9,846.0
50.0,117.3,846.0
50.0,119.5,846.0
50.0,127.8,846.0
50.0,130.4,846.0
50.0,128.7,846.0
50.0,125.4,846.0
50.0,123.7,846.0
50.0,122.8,846.0
50.1,111.0,846.0
50.1,117.4,846.1
50.1,125.3,846.1
50.1,123.4,846.1
50.1,126.9,846.1
50.1,122.5,846.1
50.1,128.9,846.1
50.1,121.2,846.1
50.1,129.2,846.1
50.1,120.4,846.1
50.1,128.3,846.1
50.1,135.3,846.1
50.1,131.8,846.1
50.1,134.5,845.6
50.2,128.6,845.5
50.2,135.4,845.3
50.2,126.0,845.3
50.2,134.2,845.3
50.2,124.2,845.4
50.2,132.0,845.4
50.2,140.0,845.4
50.2,135.1,845.4
50.2,139.3,845.4
50.2,129.7,845.4
50.2,136.9,845.4
50.2,126.3,845.4
50.2,134.8,845.4
50.3,124.0,845.4
50.3,130.6,845.4
50.3,139.1,845.4
50.3,134.6,845.4
50.3,141.5,845.4
50.3,130.9,845.3
50.3,139.0,845.3
50.3,128.8,845.3
50.3,136.2,845.3
50.3,143.8,845.3
50.3,136.9,845.3
50.3,144.1,845.3
50.3,132.6,845.3
50.3,139.2,845.3
50.4,129.2,845.4
50.4,136.0,845.4
50.4,127.4,845.4
50.4,135.1,845.4
50.4,141.9,845.4
50.4,137.5,845.4
50.4,143.8,845.4
50.4,132.5,845.4
50.4,139.0,845.4
50.4,131.1,845.4
50.4,140.1,845.4
50.4,143.4,845.4
50.4,139.0,845.4
50.4,140.4,845.4
50.5,128.3,845.4
50.5,116.4,845.4
50.5,123.8,845.4
50.5,117.4,845.3
50.5,119.6,845.3
50.5,121.4,845.2
50.5,126.8,845.2
50.5,118.6,845.2
50.5,127.2,845.2
50.5,120.5,845.2
50.5,129.5,845.2
50.5,138.7,845.2
50.6,130.4,845.2
50.6,138.9,845.2
50.6,148.2,845.2
50.6,133.6,845.2
50.6,120.8,845.2
50.6,121.5,845.2
50.6,121.8,845.3
50.6,129.4,845.3
50.6,130.5,845.3
50.6,121.5,845.3
50.6,128.6,845.3
50.6,134.6,845.3
50.6,143.3,845.3
50.6,148.8,845.3
50.7,148.0,845.3
50.7,146.0,845.3
50.7,145.4,845.3
50.7,143.2,845.3
50.7,142.7,845.3
50.7,128.1,845.3
50.7,116.6,845.3
50.7,116.7,845.3
50.7,117.6,845.3
50.7,118.2,845.3
50.7,118.1,845.3
50.8,117.9,845.3
50.8,118.8,845.3
50.8,119.2,845.3
50.8,119.7,845.3
50.8,119.2,845.3
50.8,120.7,845.3
50.8,121.6,845.3
50.8,120.7,845.3
50.8,121.7,845.3
50.8,120.6,845.3
50.8,121.6,845.3
50.8,121.4,845.3
50.9,121.3,845.3
50.9,119.3,845.3
50.9,120.6,845.3
50.9,119.4,845.3
50.9,119.1,845.3
50.9,124.6,845.3
50.9,131.3,845.3
50.9,138.7,845.3
50.9,146.0,845.3
50.9,149.6,845.3
50.9,148.0,845.3
50.9,131.7,845.3
50.9,128.7,845.3
50.9,126.5,845.3
51.0,132.0,845.3
51.0,128.2,845.3
51.0,134.8,845.3
51.0,139.8,845.3
51.0,143.7,845.4
51.0,141.6,845.3
51.0,136.7,845.4
51.0,134.6,845.4
51.0,132.2,845.4
51.0,130.6,845.4
51.0,129.0,845.4
51.0,128.6,845.4
51.0,126.6,845.6
51.1,123.8,845.6
51.1,125.9,845.6
51.1,123.2,845.6
51.1,126.0,845.6
51.1,120.4,845.6
51.1,128.2,845.6
51.1,118.4,845.6
51.1,125.7,845.6
51.1,118.4,845.6
51.1,125.4,845.6
51.1,118.8,845.6
51.1,126.2,845.6
51.1,133.7,845.6
51.2,129.5,845.6
51.2,136.2,845.6
51.2,125.4,845.6
51.2,133.1,845.6
51.2,123.8,845.6
51.2,129.4,845.6
51.2,123.4,845.6
51.2,129.2,845.6
51.2,121.0,845.6
51.2,125.5,845.6
51.2,118.6,845.6
51.2,123.0,845.6
51.3,118.5,845.6
51.3,122.6,845.6
51.3,118.0,845.6
51.3,121.5,845.6
51.3,118.4,845.6
51.3,122.5,845.6
51.3,119.6,845.6
51.3,123.2,845.6
51.3,120.3,845.7
51.3,126.6,845.7
51.3,120.8,845.6
51.3,127.1,845.6
51.3,133.5,845.6
51.4,132.8,845.6
51.4,139.5,845.6
51.4,145.9,845.6
51.4,143.4,845.6
51.4,150.2,845.6
51.4,156.2,845.6
51.4,151.2,845.6
51.4,143.8,845.6
51.4,136.3,845.6
51.4,132.6,845.6
51.4,129.9,845.6
51.4,128.4,845.6
51.4,127.4,845.6
51.5,124.8,845.6
51.5,123.0,845.6
51.5,121.2,845.6
51.5,105.4,845.6
51.5,109.9,845.5
51.5,115.1,845.5
51.5,119.7,845.5
51.5,128.0,845.5
51.5,134.4,845.5
51.5,141.4,845.5
51.5,148.5,845.5
51.5,147.8,845.5
51.5,149.0,845.5
51.5,144.5,845.5
51.6,143.5,845.5
51.6,143.6,845.5
51.6,142.2,845.5
51.6,142.7,845.5
51.6,140.5,845.5
51.6,140.2,845.5
51.6,139.9,845.5
51.6,139.7,845.7
51.6,139.9,845.7
51.6,139.5,845.7
51.6,139.0,845.7
51.6,139.2,845.7
51.6,138.6,845.7
51.6,138.4,845.7
51.7,137.8,845.6
51.7,137.5,845.7
51.7,138.7,845.7
51.7,137.2,845.7
51.7,137.7,845.7
51.7,137.2,845.7
51.7,136.1,845.7
51.7,124.2,845.7
51.7,115.8,845.7
51.7,117.6,845.7
51.7,124.2,845.7
51.7,132.3,845.7
51.7,133.5,845.7
51.8,130.9,845.7
51.8,133.3,845.7
51.8,137.7,845.7
51.8,142.4,845.7
51.8,144.4,845.7
51.8,135.0,845.7
