Time,FPS, Memory
0.0,66.7,443.7
0.0,61.0,448.8
0.0,61.8,448.8
0.0,64.0,448.8
0.1,68.1,448.8
0.1,73.8,448.8
0.1,80.1,448.8
0.1,87.2,448.8
0.1,91.4,448.8
0.1,97.2,448.8
0.1,101.1,448.8
0.1,104.5,448.8
0.1,108.0,448.8
0.1,111.5,448.8
0.1,114.0,448.8
0.1,117.8,448.8
0.1,120.7,448.8
0.1,123.3,448.8
0.1,125.2,448.8
0.1,127.8,448.8
0.1,129.3,448.8
0.1,131.5,448.8
0.2,132.9,448.8
0.2,133.9,448.8
0.2,136.5,448.8
0.2,138.2,448.8
0.2,137.7,448.8
0.2,140.6,448.8
0.2,140.4,448.8
0.2,142.4,448.8
0.2,142.6,448.8
0.2,144.5,448.8
0.2,145.0,448.8
0.2,144.4,448.8
0.2,145.1,448.8
0.2,146.7,448.8
0.2,147.5,448.8
0.3,146.0,448.8
0.3,148.4,448.8
0.3,148.1,448.8
0.3,148.7,448.8
0.3,149.1,448.8
0.3,148.9,448.8
0.3,149.0,448.8
0.3,148.8,448.8
0.3,148.9,448.8
0.3,149.9,448.8
0.3,149.2,448.8
0.3,149.8,448.8
0.3,149.1,448.8
0.3,150.4,448.8
0.3,150.6,448.8
0.4,149.9,448.8
0.4,150.9,448.8
0.4,150.1,448.8
0.4,150.8,448.8
0.4,150.7,448.8
0.4,150.3,448.8
0.4,151.0,448.8
0.4,148.5,448.8
0.4,150.9,448.8
0.4,149.5,448.8
0.4,150.7,448.8
0.4,151.4,448.8
0.4,149.6,448.8
0.4,150.8,448.8
0.4,151.1,448.8
0.5,151.0,448.8
0.5,151.4,448.8
0.5,151.0,448.8
0.5,151.4,448.8
0.5,151.3,448.8
0.5,151.3,448.8
0.5,151.2,448.8
0.5,151.1,448.8
0.5,151.6,448.8
0.5,151.7,448.8
0.5,150.7,448.8
0.5,151.3,448.8
0.5,150.6,448.8
0.5,151.5,448.8
0.5,151.1,448.8
0.6,151.0,448.8
0.6,150.4,448.8
0.6,150.6,448.8
0.6,150.5,448.8
0.6,150.4,448.8
0.6,150.3,448.8
0.6,150.8,448.8
0.6,150.5,448.8
0.6,151.1,448.8
0.6,151.0,448.8
0.6,148.5,448.8
0.6,150.9,448.8
0.6,150.5,448.8
0.6,149.6,448.8
0.6,149.4,448.8
0.7,150.9,448.9
0.7,150.1,448.8
0.7,150.6,448.8
0.7,151.3,448.9
0.7,151.4,448.9
0.7,150.8,448.8
0.7,150.9,448.9
0.7,151.3,448.8
0.7,151.4,448.8
0.7,151.0,448.9
0.7,150.5,448.9
0.7,151.1,448.8
0.7,151.6,448.9
0.7,150.9,448.8
0.7,150.5,448.8
0.8,150.5,448.9
0.8,148.7,448.8
0.8,151.5,448.8
0.8,151.1,448.9
0.8,150.4,448.9
0.8,150.3,448.8
0.8,150.7,448.9
0.8,151.2,448.9
0.8,151.0,448.8
0.8,149.8,448.9
0.8,150.6,448.9
0.8,150.2,448.8
0.8,151.1,448.9
0.8,150.1,448.9
0.8,149.6,448.9
0.9,150.4,448.9
0.9,150.7,448.9
0.9,150.2,448.9
0.9,150.7,448.9
0.9,149.5,448.9
0.9,149.9,448.9
0.9,149.5,448.9
0.9,151.0,448.9
0.9,150.9,448.9
0.9,149.6,448.9
0.9,150.5,448.9
0.9,150.3,448.8
0.9,150.9,448.8
0.9,150.4,448.8
0.9,151.4,448.8
1.0,148.8,448.8
1.0,149.4,448.8
1.0,151.1,448.8
1.0,150.9,448.9
1.0,148.5,448.9
1.0,149.2,448.8
1.0,149.8,448.9
1.0,149.8,448.9
1.0,149.6,448.9
1.0,149.3,448.9
1.0,150.1,448.9
1.0,150.5,449.0
1.0,150.4,449.0
1.0,150.0,449.0
1.0,149.5,449.0
1.1,150.0,449.0
1.1,151.0,449.0
1.1,149.7,449.0
1.1,151.2,449.0
1.1,151.4,449.0
1.1,150.5,449.0
1.1,150.5,449.0
1.1,151.4,449.0
1.1,150.5,449.0
1.1,148.7,449.0
1.1,149.9,449.0
1.1,150.5,449.0
1.1,150.4,449.0
1.1,150.4,449.0
1.1,148.6,449.0
1.2,150.1,449.0
1.2,148.7,449.0
1.2,151.2,449.0
1.2,150.6,449.0
1.2,150.5,449.0
1.2,150.2,449.0
1.2,149.9,449.0
1.2,150.7,449.0
1.2,150.4,449.0
1.2,148.4,449.0
1.2,150.3,449.0
1.2,150.5,449.0
1.2,150.1,449.0
1.2,150.1,449.0
1.2,148.9,449.0
1.3,149.6,449.0
1.3,149.0,449.0
1.3,149.1,449.0
1.3,150.0,449.0
1.3,149.3,449.0
1.3,149.5,449.0
1.3,150.9,449.0
1.3,150.0,449.0
1.3,150.7,449.0
1.3,149.1,449.0
1.3,150.1,449.0
1.3,149.4,449.0
1.3,150.3,449.0
1.3,150.8,449.0
1.3,150.5,449.0
1.4,150.4,449.0
1.4,150.7,449.0
1.4,150.4,449.0
1.4,150.1,449.0
1.4,148.9,449.0
1.4,147.3,449.0
1.4,149.4,449.0
1.4,149.7,449.0
1.4,150.8,449.0
1.4,149.3,449.0
1.4,149.4,449.0
1.4,151.1,449.0
1.4,150.9,449.0
1.4,150.6,449.0
1.4,150.8,449.0
1.5,150.2,449.0
1.5,148.5,449.0
1.5,150.6,449.0
1.5,149.5,449.0
1.5,151.1,449.0
1.5,151.0,449.0
1.5,151.5,449.0
1.5,150.3,449.0
1.5,150.5,449.0
1.5,148.8,449.0
1.5,150.4,449.0
1.5,151.2,449.0
1.5,150.9,449.0
1.5,150.6,449.0
1.5,150.7,449.0
1.6,150.3,449.0
1.6,150.2,449.0
1.6,151.2,449.0
1.6,150.8,449.0
1.6,150.8,449.0
1.6,147.5,449.0
1.6,150.6,449.0
1.6,151.3,449.0
1.6,151.0,449.0
1.6,150.7,449.0
1.6,148.9,449.0
1.6,150.6,449.0
1.6,151.1,449.0
1.6,150.7,449.0
1.6,150.3,449.0
1.7,150.5,449.0
1.7,150.9,449.0
1.7,150.6,449.0
1.7,150.6,449.0
1.7,150.4,449.0
1.7,150.3,449.0
1.7,150.1,449.0
1.7,151.1,449.0
1.7,150.3,449.0
1.7,150.5,449.0
1.7,150.2,449.0
1.7,151.0,449.0
1.7,150.9,449.0
1.7,150.7,449.0
1.7,150.7,449.0
1.8,148.7,449.0
1.8,151.1,449.1
1.8,151.0,449.0
1.8,148.9,449.1
1.8,150.8,449.1
1.8,148.8,449.1
1.8,151.6,449.1
1.8,149.5,449.1
1.8,149.0,449.1
1.8,151.6,449.1
1.8,151.0,449.1
1.8,151.2,449.1
1.8,149.4,449.1
1.8,150.7,449.1
1.8,151.1,449.1
1.8,151.1,449.1
1.9,151.5,449.1
1.9,151.4,449.1
1.9,151.0,449.1
1.9,149.8,449.1
1.9,150.1,449.1
1.9,151.2,449.1
1.9,151.5,449.1
1.9,150.7,449.1
1.9,151.0,449.1
1.9,150.8,449.1
1.9,150.9,449.1
1.9,151.4,449.1
1.9,150.9,449.1
1.9,150.9,449.1
1.9,150.3,449.1
2.0,150.9,449.1
2.0,151.0,449.1
2.0,150.5,449.1
2.0,151.1,449.1
2.0,150.7,449.1
2.0,151.0,449.1
2.0,150.9,449.1
2.0,150.9,449.1
2.0,150.1,449.1
2.0,150.4,449.1
2.0,148.9,449.1
2.0,150.8,449.1
2.0,150.8,449.1
2.0,150.9,449.1
2.0,150.8,449.1
2.1,151.3,449.1
2.1,151.1,449.1
2.1,150.4,449.1
2.1,150.9,449.1
2.1,150.5,449.1
2.1,150.8,449.1
2.1,149.3,449.1
2.1,150.9,449.1
2.1,149.4,449.1
2.1,149.9,449.1
2.1,137.0,449.1
2.1,138.4,449.1
2.1,138.8,449.1
2.1,147.8,449.1
2.1,155.1,449.1
2.2,154.8,449.1
2.2,154.8,449.1
2.2,153.8,449.1
2.2,153.9,449.1
2.2,153.3,449.1
2.2,153.4,449.1
2.2,152.4,449.1
2.2,151.9,449.1
2.2,151.3,449.1
2.2,151.8,449.1
2.2,152.3,449.1
2.2,151.6,449.1
2.2,151.4,449.1
2.2,151.9,449.1
2.2,150.9,449.1
2.3,152.0,449.1
2.3,150.8,449.1
2.3,151.4,449.1
2.3,151.7,449.1
2.3,151.2,449.1
2.3,150.1,449.1
2.3,150.6,449.1
2.3,150.4,449.1
2.3,151.6,449.1
2.3,151.1,449.1
2.3,150.7,449.1
2.3,150.0,449.1
2.3,150.9,449.1
2.3,148.7,449.1
2.3,151.4,449.1
2.4,151.0,449.1
2.4,150.9,449.1
2.4,132.3,449.1
2.4,133.5,449.1
2.4,139.3,449.1
2.4,147.7,449.1
2.4,156.1,449.1
2.4,153.0,449.1
2.4,154.0,449.1
2.4,155.0,449.1
2.4,152.9,449.1
2.4,152.7,449.1
2.4,152.6,449.1
2.4,152.4,449.1
2.4,152.3,449.1
2.5,152.5,449.1
2.5,151.9,449.1
2.5,151.6,449.1
2.5,151.4,449.1
2.5,151.0,449.1
2.5,151.7,449.1
2.5,149.7,449.1
2.5,150.5,449.1
2.5,151.5,449.1
2.5,151.9,449.1
2.5,151.4,449.1
2.5,150.1,449.1
2.5,150.6,449.1
2.5,151.2,449.1
2.5,150.5,449.1
2.6,150.8,449.1
2.6,150.2,449.1
2.6,150.3,449.1
2.6,150.7,449.1
2.6,149.8,449.1
2.6,150.2,449.1
2.6,149.9,449.1
2.6,150.1,449.1
2.6,150.5,449.1
2.6,150.0,449.1
2.6,150.4,449.1
2.6,149.9,449.1
2.6,147.8,449.1
2.6,149.7,449.1
2.6,149.4,449.1
2.7,149.3,449.1
2.7,149.0,449.1
2.7,148.8,449.1
2.7,148.9,449.1
2.7,148.6,449.1
2.7,149.2,449.1
2.7,147.7,449.1
2.7,148.4,449.1
2.7,148.9,449.1
2.7,150.0,449.1
2.7,150.2,449.1
2.7,150.2,449.1
2.7,149.6,449.1
2.7,150.0,449.1
2.7,149.7,449.1
2.8,149.7,449.1
2.8,150.1,449.1
2.8,149.9,449.1
2.8,150.0,449.1
2.8,150.3,449.1
2.8,150.2,449.1
2.8,150.4,449.1
2.8,150.1,449.1
2.8,150.5,449.1
2.8,150.3,449.1
2.8,150.8,449.1
2.8,149.7,449.1
2.8,150.0,449.1
2.8,149.5,449.1
2.8,149.7,449.1
2.9,150.1,449.1
2.9,150.3,449.1
2.9,149.7,449.1
2.9,150.2,449.1
2.9,149.8,449.1
2.9,150.2,449.1
2.9,150.0,449.1
2.9,150.3,449.1
2.9,149.5,449.1
2.9,149.7,449.1
2.9,150.8,449.1
2.9,151.3,449.1
2.9,150.1,449.1
2.9,150.1,449.1
2.9,150.9,449.1
3.0,151.0,449.1
3.0,150.9,449.1
3.0,150.8,449.1
3.0,150.8,449.1
3.0,149.9,449.1
3.0,150.9,449.1
3.0,150.4,449.1
3.0,150.1,449.1
3.0,150.6,449.1
3.0,150.3,449.1
3.0,151.0,449.2
3.0,149.1,449.2
3.0,150.5,449.2
3.0,151.0,449.2
3.0,151.0,449.2
3.1,150.7,449.2
3.1,149.9,449.2
3.1,150.1,449.2
3.1,150.7,449.2
3.1,150.3,449.2
3.1,150.6,449.2
3.1,148.5,449.2
3.1,150.5,449.2
3.1,136.3,449.2
3.1,137.7,449.2
3.1,138.7,449.2
3.1,148.5,449.2
3.1,153.5,449.2
3.1,154.7,449.2
3.1,154.9,449.2
3.2,151.9,449.2
3.2,153.3,449.2
3.2,152.4,449.2
3.2,152.9,449.2
3.2,152.4,449.2
3.2,151.7,449.2
3.2,150.9,449.2
3.2,150.5,449.2
3.2,150.2,449.2
3.2,150.8,449.2
3.2,150.1,449.2
3.2,150.3,449.2
3.2,149.6,449.2
3.2,148.2,449.2
3.2,150.3,449.2
3.3,149.7,449.2
3.3,150.0,449.2
3.3,149.4,449.2
3.3,149.7,449.2
3.3,147.8,449.2
3.3,148.9,449.2
3.3,149.3,449.2
3.3,148.9,449.2
3.3,149.2,449.2
3.3,149.2,449.2
3.3,148.6,449.2
3.3,149.4,449.2
3.3,150.0,449.2
3.3,150.4,449.2
3.3,148.8,449.2
3.4,150.0,449.2
3.4,149.4,449.2
3.4,148.8,449.2
3.4,149.6,449.2
3.4,149.4,449.2
3.4,149.7,449.2
3.4,149.3,449.2
3.4,148.5,449.2
3.4,148.8,449.2
3.4,148.6,449.2
3.4,149.7,449.2
3.4,149.1,449.2
3.4,149.0,449.2
3.4,149.9,449.2
3.5,148.6,449.2
3.5,149.2,449.2
3.5,149.5,449.2
3.5,149.0,449.2
3.5,146.3,449.2
3.5,150.0,449.2
3.5,150.4,449.2
3.5,150.7,449.2
3.5,149.5,449.2
3.5,150.1,449.2
3.5,149.6,449.2
3.5,150.2,449.2
3.5,149.3,449.2
3.5,148.8,449.2
3.5,149.8,449.2
3.6,149.0,449.2
3.6,150.2,449.2
3.6,150.2,449.2
3.6,149.4,449.2
3.6,150.7,449.2
3.6,149.6,449.2
3.6,149.6,449.2
3.6,150.1,449.2
3.6,148.5,449.2
3.6,149.1,449.2
3.6,141.8,449.3
3.6,141.7,449.3
3.6,142.4,449.3
3.6,144.8,449.3
3.6,144.4,449.3
3.7,141.7,449.3
3.7,144.3,449.3
3.7,145.8,449.3
3.7,147.0,449.3
3.7,146.7,449.3
3.7,148.4,449.3
3.7,149.2,449.3
3.7,148.2,449.3
3.7,149.3,449.3
3.7,150.6,449.3
3.7,149.6,449.3
3.7,150.1,449.3
3.7,148.8,449.3
3.7,149.2,449.3
3.7,150.0,449.3
3.8,149.3,449.3
3.8,149.5,449.3
3.8,148.8,449.3
3.8,146.7,449.3
3.8,144.9,449.3
3.8,143.5,449.3
3.8,142.6,449.3
3.8,139.3,449.3
3.8,138.9,449.3
3.8,137.9,449.3
3.8,136.9,449.3
3.8,135.0,449.3
3.8,136.9,449.3
3.9,135.5,449.3
3.9,136.8,449.3
3.9,137.0,449.3
3.9,138.6,449.3
3.9,140.6,449.3
3.9,139.3,449.3
3.9,141.9,449.3
3.9,140.3,449.3
3.9,143.3,449.3
3.9,143.0,449.3
3.9,143.3,449.3
3.9,144.3,449.3
3.9,144.9,449.3
3.9,146.3,449.3
3.9,146.5,449.3
4.0,146.8,449.3
4.0,147.9,449.3
4.0,148.1,449.3
4.0,148.4,449.3
4.0,150.1,449.3
4.0,148.6,449.3
4.0,148.9,449.3
4.0,151.3,449.3
4.0,149.6,449.3
4.0,149.6,449.3
4.0,149.6,449.3
4.0,149.1,449.3
4.0,150.1,449.4
4.0,151.5,449.4
4.0,149.9,449.4
4.1,151.2,449.4
4.1,151.7,449.4
4.1,151.9,449.4
4.1,151.4,449.4
4.1,151.4,449.4
4.1,151.0,449.4
4.1,150.3,449.4
4.1,151.5,449.3
4.1,150.9,449.3
4.1,150.7,449.3
4.1,148.4,449.3
4.1,151.4,449.3
4.1,151.6,449.3
4.1,151.1,449.3
4.1,150.7,449.3
4.2,150.1,449.3
4.2,150.4,449.3
4.2,149.9,449.3
4.2,149.8,449.3
4.2,150.9,449.3
4.2,150.1,449.3
4.2,150.3,449.3
4.2,150.8,449.3
4.2,150.7,449.3
4.2,150.7,449.3
4.2,150.3,449.3
4.2,150.4,449.3
4.2,151.1,449.3
4.2,150.2,449.3
4.2,150.7,449.3
4.3,150.5,449.3
4.3,148.6,449.3
4.3,149.6,449.3
4.3,144.9,449.3
4.3,149.9,449.3
4.3,149.7,449.3
4.3,149.7,449.3
4.3,150.1,449.3
4.3,149.9,449.3
4.3,151.4,449.3
4.3,150.8,449.3
4.3,151.1,449.3
4.3,151.5,449.3
4.3,151.3,449.3
4.3,150.7,449.3
4.4,151.2,449.3
4.4,151.6,449.3
4.4,150.8,449.3
4.4,150.2,449.3
4.4,150.0,449.3
4.4,151.7,449.3
4.4,151.7,449.3
4.4,151.6,449.3
4.4,152.0,449.3
4.4,151.6,449.3
4.4,151.5,449.3
4.4,152.0,449.3
4.4,152.3,449.3
4.4,151.5,449.3
4.4,152.1,449.3
4.4,152.4,449.3
4.5,151.0,449.3
4.5,149.9,449.3
4.5,151.6,449.3
4.5,151.3,449.3
4.5,151.7,449.3
4.5,151.5,449.3
4.5,151.7,449.3
4.5,152.3,449.3
4.5,152.0,449.3
4.5,152.0,449.3
4.5,151.9,449.3
4.5,151.5,449.3
4.5,151.1,449.3
4.5,151.5,449.3
4.5,152.2,449.3
4.6,151.8,449.3
4.6,150.4,449.3
4.6,152.0,449.3
4.6,151.4,449.3
4.6,151.3,449.3
4.6,151.9,449.3
4.6,151.9,449.3
4.6,151.9,449.3
4.6,152.2,449.3
4.6,151.6,449.3
4.6,151.6,449.4
4.6,151.1,449.4
4.6,149.3,449.4
4.6,151.2,449.4
4.6,150.8,449.4
4.7,151.1,449.4
4.7,151.1,449.4
4.7,151.2,449.4
4.7,151.7,449.4
4.7,151.7,449.4
4.7,151.4,449.4
4.7,151.5,449.4
4.7,151.6,449.4
4.7,151.5,449.4
4.7,151.0,449.4
4.7,151.0,449.4
4.7,150.6,449.4
4.7,149.8,449.4
4.7,148.5,449.4
4.7,147.8,449.4
4.8,146.0,449.4
4.8,148.3,449.4
4.8,145.9,449.4
4.8,142.0,449.4
4.8,140.0,449.4
4.8,143.2,449.4
4.8,141.7,449.4
4.8,142.3,449.4
4.8,138.6,449.4
4.8,138.7,449.4
4.8,135.9,449.4
4.8,135.7,449.4
4.8,135.8,449.4
4.9,136.4,449.4
4.9,138.0,449.4
4.9,137.4,449.4
4.9,138.5,449.4
4.9,139.5,449.4
4.9,141.4,449.4
4.9,141.4,449.4
4.9,142.6,449.4
4.9,143.8,449.4
4.9,144.3,449.4
4.9,144.7,449.4
4.9,146.9,449.4
4.9,145.8,449.4
4.9,148.2,449.4
4.9,147.2,449.4
5.0,147.4,449.4
5.0,149.6,449.4
5.0,148.3,449.4
5.0,148.7,449.5
5.0,148.9,449.5
5.0,148.9,449.5
5.0,150.8,449.5
5.0,149.7,449.5
5.0,150.0,449.5
5.0,149.5,449.6
5.0,149.8,449.6
5.0,150.3,449.6
5.0,150.6,449.6
5.0,150.8,449.6
5.0,150.5,449.5
5.1,152.1,449.5
5.1,152.0,449.5
5.1,151.0,449.5
5.1,152.2,449.5
5.1,152.4,449.5
5.1,152.3,449.5
5.1,152.8,449.5
5.1,150.8,449.5
5.1,151.7,449.5
5.1,151.9,449.5
5.1,151.7,449.5
5.1,151.3,449.5
5.1,152.0,449.5
5.1,151.8,449.5
5.1,152.0,449.5
5.1,151.6,449.5
5.2,150.3,449.5
5.2,151.9,449.5
5.2,151.8,449.5
5.2,151.8,449.5
5.2,152.1,449.5
5.2,151.7,449.5
5.2,151.5,449.5
5.2,150.5,449.5
5.2,150.8,449.6
5.2,151.6,449.6
5.2,151.9,449.5
5.2,151.7,449.6
5.2,151.5,449.6
5.2,151.5,449.5
5.2,151.3,449.6
5.3,152.0,449.6
5.3,151.6,449.5
5.3,151.4,449.6
5.3,151.5,449.6
5.3,151.4,449.5
5.3,151.8,449.6
5.3,151.7,449.6
5.3,151.5,449.5
5.3,151.4,449.6
5.3,151.5,449.6
5.3,149.9,449.6
5.3,151.4,449.6
5.3,151.2,449.6
5.3,151.7,449.5
5.3,152.1,449.6
5.4,151.8,449.6
5.4,150.3,449.5
5.4,152.0,449.6
5.4,152.0,449.6
5.4,151.6,449.6
5.4,151.0,449.6
5.4,149.3,449.6
5.4,151.6,449.6
5.4,150.7,449.6
5.4,151.2,449.6
5.4,152.2,449.6
5.4,152.1,449.6
5.4,151.7,449.6
5.4,152.8,449.6
5.4,152.1,449.6
5.5,151.8,449.6
5.5,151.9,449.6
5.5,151.9,449.6
5.5,152.2,449.6
5.5,151.4,449.6
5.5,151.2,449.6
5.5,151.2,449.6
5.5,151.3,449.6
5.5,152.2,449.6
5.5,151.4,449.6
5.5,151.7,449.6
5.5,151.7,449.6
5.5,151.2,449.6
5.5,152.2,449.6
5.5,151.7,449.6
5.6,151.2,449.6
5.6,151.6,449.6
5.6,150.9,449.6
5.6,151.6,449.6
5.6,151.5,449.6
5.6,151.2,449.6
5.6,149.7,449.6
5.6,151.8,449.6
5.6,149.4,449.6
5.6,150.9,449.6
5.6,151.3,449.6
5.6,151.7,449.6
5.6,151.4,449.6
5.6,149.7,449.6
5.6,151.6,449.6
5.7,151.0,449.6
5.7,151.3,449.6
5.7,150.9,449.6
5.7,151.6,449.6
5.7,151.1,449.6
5.7,151.3,449.6
5.7,151.5,449.6
5.7,151.7,449.6
5.7,151.4,449.6
5.7,150.7,449.6
5.7,151.6,449.6
5.7,152.2,449.6
5.7,152.3,449.6
5.7,151.6,449.6
5.7,149.8,449.6
5.8,150.7,449.6
5.8,152.7,449.6
5.8,151.1,449.6
5.8,149.9,449.6
5.8,146.7,449.6
5.8,147.3,449.6
5.8,145.1,449.6
5.8,142.8,449.6
5.8,140.8,449.6
5.8,137.3,449.6
5.8,134.5,449.6
5.8,134.5,449.6
5.8,134.8,449.7
5.8,136.3,449.7
5.9,136.0,449.7
5.9,136.9,449.7
5.9,137.4,449.7
5.9,140.1,449.7
5.9,139.2,449.7
5.9,140.8,449.7
5.9,141.6,449.7
5.9,142.3,449.7
5.9,143.0,449.7
5.9,143.9,449.7
5.9,144.7,449.7
5.9,145.2,449.7
5.9,147.0,449.7
5.9,145.3,449.7
5.9,148.3,449.7
6.0,147.3,449.7
6.0,149.3,449.7
6.0,148.9,449.7
6.0,147.5,449.7
6.0,148.7,449.7
6.0,148.8,449.7
6.0,149.3,449.7
6.0,147.1,449.7
6.0,147.8,449.7
6.0,147.9,449.7
6.0,148.5,449.7
6.0,148.3,449.7
6.0,148.8,449.7
6.0,149.9,449.7
6.0,150.9,449.7
6.1,149.4,449.7
6.1,151.1,449.7
6.1,151.0,449.7
6.1,151.3,449.7
6.1,151.1,449.7
6.1,151.3,449.7
6.1,151.6,449.7
6.1,149.7,449.7
6.1,151.2,449.7
6.1,150.0,449.7
6.1,152.0,449.7
6.1,151.7,449.7
6.1,151.6,449.7
6.1,151.8,449.7
6.1,152.3,449.7
6.2,151.5,449.7
6.2,150.9,449.7
6.2,151.1,449.7
6.2,151.7,449.7
6.2,152.2,449.7
6.2,151.5,449.7
6.2,149.9,449.7
6.2,151.7,449.7
6.2,151.9,449.7
6.2,151.8,449.7
6.2,151.4,449.7
6.2,151.4,449.7
6.2,151.4,449.7
6.2,150.3,449.7
6.2,151.5,449.7
6.3,152.3,449.7
6.3,152.2,449.7
6.3,151.9,449.7
6.3,152.4,449.7
6.3,152.5,449.7
6.3,151.6,449.7
6.3,151.8,449.7
6.3,151.6,449.7
6.3,152.0,449.7
6.3,152.1,449.7
6.3,151.8,449.7
6.3,151.7,449.7
6.3,151.4,449.7
6.3,151.9,449.7
6.3,151.8,449.7
6.4,151.8,449.7
6.4,151.6,449.7
6.4,151.3,449.7
6.4,151.6,449.7
6.4,150.8,449.7
6.4,151.7,449.7
6.4,151.6,449.7
6.4,151.6,449.7
6.4,151.4,449.7
6.4,151.0,449.7
6.4,151.2,449.7
6.4,151.3,449.7
6.4,151.6,449.7
6.4,151.5,449.7
6.4,151.2,449.7
6.5,151.8,449.7
6.5,151.2,449.7
6.5,152.2,449.7
6.5,151.7,449.7
6.5,150.7,449.7
6.5,151.8,449.7
6.5,152.0,449.7
6.5,151.2,449.7
6.5,151.7,449.7
6.5,149.9,449.7
6.5,151.6,449.7
6.5,152.3,449.9
6.5,150.7,449.9
6.5,149.8,449.9
6.5,149.6,449.9
6.6,152.2,449.9
6.6,150.4,449.9
6.6,152.1,449.9
6.6,152.4,449.9
6.6,151.9,449.9
6.6,150.2,449.9
6.6,150.9,449.9
6.6,152.4,449.9
6.6,152.4,449.9
6.6,151.9,449.9
6.6,150.2,449.9
6.6,150.4,450.0
6.6,151.8,450.0
6.6,149.8,450.0
6.6,150.0,450.0
6.7,149.4,450.0
6.7,150.3,450.0
6.7,151.5,450.0
6.7,151.3,450.0
6.7,151.6,450.0
6.7,151.1,450.0
6.7,151.7,450.0
6.7,149.9,450.0
6.7,151.4,450.0
6.7,151.3,450.0
6.7,149.8,450.0
6.7,151.7,450.0
6.7,151.5,450.0
6.7,149.5,450.0
6.7,150.0,450.0
6.8,149.7,450.0
6.8,150.3,450.0
6.8,149.2,450.0
6.8,148.0,450.0
6.8,146.6,450.0
6.8,146.8,450.0
6.8,143.6,450.0
6.8,143.3,450.0
6.8,139.9,450.0
6.8,138.0,450.0
6.8,136.5,450.0
6.8,134.9,450.0
6.8,134.3,450.0
6.8,133.8,450.0
6.9,134.3,450.0
6.9,135.0,450.0
6.9,135.2,450.0
6.9,136.7,450.0
6.9,137.9,450.0
6.9,140.7,450.0
6.9,140.0,450.0
6.9,140.7,450.0
6.9,141.8,450.0
6.9,142.6,450.1
6.9,143.5,450.1
6.9,143.4,449.9
6.9,144.5,449.9
6.9,144.9,449.9
7.0,145.5,449.9
7.0,146.6,449.9
7.0,147.1,449.9
7.0,147.1,449.9
7.0,147.7,449.9
7.0,148.1,449.9
7.0,148.6,449.9
7.0,148.6,449.9
7.0,148.8,449.9
7.0,149.1,449.9
7.0,149.3,449.9
7.0,149.5,449.9
7.0,149.8,449.9
7.0,149.4,449.9
7.0,149.8,449.9
7.0,150.1,449.9
7.1,151.7,449.9
7.1,150.2,449.9
7.1,150.0,449.9
7.1,150.1,449.9
7.1,150.3,449.9
7.1,150.7,449.9
7.1,151.9,449.9
7.1,150.3,449.9
7.1,150.5,449.9
7.1,150.3,449.9
7.1,150.8,449.9
7.1,150.7,449.9
7.1,150.6,449.9
7.1,150.6,449.9
7.1,150.8,449.9
7.2,151.2,449.9
7.2,151.1,449.8
7.2,150.8,449.9
7.2,150.8,449.9
7.2,151.6,449.9
7.2,151.4,449.9
7.2,150.4,449.9
7.2,150.8,449.9
7.2,151.3,449.9
7.2,151.5,449.9
7.2,151.4,449.9
7.2,151.1,449.9
7.2,152.9,449.9
7.2,152.0,449.9
7.2,151.2,449.9
7.3,152.2,449.9
7.3,149.9,449.9
7.3,152.5,449.9
7.3,151.3,449.9
7.3,151.3,449.9
7.3,151.8,449.9
7.3,149.1,449.9
7.3,152.8,449.9
7.3,151.2,449.9
7.3,151.5,449.9
7.3,151.1,449.9
7.3,151.0,449.9
7.3,151.2,449.9
7.3,151.4,449.9
7.3,152.7,449.9
7.4,151.1,449.9
7.4,151.2,449.9
7.4,151.3,449.9
7.4,151.5,449.9
7.4,153.3,449.9
7.4,151.2,449.9
7.4,151.2,449.9
7.4,152.7,449.9
7.4,151.4,449.9
7.4,151.2,449.9
7.4,151.2,449.9
7.4,152.6,449.9
7.4,152.9,450.0
7.4,151.2,450.0
7.4,152.7,450.0
7.5,152.2,450.0
7.5,150.8,450.0
7.5,152.3,450.0
7.5,151.0,450.0
7.5,152.4,450.0
7.5,150.8,450.0
7.5,150.8,450.0
7.5,150.9,450.0
7.5,151.2,450.0
7.5,152.1,450.0
7.5,152.6,450.0
7.5,150.9,450.0
7.5,152.6,450.0
7.5,150.8,450.0
7.5,153.0,450.0
7.6,151.3,450.0
7.6,153.0,450.0
7.6,151.1,450.0
7.6,151.1,450.0
7.6,152.6,450.0
7.6,152.4,450.0
7.6,152.9,450.0
7.6,152.7,450.0
7.6,152.1,450.0
7.6,152.2,450.0
7.6,149.9,449.9
7.6,151.6,449.9
7.6,152.3,449.9
7.6,152.1,449.9
7.6,151.3,449.9
7.7,150.8,449.9
7.7,149.4,449.9
7.7,151.2,449.9
7.7,150.9,449.9
7.7,150.5,449.9
7.7,150.7,449.9
7.7,150.9,449.9
7.7,150.9,449.9
7.7,151.2,449.9
7.7,151.1,449.9
7.7,151.2,449.9
7.7,151.7,449.9
7.7,151.2,449.9
7.7,151.2,449.9
7.7,151.1,449.9
7.7,151.3,449.9
7.8,151.5,449.9
7.8,149.9,449.9
7.8,150.3,449.9
7.8,152.1,449.9
7.8,150.9,449.9
7.8,150.3,449.9
7.8,148.3,449.9
7.8,145.1,450.0
7.8,144.7,449.9
7.8,143.5,449.9
7.8,140.6,449.9
7.8,138.5,449.9
7.8,135.8,449.9
7.9,136.2,449.9
7.9,136.2,449.9
7.9,136.5,449.9
7.9,136.7,449.9
7.9,137.3,449.9
7.9,137.4,449.9
7.9,137.6,449.9
7.9,138.2,450.0
7.9,139.2,450.0
7.9,140.4,450.0
7.9,140.6,450.0
7.9,141.5,450.0
7.9,141.8,450.0
7.9,142.9,450.0
7.9,144.8,450.0
8.0,145.9,450.0
8.0,144.7,450.0
8.0,144.8,450.0
8.0,147.0,450.0
8.0,146.2,450.0
8.0,148.3,450.0
8.0,147.1,450.0
8.0,149.0,450.0
8.0,149.0,450.0
8.0,147.9,450.0
8.0,148.5,450.0
8.0,148.8,450.0
8.0,149.9,450.0
8.0,150.4,450.0
8.0,149.1,450.0
8.1,149.6,450.0
8.1,149.3,450.0
8.1,151.1,450.0
8.1,149.8,450.0
8.1,151.4,450.0
8.1,149.5,450.0
8.1,152.1,450.0
8.1,149.9,450.0
8.1,152.2,450.0
8.1,150.6,450.0
8.1,151.0,450.0
8.1,151.8,450.0
8.1,151.8,450.0
8.1,151.9,450.0
8.1,151.7,450.0
8.2,151.6,450.0
8.2,151.6,450.0
8.2,151.4,450.0
8.2,151.8,450.0
8.2,151.8,450.0
8.2,151.1,450.0
8.2,151.5,450.0
8.2,151.6,450.0
8.2,151.8,450.0
8.2,151.6,450.0
8.2,151.1,450.0
8.2,150.8,450.0
8.2,150.6,450.0
8.2,151.3,450.0
8.2,151.8,450.0
8.3,151.7,450.0
8.3,151.5,450.0
8.3,151.7,450.0
8.3,151.9,450.0
8.3,151.1,450.0
8.3,151.7,450.0
8.3,150.7,450.0
8.3,151.5,450.0
8.3,152.1,450.0
8.3,150.7,450.0
8.3,150.7,450.0
8.3,151.0,450.0
8.3,152.1,450.0
8.3,152.1,450.0
8.3,151.6,450.0
8.4,150.9,450.0
8.4,151.4,450.0
8.4,150.8,450.0
8.4,151.7,450.0
8.4,151.6,450.0
8.4,151.5,450.0
8.4,151.6,450.0
8.4,151.4,450.0
8.4,151.6,450.0
8.4,150.8,450.0
8.4,151.0,450.0
8.4,150.9,450.0
8.4,151.5,450.0
8.4,151.6,450.0
8.4,150.1,450.0
8.5,151.4,450.0
8.5,152.0,450.0
8.5,151.2,450.0
8.5,151.3,450.0
8.5,152.0,450.0
8.5,149.1,450.0
8.5,151.6,450.0
8.5,151.6,450.0
8.5,150.8,450.0
8.5,151.3,450.0
8.5,151.4,450.0
8.5,149.9,450.0
8.5,151.2,450.0
8.5,152.3,450.0
8.5,151.7,450.0
8.6,151.2,450.0
8.6,151.7,450.0
8.6,151.7,450.0
8.6,151.9,450.0
8.6,151.3,450.0
8.6,151.3,450.0
8.6,152.1,450.0
8.6,151.4,450.0
8.6,151.2,450.0
8.6,152.0,450.0
8.6,150.7,450.0
8.6,151.9,450.0
8.6,151.7,450.0
8.6,151.0,450.0
8.6,151.0,450.0
8.6,150.3,450.0
8.7,148.9,450.0
8.7,151.0,450.0
8.7,150.3,450.0
8.7,150.8,450.0
8.7,150.4,450.0
8.7,151.4,450.0
8.7,151.2,450.0
8.7,151.2,450.0
8.7,150.9,450.0
8.7,151.2,450.0
8.7,151.5,450.0
8.7,150.6,450.0
8.7,151.0,450.0
8.7,150.7,450.0
8.7,151.5,450.0
8.8,151.8,450.0
8.8,149.0,450.0
8.8,149.9,450.0
8.8,151.7,450.1
8.8,148.7,450.1
8.8,148.3,450.1
8.8,149.2,450.1
8.8,147.8,450.1
8.8,145.0,450.1
8.8,143.0,450.1
8.8,143.4,450.1
8.8,138.9,450.1
8.8,140.8,450.1
8.9,138.4,450.1
8.9,138.5,450.1
8.9,138.6,450.1
8.9,139.7,450.1
8.9,138.4,450.1
8.9,140.3,450.1
8.9,138.9,450.1
8.9,140.0,450.1
8.9,142.2,450.1
8.9,141.2,450.1
8.9,143.3,450.1
8.9,142.4,450.1
8.9,143.4,450.1
8.9,144.2,450.1
8.9,145.5,450.1
9.0,145.8,450.1
9.0,147.8,450.1
9.0,146.2,450.1
9.0,148.8,450.1
9.0,147.2,450.1
9.0,147.6,450.1
9.0,149.6,450.1
9.0,148.3,450.1
9.0,148.7,450.1
9.0,150.4,450.1
9.0,148.6,450.1
9.0,149.2,450.1
9.0,149.3,450.1
9.0,149.8,450.1
9.0,149.5,450.1
9.1,149.7,450.1
9.1,150.2,450.1
9.1,150.6,450.1
9.1,152.3,450.2
9.1,150.8,450.2
9.1,152.2,450.1
9.1,152.3,450.1
9.1,152.4,450.1
9.1,151.4,450.1
9.1,149.8,450.1
9.1,149.7,450.1
9.1,152.1,450.1
9.1,151.9,450.1
9.1,151.5,450.1
9.1,151.4,450.1
9.2,150.6,450.1
9.2,150.5,450.1
9.2,151.7,450.1
9.2,151.7,450.1
9.2,151.5,450.1
9.2,151.4,450.1
9.2,151.5,450.1
9.2,151.3,450.1
9.2,151.7,450.1
9.2,150.7,450.1
9.2,151.8,450.1
9.2,151.9,450.1
9.2,151.2,450.1
9.2,151.5,450.1
9.2,151.7,450.1
9.2,150.9,450.1
9.3,152.0,450.1
9.3,151.9,450.1
9.3,150.8,450.1
9.3,151.5,450.1
9.3,151.7,450.1
9.3,151.5,450.1
9.3,151.9,450.1
9.3,151.4,450.1
9.3,151.2,450.1
9.3,151.6,450.1
9.3,151.5,450.1
9.3,151.5,450.1
9.3,151.6,450.1
9.3,151.3,450.1
9.3,150.9,450.1
9.4,150.6,450.1
9.4,150.7,450.1
9.4,151.2,450.1
9.4,151.4,450.1
9.4,151.3,450.1
9.4,151.7,450.1
9.4,151.3,450.1
9.4,151.4,450.1
9.4,150.9,450.1
9.4,151.0,450.1
9.4,150.8,450.1
9.4,151.0,450.1
9.4,151.0,450.1
9.4,150.8,450.1
9.4,150.6,450.1
9.5,151.1,450.1
9.5,150.2,450.3
9.5,150.2,450.3
9.5,148.0,450.3
9.5,150.7,450.3
9.5,151.2,450.3
9.5,148.9,450.3
9.5,151.1,450.3
9.5,151.1,450.3
9.5,151.4,450.3
9.5,149.8,450.3
9.5,149.6,450.3
9.5,150.2,450.3
9.5,152.1,450.3
9.5,152.0,450.3
9.6,151.9,450.3
9.6,149.6,450.3
9.6,148.9,450.3
9.6,149.0,450.3
9.6,149.0,450.3
9.6,149.3,450.3
9.6,149.3,450.3
9.6,150.9,450.3
9.6,151.0,450.3
9.6,150.7,450.3
9.6,149.8,450.3
9.6,147.7,450.3
9.6,147.8,450.3
9.6,149.3,450.4
9.6,148.9,450.4
9.7,147.5,450.4
9.7,147.3,450.4
9.7,147.3,450.4
9.7,148.5,450.4
9.7,148.6,450.4
9.7,147.4,450.4
9.7,148.9,450.4
9.7,147.4,450.4
9.7,146.7,450.4
9.7,147.4,450.4
9.7,147.2,450.4
9.7,147.8,450.4
9.7,147.8,450.4
9.7,146.2,450.4
9.8,148.1,450.4
9.8,148.5,450.4
9.8,148.6,450.4
9.8,148.4,450.4
9.8,147.3,450.4
9.8,147.8,450.4
9.8,146.9,450.4
9.8,145.9,450.4
9.8,144.6,450.4
9.8,143.2,450.4
9.8,141.4,450.4
9.8,139.0,450.4
9.8,138.2,450.4
9.8,138.1,450.4
9.9,136.0,450.4
9.9,136.5,450.5
9.9,137.6,450.5
9.9,138.6,450.5
9.9,139.7,450.5
9.9,140.5,450.5
9.9,140.4,450.5
9.9,142.0,450.5
9.9,143.1,450.5
9.9,144.0,450.5
9.9,144.6,450.5
9.9,144.6,450.5
9.9,145.5,450.5
9.9,146.3,450.5
9.9,146.5,450.5
10.0,147.0,450.5
10.0,147.3,450.5
10.0,147.5,450.5
10.0,148.3,450.5
10.0,148.4,450.5
10.0,148.3,450.5
10.0,148.3,450.5
10.0,148.1,450.5
10.0,148.8,450.5
10.0,148.9,450.7
10.0,148.9,450.7
10.0,147.2,450.7
10.0,149.5,450.7
10.0,149.7,450.7
10.0,149.8,450.7
10.1,149.0,450.7
10.1,147.9,450.6
10.1,149.2,450.6
10.1,149.3,450.6
10.1,149.9,450.6
10.1,148.9,450.6
10.1,148.5,450.6
10.1,148.6,450.6
10.1,149.1,450.6
10.1,149.9,450.6
10.1,150.8,450.6
10.1,148.6,450.6
10.1,149.7,450.6
10.1,150.2,450.6
10.1,151.7,450.6
10.2,150.1,450.6
10.2,148.5,450.6
10.2,150.5,450.6
10.2,152.1,450.6
10.2,150.2,450.6
10.2,151.6,450.6
10.2,147.9,450.6
10.2,151.1,450.6
10.2,150.2,450.6
10.2,152.5,450.6
10.2,151.6,450.6
10.2,147.4,450.6
10.2,150.4,450.6
10.2,151.1,450.6
10.2,151.2,450.6
10.3,152.2,450.6
10.3,150.5,450.6
10.3,150.5,450.6
10.3,152.3,450.6
10.3,150.9,450.6
10.3,152.6,450.6
10.3,152.0,450.6
10.3,150.8,450.6
10.3,152.8,450.6
10.3,150.2,450.6
10.3,152.3,450.6
10.3,150.8,450.6
10.3,152.5,450.6
10.3,151.0,450.6
10.3,150.9,450.6
10.4,152.2,450.6
10.4,150.9,450.6
10.4,151.4,450.4
10.4,150.9,450.3
10.4,152.2,450.3
10.4,152.3,450.3
10.4,150.1,450.3
10.4,150.6,450.3
10.4,150.8,450.3
10.4,152.6,450.3
10.4,152.1,450.3
10.4,150.3,450.3
10.4,150.1,450.3
10.4,150.3,450.3
10.4,152.6,450.3
10.5,150.2,450.3
10.5,151.3,450.3
10.5,149.1,450.3
10.5,148.2,450.3
10.5,149.9,450.3
10.5,147.6,450.3
10.5,150.1,450.3
10.5,147.4,450.3
10.5,148.4,450.3
10.5,150.0,450.4
10.5,148.4,450.4
10.5,148.6,450.2
10.5,150.5,450.2
10.5,150.9,450.2
10.5,150.4,450.2
10.6,150.3,450.2
10.6,150.5,450.2
10.6,150.5,450.2
10.6,150.7,450.2
10.6,150.7,450.2
10.6,150.6,450.2
10.6,150.7,450.2
10.6,150.8,450.2
10.6,150.1,450.2
10.6,150.1,450.2
10.6,150.9,450.2
10.6,150.7,450.2
10.6,150.5,450.2
10.6,151.2,450.2
10.6,150.8,450.3
10.7,150.3,450.3
10.7,148.9,450.3
10.7,150.7,450.3
10.7,150.3,450.3
10.7,150.2,450.3
10.7,150.4,450.3
10.7,150.5,450.3
10.7,150.3,450.3
10.7,150.7,450.3
10.7,150.7,450.3
10.7,150.6,450.3
10.7,150.9,450.3
10.7,150.7,450.3
10.7,151.1,450.3
10.7,150.8,450.3
10.8,150.5,450.3
10.8,150.8,450.3
10.8,149.3,450.3
10.8,149.6,450.3
10.8,150.9,450.3
10.8,147.7,450.3
10.8,147.3,450.3
10.8,148.4,450.3
10.8,147.0,450.3
10.8,144.0,450.3
10.8,143.5,450.3
10.8,140.8,450.3
10.8,138.7,450.3
10.8,138.1,450.3
10.9,135.2,450.3
10.9,134.8,450.3
10.9,135.0,450.3
10.9,135.5,450.3
10.9,137.0,450.3
10.9,138.4,450.3
10.9,139.4,450.3
10.9,139.9,450.3
10.9,141.0,450.3
10.9,141.8,450.3
10.9,142.9,450.3
10.9,143.4,450.3
10.9,144.1,450.4
10.9,144.6,450.4
11.0,145.4,450.4
11.0,147.3,450.4
11.0,146.2,450.4
11.0,146.6,450.4
11.0,147.0,450.4
11.0,147.5,450.4
11.0,147.8,450.4
11.0,149.7,450.4
11.0,149.4,450.4
11.0,149.7,450.4
11.0,148.1,450.4
11.0,148.7,450.4
11.0,148.2,450.4
11.0,148.6,450.4
11.0,149.0,450.4
11.0,150.5,450.4
11.1,149.1,450.4
11.1,149.5,450.4
11.1,150.8,450.4
11.1,150.9,450.4
11.1,150.9,450.6
11.1,149.0,450.5
11.1,149.3,450.5
11.1,149.5,450.5
11.1,149.8,450.5
11.1,149.5,450.5
11.1,150.2,450.5
11.1,151.5,450.6
11.1,151.2,450.6
11.1,149.5,450.6
11.1,151.3,450.6
11.2,149.9,450.6
11.2,151.6,450.6
11.2,151.4,450.6
11.2,151.2,450.6
11.2,149.6,450.6
11.2,151.6,450.6
11.2,149.7,450.6
11.2,149.5,450.6
11.2,150.0,450.6
11.2,150.3,450.6
11.2,151.9,450.6
11.2,151.4,450.6
11.2,150.5,450.6
11.2,149.0,450.6
11.2,151.0,450.6
11.3,149.5,450.6
11.3,150.8,450.6
11.3,150.6,450.6
11.3,150.6,450.6
11.3,149.8,450.6
11.3,149.9,450.6
11.3,147.9,450.6
11.3,147.5,450.6
11.3,148.2,450.6
11.3,148.3,450.6
11.3,149.4,450.6
11.3,147.9,450.6
11.3,148.0,450.6
11.3,148.5,450.6
11.4,148.2,450.6
11.4,148.7,450.6
11.4,148.6,450.6
11.4,148.7,450.6
11.4,148.7,450.6
11.4,148.9,450.6
11.4,149.0,450.6
11.4,149.3,450.6
11.4,150.4,450.6
11.4,148.9,450.6
11.4,149.2,450.6
11.4,149.7,450.6
11.4,149.3,450.6
11.4,149.4,450.6
11.4,150.0,450.6
11.5,149.6,450.7
11.5,149.9,450.7
11.5,149.8,450.7
11.5,149.5,450.7
11.5,150.0,450.7
11.5,149.4,450.7
11.5,150.4,450.7
11.5,149.8,450.7
11.5,147.7,450.9
11.5,149.0,450.9
11.5,147.5,450.9
11.5,148.1,450.9
11.5,148.8,450.9
11.5,150.3,450.9
11.5,147.8,450.9
11.6,149.0,450.9
11.6,150.1,450.9
11.6,149.3,450.9
11.6,149.1,450.9
11.6,150.7,450.9
11.6,149.1,450.9
11.6,150.6,450.9
11.6,149.4,450.9
11.6,149.5,450.9
11.6,148.7,450.9
11.6,149.8,450.9
11.6,150.2,450.9
11.6,149.9,450.9
11.6,151.4,450.9
11.6,151.0,450.9
11.7,149.3,450.9
11.7,150.5,450.9
11.7,149.4,451.0
11.7,149.2,451.0
11.7,148.7,451.0
11.7,148.7,451.0
11.7,149.8,451.0
11.7,148.8,451.0
11.7,148.5,450.9
11.7,149.1,450.9
11.7,149.1,450.9
11.7,149.5,450.9
11.7,149.4,450.9
11.7,149.2,450.9
11.7,148.7,450.9
11.8,149.1,450.9
11.8,149.8,450.9
11.8,149.4,450.9
11.8,149.4,451.0
11.8,149.0,451.0
11.8,149.1,451.0
11.8,150.6,451.0
11.8,148.4,451.0
11.8,147.9,451.0
11.8,146.6,451.0
11.8,145.5,451.0
11.8,144.1,451.0
11.8,142.2,451.0
11.8,140.7,451.0
11.9,137.5,451.0
11.9,135.7,451.0
11.9,133.6,451.0
11.9,133.1,451.0
11.9,132.2,451.0
11.9,132.8,451.0
11.9,133.0,451.0
11.9,134.0,451.0
11.9,135.1,451.0
11.9,135.7,451.0
11.9,137.2,451.0
11.9,138.2,451.0
11.9,139.1,451.0
11.9,140.6,451.0
12.0,141.5,451.0
12.0,142.1,451.0
12.0,142.7,451.0
12.0,143.8,451.0
12.0,144.3,451.0
12.0,145.1,451.0
12.0,145.4,451.1
12.0,146.4,451.1
12.0,146.8,451.1
12.0,147.3,451.1
12.0,147.5,451.1
12.0,148.0,451.1
12.0,147.7,451.1
12.0,148.7,451.1
12.0,148.5,451.1
12.1,148.8,451.1
12.1,149.3,451.1
12.1,149.5,451.1
12.1,149.9,451.1
12.1,149.8,451.1
12.1,149.6,451.1
12.1,149.8,451.1
12.1,150.1,451.1
12.1,150.3,451.1
12.1,150.6,451.1
12.1,150.4,451.1
12.1,150.4,451.1
12.1,150.7,451.1
12.1,150.6,451.0
12.1,150.7,451.0
12.2,150.6,450.9
12.2,150.9,450.9
12.2,151.1,450.9
12.2,151.0,450.9
12.2,151.1,450.9
12.2,150.7,450.9
12.2,150.8,450.9
12.2,151.5,450.9
12.2,151.5,450.9
12.2,151.1,450.9
12.2,151.0,450.9
12.2,152.5,450.9
12.2,152.5,450.9
12.2,152.3,450.9
12.2,150.6,450.9
12.3,150.5,450.9
12.3,152.3,450.9
12.3,150.4,450.9
12.3,150.8,450.9
12.3,150.7,450.9
12.3,150.7,450.9
12.3,151.3,450.9
12.3,151.4,450.9
12.3,152.7,450.9
12.3,149.7,450.9
12.3,150.7,450.9
12.3,152.3,450.9
12.3,152.5,450.9
12.3,150.8,450.9
12.3,152.6,450.9
12.4,151.0,450.9
12.4,151.1,450.9
12.4,151.4,450.9
12.4,151.2,450.9
12.4,150.9,450.9
12.4,152.5,450.9
12.4,152.8,450.9
12.4,152.7,450.9
12.4,152.3,450.9
12.4,150.3,450.9
12.4,152.1,451.0
12.4,150.8,450.9
12.4,151.0,451.0
12.4,150.8,451.0
12.4,152.4,451.0
12.4,152.4,451.0
12.5,152.4,451.0
12.5,150.7,451.0
12.5,150.4,451.0
12.5,152.1,451.0
12.5,150.3,451.0
12.5,150.3,451.0
12.5,150.6,451.0
12.5,151.1,451.0
12.5,151.0,451.0
12.5,150.9,451.0
12.5,152.8,451.0
12.5,151.0,451.0
12.5,150.6,451.0
12.5,150.9,451.0
12.5,151.0,451.0
12.6,153.2,451.0
12.6,150.1,450.9
12.6,152.5,450.9
12.6,152.3,450.9
12.6,152.4,450.9
12.6,152.4,450.9
12.6,151.1,450.9
12.6,151.9,450.9
12.6,151.6,450.9
12.6,152.1,450.9
12.6,151.8,450.9
12.6,150.2,450.9
12.6,151.9,450.9
12.6,152.1,450.9
12.6,151.8,450.9
12.7,150.8,450.9
12.7,149.5,450.9
12.7,150.6,450.9
12.7,149.2,450.9
12.7,151.2,450.9
12.7,150.8,450.9
12.7,149.4,450.9
12.7,149.5,450.9
12.7,151.1,450.9
12.7,151.3,450.9
12.7,151.3,450.9
12.7,151.3,450.9
12.7,151.0,450.9
12.7,151.0,450.9
12.7,151.7,450.9
12.8,151.3,450.9
12.8,151.5,450.9
12.8,151.3,450.9
12.8,151.0,450.9
12.8,149.9,450.9
12.8,149.6,450.9
12.8,149.9,450.9
12.8,150.7,450.9
12.8,150.1,450.9
12.8,146.4,450.9
12.8,145.3,450.9
12.8,145.4,451.0
12.8,143.4,451.0
12.8,141.4,450.9
12.9,139.3,451.0
12.9,136.3,451.0
12.9,135.0,451.0
12.9,134.5,451.0
12.9,134.6,451.0
12.9,134.9,451.0
12.9,134.6,451.0
12.9,135.9,451.0
12.9,136.8,451.0
12.9,138.1,451.0
12.9,140.7,451.0
12.9,139.6,451.0
12.9,141.3,451.0
12.9,142.0,451.0
13.0,142.1,451.0
13.0,145.1,451.0
13.0,144.0,451.0
13.0,144.9,451.0
13.0,143.9,450.6
13.0,145.8,450.4
13.0,146.4,450.4
13.0,147.1,450.4
13.0,147.8,450.4
13.0,148.1,450.4
13.0,149.7,450.5
13.0,148.3,450.4
13.0,148.7,450.5
13.0,150.5,450.5
13.0,150.9,450.5
13.1,149.1,450.5
13.1,149.2,450.5
13.1,149.5,450.5
13.1,150.1,450.5
13.1,149.8,450.5
13.1,151.6,450.5
13.1,151.5,450.5
13.1,151.5,450.5
13.1,151.7,450.5
13.1,151.0,450.5
13.1,149.0,450.5
13.1,150.7,450.4
13.1,151.9,450.4
13.1,152.1,450.4
13.2,133.2,450.4
13.2,142.1,450.4
13.2,133.4,450.4
13.2,142.4,450.4
13.2,152.7,450.4
13.2,157.9,450.4
13.2,156.4,450.4
13.2,156.9,450.4
13.2,156.2,450.4
13.2,155.3,450.4
13.2,154.0,450.4
13.2,154.4,450.4
13.2,154.4,450.4
13.2,154.2,450.4
13.2,154.1,450.4
13.2,151.8,450.4
13.3,153.3,450.4
13.3,152.9,450.4
13.3,153.2,450.4
13.3,152.9,450.4
13.3,152.9,450.4
13.3,152.2,450.4
13.3,152.2,450.4
13.3,152.3,450.4
13.3,152.1,450.4
13.3,151.8,450.4
13.3,151.5,450.4
13.3,150.4,450.4
13.3,150.9,450.4
13.3,151.8,450.4
13.3,151.7,450.4
13.4,151.6,450.4
13.4,151.8,450.4
13.4,152.0,450.4
13.4,151.3,450.4
13.4,151.6,450.4
13.4,151.4,450.4
13.4,151.9,450.4
13.4,151.0,450.4
13.4,150.7,450.4
13.4,150.7,450.4
13.4,151.1,450.4
13.4,151.6,450.4
13.4,151.0,450.4
13.4,151.0,450.4
13.4,151.5,450.4
13.4,150.7,450.4
13.5,151.4,450.4
13.5,151.6,450.4
13.5,150.9,450.4
13.5,151.4,450.4
13.5,148.7,450.4
13.5,151.7,450.4
13.5,151.5,450.4
13.5,151.4,450.4
13.5,150.8,450.4
13.5,151.7,450.4
13.5,151.8,450.4
13.5,150.4,450.4
13.5,150.7,450.4
13.5,151.4,450.4
13.5,151.7,450.4
13.6,151.9,450.4
13.6,151.6,450.4
13.6,151.4,450.4
13.6,151.4,450.4
13.6,151.6,450.4
13.6,151.7,450.4
13.6,151.5,450.4
13.6,151.2,450.4
13.6,151.2,450.4
13.6,151.4,450.4
13.6,150.8,450.4
13.6,150.9,450.4
13.6,150.6,450.4
13.6,150.8,450.4
13.6,151.7,450.4
13.7,150.5,450.4
13.7,150.4,450.5
13.7,150.8,450.5
13.7,148.6,450.5
13.7,150.9,450.5
13.7,150.6,450.5
13.7,150.3,450.5
13.7,150.5,450.5
13.7,150.4,450.5
13.7,151.2,450.5
13.7,151.1,450.5
13.7,149.8,450.5
13.7,149.9,450.5
13.7,150.7,450.5
13.7,151.5,450.5
13.8,151.3,450.5
13.8,149.4,450.5
13.8,151.2,450.5
13.8,149.3,450.5
13.8,149.7,450.5
13.8,149.6,450.5
13.8,149.7,450.5
13.8,151.0,450.5
13.8,148.7,450.5
13.8,149.1,450.5
13.8,148.0,450.5
13.8,146.4,450.5
13.8,144.1,450.5
13.8,139.9,450.5
13.9,137.6,450.5
13.9,138.0,450.5
13.9,135.8,450.5
13.9,131.0,450.5
13.9,137.0,450.5
13.9,128.0,450.5
13.9,136.2,450.5
13.9,126.4,450.5
13.9,134.9,450.5
13.9,143.5,450.5
13.9,136.3,450.5
13.9,145.8,450.5
13.9,131.9,450.5
13.9,140.3,450.5
14.0,149.3,450.6
14.0,140.5,450.6
14.0,150.6,450.6
14.0,136.8,450.6
14.0,146.0,450.6
14.0,152.7,450.6
14.0,144.0,450.6
14.0,154.5,450.6
14.0,137.0,450.6
14.0,147.0,450.6
14.0,155.0,450.6
14.0,144.2,450.6
14.0,153.1,450.6
14.0,138.5,450.6
14.0,148.4,450.6
14.1,156.1,450.6
14.1,146.7,450.6
14.1,155.4,450.6
14.1,138.6,450.6
14.1,148.6,450.6
14.1,157.6,450.5
14.1,147.4,450.5
14.1,158.1,450.5
14.1,140.2,450.5
14.1,150.5,450.5
14.1,160.0,450.5
14.1,146.7,450.5
14.1,157.1,450.5
14.1,139.9,450.5
14.1,150.0,450.5
14.2,160.3,450.5
14.2,145.5,450.5
14.2,155.1,450.5
14.2,139.6,450.5
14.2,150.0,450.5
14.2,159.8,450.5
14.2,146.2,450.5
14.2,156.9,450.5
14.2,139.8,450.5
14.2,149.7,450.5
14.2,160.3,450.5
14.2,146.6,450.5
14.2,157.0,450.5
14.2,139.6,450.5
14.2,149.4,450.5
14.3,160.1,450.5
14.3,146.5,450.5
14.3,157.0,450.5
14.3,139.6,450.5
14.3,149.9,450.5
14.3,159.9,450.5
14.3,146.4,450.5
14.3,157.2,450.5
14.3,160.9,450.5
14.3,152.4,450.5
14.3,158.8,450.5
14.3,143.9,450.5
14.3,153.9,450.5
14.3,158.6,450.5
14.3,150.8,450.5
14.3,158.5,450.5
14.4,142.6,450.5
14.4,151.8,450.5
14.4,157.6,450.5
14.4,149.8,450.5
14.4,157.8,450.5
14.4,141.5,450.5
14.4,151.5,450.5
14.4,157.6,450.5
14.4,149.0,450.5
14.4,156.7,450.5
14.4,141.2,450.5
14.4,151.1,450.5
14.4,157.4,450.5
14.4,148.2,450.5
14.4,156.4,450.5
14.5,140.7,450.5
14.5,150.3,450.5
14.5,157.3,450.5
14.5,148.0,450.5
14.5,156.1,450.7
14.5,140.2,450.7
14.5,147.8,450.7
14.5,155.5,450.7
14.5,147.0,450.7
14.5,156.9,450.7
14.5,141.4,450.7
14.5,151.3,450.7
14.5,158.1,450.7
14.5,146.3,450.7
14.6,154.2,450.7
14.6,141.8,450.7
14.6,151.6,450.8
14.6,157.0,450.8
14.6,147.4,450.8
14.6,157.4,450.8
14.6,141.4,450.8
14.6,151.5,450.8
14.6,157.2,450.8
14.6,146.2,450.8
14.6,155.1,450.8
14.6,141.4,450.8
14.6,151.8,450.8
14.6,157.3,450.8
14.6,146.7,450.8
14.6,156.9,450.8
14.7,140.8,450.8
14.7,150.3,450.8
14.7,156.2,450.8
14.7,146.5,450.8
14.7,156.7,450.8
14.7,139.2,450.8
14.7,148.4,450.8
14.7,155.0,450.8
14.7,148.9,450.8
14.7,154.4,450.8
14.7,139.7,450.9
14.7,149.5,450.9
14.7,154.4,450.9
14.7,147.5,450.9
14.8,153.7,450.9
14.8,140.6,450.9
14.8,149.3,450.9
14.8,135.2,450.9
14.8,143.9,450.9
14.8,153.4,450.9
14.8,143.1,450.9
14.8,152.2,450.9
14.8,137.1,450.9
14.8,146.0,450.9
14.8,132.9,450.9
14.8,141.6,450.9
14.8,147.5,450.9
14.8,142.8,450.9
14.9,142.3,450.9
14.9,136.3,450.9
14.9,141.0,450.9
14.9,131.9,450.9
14.9,140.2,450.9
14.9,128.7,450.9
14.9,137.4,450.9
14.9,144.8,450.9
14.9,138.5,450.9
14.9,146.0,450.9
14.9,133.5,450.9
14.9,142.3,450.9
14.9,129.6,450.9
14.9,138.9,450.9
15.0,148.0,450.9
15.0,139.1,450.9
15.0,149.1,451.0
15.0,154.6,451.0
15.0,146.8,451.0
15.0,154.3,451.0
15.0,139.5,451.0
15.0,148.4,451.0
15.0,155.8,451.0
15.0,148.9,451.0
15.0,156.0,451.0
15.0,139.8,451.0
15.0,148.8,451.0
15.0,156.3,451.1
15.0,147.6,451.1
15.0,155.7,451.1
15.1,140.3,451.1
15.1,149.1,451.1
15.1,156.9,451.1
15.1,149.2,451.1
15.1,156.1,451.1
15.1,140.1,451.1
15.1,150.6,451.1
15.1,156.8,451.1
15.1,148.8,451.1
15.1,156.0,451.0
15.1,140.3,451.0
15.1,149.0,451.0
15.1,157.4,451.0
15.1,147.2,451.0
15.1,156.0,451.0
15.2,140.8,451.0
15.2,149.9,451.0
15.2,158.1,451.0
15.2,149.0,451.0
15.2,157.3,451.0
15.2,140.1,451.0
15.2,149.2,451.0
15.2,158.0,451.0
15.2,147.5,451.0
15.2,158.3,451.0
15.2,140.1,451.0
15.2,150.3,451.0
15.2,158.1,451.0
15.2,148.3,451.0
15.2,158.4,451.0
15.3,140.2,451.0
15.3,150.2,451.0
15.3,158.5,451.0
15.3,147.6,451.0
15.3,158.4,451.0
15.3,139.0,451.0
15.3,149.4,451.0
15.3,158.7,451.0
15.3,146.1,451.0
15.3,157.2,451.0
15.3,139.4,451.0
15.3,149.3,451.0
15.3,158.4,451.0
15.3,147.0,451.0
15.3,157.5,451.0
15.4,158.6,451.0
15.4,154.2,451.0
15.4,158.9,451.0
15.4,143.7,451.0
15.4,152.6,451.0
15.4,136.8,451.0
15.4,146.5,451.0
15.4,155.7,451.0
15.4,146.0,451.0
15.4,156.1,451.0
15.4,159.4,451.0
15.4,153.4,451.0
15.4,157.6,451.0
15.4,143.6,451.0
15.4,154.0,451.1
15.5,137.6,451.1
15.5,147.1,451.1
15.5,156.6,451.1
15.5,144.6,451.1
15.5,155.1,451.1
15.5,159.4,451.1
15.5,152.7,451.1
15.5,159.7,451.1
15.5,143.9,451.1
15.5,152.4,451.1
15.5,158.3,451.1
15.5,151.0,451.1
15.5,156.9,451.1
15.5,141.5,450.9
15.5,151.6,450.9
15.6,157.7,450.9
15.6,150.4,450.9
15.6,158.5,450.9
15.6,142.5,450.9
15.6,153.2,450.9
15.6,158.6,450.9
15.6,149.1,450.9
15.6,157.9,450.9
15.6,141.6,450.9
15.6,150.7,450.9
15.6,157.7,450.9
15.6,148.7,450.9
15.6,157.5,450.9
15.6,140.8,450.9
15.6,150.7,450.9
15.7,158.1,450.9
15.7,148.1,450.9
15.7,157.5,450.9
15.7,141.1,450.9
15.7,151.2,451.0
15.7,157.7,451.0
15.7,145.9,451.0
15.7,156.0,451.0
15.7,141.0,451.0
15.7,150.8,451.0
15.7,157.8,451.0
15.7,147.4,451.0
15.7,157.0,451.0
15.7,140.4,451.0
15.7,150.4,451.0
15.8,158.2,451.0
15.8,147.5,451.0
15.8,157.7,451.0
15.8,140.8,451.0
15.8,151.1,451.0
15.8,158.3,451.0
15.8,146.9,451.0
15.8,157.1,451.0
15.8,138.9,451.0
15.8,148.1,451.0
15.8,156.4,451.0
15.8,147.0,451.0
15.8,154.5,451.0
15.8,140.5,451.0
15.8,148.9,451.0
15.9,135.0,451.0
15.9,143.4,451.0
15.9,129.8,451.0
15.9,139.2,451.0
15.9,126.9,451.0
15.9,135.5,451.0
15.9,142.8,451.0
15.9,137.7,451.0
15.9,144.6,451.0
15.9,131.8,451.0
15.9,140.0,451.0
15.9,128.3,451.0
16.0,135.6,451.0
16.0,144.5,451.1
16.0,139.8,451.1
16.0,149.8,451.1
16.0,153.1,451.1
16.0,147.5,451.1
16.0,153.0,451.1
16.0,139.0,451.1
16.0,148.1,451.1
16.0,154.8,451.1
16.0,148.3,451.1
16.0,154.6,451.1
16.0,139.9,451.1
16.0,148.6,451.1
16.0,155.8,451.1
16.0,148.0,451.1
16.1,154.7,451.1
16.1,139.8,451.1
16.1,148.3,451.1
16.1,156.0,451.1
16.1,149.6,451.1
16.1,157.0,451.1
16.1,140.0,451.1
16.1,148.9,451.1
16.1,156.2,451.3
16.1,149.3,451.3
16.1,155.5,451.3
16.1,140.0,451.3
16.1,150.2,451.3
16.1,156.7,451.3
16.1,149.3,451.3
16.2,155.3,451.3
16.2,141.4,451.3
16.2,149.6,451.3
16.2,158.1,451.3
16.2,148.9,451.3
16.2,157.4,451.3
16.2,140.0,451.3
16.2,150.5,451.3
16.2,158.0,451.3
16.2,148.5,451.3
16.2,156.8,451.3
16.2,140.0,451.3
16.2,148.4,451.3
16.2,156.8,451.3
16.2,147.3,451.3
16.2,156.4,451.3
16.3,141.3,451.3
16.3,151.4,451.3
16.3,155.4,451.3
16.3,148.9,451.3
16.3,154.8,451.3
16.3,141.0,451.3
16.3,151.5,451.3
16.3,155.9,451.3
16.3,148.1,451.3
16.3,154.9,451.3
16.3,140.5,451.3
16.3,150.6,451.3
16.3,152.0,451.3
16.3,147.4,451.3
16.4,151.7,451.3
16.4,140.4,451.3
16.4,150.2,451.3
16.4,135.2,451.3
16.4,143.2,451.3
16.4,152.2,451.3
16.4,143.3,451.3
16.4,153.9,451.3
16.4,137.3,451.3
16.4,145.8,451.3
16.4,154.9,451.3
16.4,144.8,451.3
16.4,153.6,451.3
16.4,139.0,451.3
16.4,147.8,451.3
16.5,155.7,451.3
16.5,145.7,451.3
16.5,155.6,451.3
16.5,139.1,451.3
16.5,149.4,451.3
16.5,156.2,451.3
16.5,147.9,451.3
16.5,155.1,451.3
16.5,139.1,451.5
16.5,146.1,451.5
16.5,155.0,451.5
16.5,147.3,451.5
16.5,155.9,451.6
16.5,139.8,451.6
16.5,148.6,451.6
16.6,155.9,451.6
16.6,147.6,451.6
16.6,157.0,451.6
16.6,139.8,451.6
16.6,150.1,451.6
16.6,155.6,451.6
16.6,149.0,451.6
16.6,156.4,451.6
16.6,141.0,451.6
16.6,149.5,451.6
16.6,154.5,451.6
16.6,148.7,451.6
16.6,153.9,451.6
16.6,139.8,451.6
16.7,148.2,451.6
16.7,135.2,451.6
16.7,143.0,451.6
16.7,152.0,451.6
16.7,141.3,451.0
16.7,149.3,451.0
16.7,137.7,450.8
16.7,146.4,450.8
16.7,155.7,450.8
16.7,145.7,450.8
16.7,155.1,450.8
16.7,139.5,450.7
16.7,148.3,450.7
16.7,157.3,450.7
16.7,147.8,450.7
16.7,155.8,450.7
16.8,139.4,450.7
16.8,148.6,450.8
16.8,155.6,450.8
16.8,146.4,450.8
16.8,154.5,450.8
16.8,139.5,450.8
16.8,148.5,450.8
16.8,154.7,450.8
16.8,147.4,450.8
16.8,151.7,450.8
16.8,140.8,450.8
16.8,150.2,450.8
16.8,134.7,450.8
16.8,143.3,450.8
16.9,130.7,450.8
16.9,139.1,450.8
16.9,127.7,450.8
16.9,136.0,450.8
16.9,125.3,450.8
16.9,135.2,450.8
16.9,140.7,450.8
16.9,135.4,450.8
16.9,142.0,450.8
16.9,131.4,450.8
16.9,139.7,450.8
16.9,128.2,450.8
17.0,136.4,450.8
17.0,145.8,450.8
17.0,138.7,450.8
17.0,147.5,450.8
17.0,132.7,450.8
17.0,141.0,450.8
17.0,150.4,450.8
17.0,141.5,450.8
17.0,150.6,450.9
17.0,135.9,450.9
17.0,144.3,450.9
17.0,153.8,450.9
17.0,143.7,450.9
17.0,152.9,450.9
17.0,137.0,450.9
17.1,145.4,450.9
17.1,154.9,450.9
17.1,145.8,450.9
17.1,155.2,450.9
17.1,138.9,450.9
17.1,147.8,450.9
17.1,157.6,450.9
17.1,146.0,450.9
17.1,155.7,450.9
17.1,139.6,450.9
17.1,150.0,450.9
17.1,158.2,450.9
17.1,147.5,450.9
17.1,157.9,450.9
17.1,139.8,450.9
17.1,150.2,450.9
17.2,157.1,450.9
17.2,146.3,450.8
17.2,156.6,450.8
17.2,139.9,450.7
17.2,150.6,450.7
17.2,156.6,450.7
17.2,146.7,450.7
17.2,157.5,450.7
17.2,139.5,450.7
17.2,148.5,450.7
17.2,158.0,450.7
17.2,148.1,450.7
17.2,156.6,450.7
17.2,139.3,450.7
17.2,148.4,450.7
17.3,155.9,450.7
17.3,148.6,450.7
17.3,156.6,450.7
17.3,139.6,450.7
17.3,148.6,450.7
17.3,155.3,450.7
17.3,148.8,450.7
17.3,155.2,450.7
17.3,139.6,450.7
17.3,149.8,450.7
17.3,154.9,450.7
17.3,148.6,450.7
17.3,153.6,450.7
17.3,139.9,450.7
17.3,148.8,450.7
17.4,153.9,450.7
17.4,148.2,450.7
17.4,154.8,450.7
17.4,138.7,450.7
17.4,146.9,450.7
17.4,134.4,450.7
17.4,143.9,450.7
17.4,154.3,450.7
17.4,143.3,450.7
17.4,152.7,450.7
17.4,155.6,450.7
17.4,149.3,450.7
17.4,155.7,450.7
17.4,143.2,450.7
17.4,151.7,450.7
17.5,136.5,450.7
17.5,146.0,450.7
17.5,154.8,450.7
17.5,143.5,450.7
17.5,152.9,450.7
17.5,138.0,450.7
17.5,146.3,450.7
17.5,154.0,450.7
17.5,145.8,450.7
17.5,154.5,450.7
17.5,138.5,450.7
17.5,147.6,450.7
17.5,155.1,450.7
17.5,148.3,450.7
17.5,156.1,450.8
17.6,140.1,450.8
17.6,149.0,450.8
17.6,136.3,450.8
17.6,146.7,450.7
17.6,155.9,450.6
17.6,143.5,450.6
17.6,154.2,450.6
17.6,137.4,450.6
17.6,147.6,450.6
17.6,157.9,450.6
17.6,145.0,450.6
17.6,155.5,450.6
17.6,138.2,450.6
17.6,148.4,450.6
17.7,156.0,450.6
17.7,145.5,450.6
17.7,155.8,450.6
17.7,138.8,450.6
17.7,149.4,450.7
17.7,155.1,450.7
17.7,145.1,450.7
17.7,154.0,450.7
17.7,139.6,450.7
17.7,150.0,450.7
17.7,153.1,450.7
17.7,146.1,450.7
17.7,153.8,450.7
17.7,140.1,450.7
17.7,150.4,450.7
17.8,134.7,450.7
17.8,144.1,450.7
17.8,154.6,450.7
17.8,142.6,450.7
17.8,153.3,450.7
17.8,136.5,450.7
17.8,146.6,450.7
17.8,155.0,450.7
17.8,144.4,450.7
17.8,154.9,450.7
17.8,136.5,450.7
17.8,146.7,450.7
17.8,131.8,450.7
17.8,141.5,450.7
17.9,148.8,450.7
17.9,142.1,450.7
17.9,144.8,450.7
17.9,136.5,450.7
17.9,139.8,450.7
17.9,131.6,450.7
17.9,136.1,450.7
17.9,128.0,450.7
17.9,137.3,450.7
17.9,126.0,450.7
17.9,135.3,450.7
17.9,142.5,450.7
17.9,135.6,450.7
17.9,144.6,450.7
18.0,131.7,450.7
18.0,140.2,450.7
18.0,147.5,450.7
18.0,140.7,450.7
18.0,149.9,450.7
18.0,135.2,450.7
18.0,145.6,450.7
18.0,150.2,450.7
18.0,143.6,450.7
18.0,152.2,450.7
18.0,137.6,450.7
18.0,146.2,450.7
18.0,133.1,450.7
18.0,142.4,450.8
18.1,151.4,450.7
18.1,141.0,450.7
18.1,151.0,450.7
18.1,135.5,450.7
18.1,143.7,450.8
18.1,153.1,450.8
18.1,143.6,450.8
18.1,154.2,450.7
18.1,138.8,450.7
18.1,149.1,450.7
18.1,157.8,450.7
18.1,146.3,450.7
18.1,156.8,450.7
18.1,138.8,450.7
18.1,149.0,450.7
18.2,158.1,450.7
18.2,145.9,450.7
18.2,156.4,450.7
18.2,138.6,450.7
18.2,148.8,450.7
18.2,158.0,450.7
18.2,146.5,450.7
18.2,156.6,450.7
18.2,139.3,450.7
18.2,149.3,450.7
18.2,156.9,450.7
18.2,146.3,450.7
18.2,156.1,450.7
18.2,139.7,450.7
18.2,150.0,450.7
18.3,155.9,450.7
18.3,146.6,450.7
18.3,155.3,450.7
18.3,139.7,450.7
18.3,149.8,450.7
18.3,155.2,450.7
18.3,147.2,450.7
18.3,154.1,450.7
18.3,139.4,450.7
18.3,149.2,450.7
18.3,134.2,450.7
18.3,143.0,450.7
18.3,151.5,450.7
18.3,143.1,450.7
18.3,153.1,450.7
18.4,137.5,450.7
18.4,145.9,450.7
18.4,155.5,450.7
18.4,144.9,450.7
18.4,155.5,450.7
18.4,137.4,450.7
18.4,147.2,450.7
18.4,157.0,450.7
18.4,145.5,450.7
18.4,155.5,450.7
18.4,139.1,450.7
18.4,149.2,450.7
18.4,155.2,450.7
18.4,146.5,450.7
18.4,154.6,450.7
18.5,139.3,450.7
18.5,149.2,450.7
18.5,155.0,450.7
18.5,145.5,450.7
18.5,154.0,450.7
18.5,139.9,450.7
18.5,150.0,450.7
18.5,154.2,450.7
18.5,148.1,450.7
18.5,153.5,450.7
18.5,140.7,450.7
18.5,150.0,450.7
18.5,153.5,450.7
18.5,148.5,450.7
18.6,152.4,450.7
18.6,140.9,450.7
18.6,150.4,450.7
18.6,135.1,450.7
18.6,143.8,450.7
18.6,154.0,450.7
18.6,144.0,450.7
18.6,154.3,450.7
18.6,138.0,450.7
18.6,148.0,450.7
18.6,155.6,450.7
18.6,145.3,450.7
18.6,154.6,450.7
18.6,138.7,450.7
18.6,148.3,450.7
18.7,154.6,450.7
18.7,146.3,450.7
18.7,152.2,450.7
18.7,139.4,450.7
18.7,149.6,450.8
18.7,153.9,450.8
18.7,145.5,450.8
18.7,153.4,450.8
18.7,140.0,450.8
18.7,150.0,450.8
18.7,153.5,450.8
18.7,147.5,450.8
18.7,153.0,450.8
18.7,140.0,450.8
18.8,136.2,450.8
18.8,130.1,450.8
18.8,133.1,450.8
18.8,126.8,450.8
18.8,120.4,450.8
18.8,128.4,450.8
18.8,137.5,450.8
18.8,148.3,450.8
18.8,142.1,450.8
18.8,153.2,450.8
18.8,164.9,450.8
18.8,150.2,450.8
18.8,159.1,450.8
18.8,140.1,450.8
18.8,149.5,450.8
18.9,136.1,450.8
18.9,145.3,450.8
18.9,148.6,450.8
18.9,144.0,450.8
18.9,144.9,450.8
18.9,137.9,450.8
18.9,141.7,450.8
18.9,133.7,450.8
18.9,140.5,450.8
18.9,129.8,450.8
18.9,138.8,450.8
18.9,127.2,450.8
18.9,137.1,450.8
19.0,145.4,450.8
19.0,136.1,450.8
19.0,144.8,450.8
19.0,131.9,450.8
19.0,140.7,450.8
19.0,149.6,450.8
19.0,140.7,450.9
19.0,150.1,450.9
19.0,135.7,450.9
19.0,145.0,450.9
19.0,151.7,450.9
19.0,144.5,450.9
19.0,153.5,450.9
19.0,136.8,450.9
19.0,146.9,450.9
19.1,152.9,450.9
19.1,145.1,450.9
19.1,152.8,450.9
19.1,137.8,450.9
19.1,146.1,450.9
19.1,153.7,450.9
19.1,146.4,450.9
19.1,154.5,450.9
19.1,139.2,450.9
19.1,149.2,450.8
19.1,135.4,450.8
19.1,145.5,450.8
19.1,155.9,450.8
19.1,143.1,450.8
19.1,153.3,450.8
19.2,135.6,450.8
19.2,145.1,450.8
19.2,155.7,450.8
19.2,144.5,450.8
19.2,154.8,450.8
19.2,138.6,450.8
19.2,149.0,450.8
19.2,156.5,450.8
19.2,145.5,450.8
19.2,154.6,450.8
19.2,138.3,450.8
19.2,148.4,450.8
19.2,156.0,450.8
19.2,146.6,450.8
19.2,154.6,450.8
19.3,139.0,450.8
19.3,149.2,450.8
19.3,155.2,450.8
19.3,146.7,450.8
19.3,153.9,450.8
19.3,138.6,450.8
19.3,148.9,450.8
19.3,134.5,450.8
19.3,143.8,450.8
19.3,154.1,450.8
19.3,142.4,450.8
19.3,152.0,450.8
19.3,156.1,450.8
19.3,149.6,450.8
19.4,154.9,450.8
19.4,141.5,450.8
19.4,151.2,450.8
19.4,136.0,450.8
19.4,145.7,450.8
19.4,155.7,450.8
19.4,144.5,450.8
19.4,154.6,450.8
19.4,137.7,450.8
19.4,147.6,450.8
19.4,155.3,450.8
19.4,144.3,450.8
19.4,153.4,450.8
19.4,139.2,450.8
19.4,149.0,450.8
19.5,154.7,450.8
19.5,143.8,450.8
19.5,149.0,450.8
19.5,137.8,451.0
19.5,144.4,451.0
19.5,150.3,451.0
19.5,147.3,451.0
19.5,151.3,451.0
19.5,141.0,451.0
19.5,151.6,451.0
19.5,135.0,451.0
19.5,143.8,451.0
19.5,152.7,451.0
19.5,145.2,451.0
19.5,154.7,451.0
19.6,137.6,451.0
19.6,147.3,451.0
19.6,154.3,451.0
19.6,145.7,451.1
19.6,154.4,451.0
19.6,137.5,451.0
19.6,146.3,451.1
19.6,153.5,451.1
19.6,147.5,451.1
19.6,153.4,451.1
19.6,139.8,451.1
19.6,149.6,451.1
19.6,134.1,451.1
19.6,143.0,451.1
19.7,151.8,451.1
19.7,142.0,451.1
19.7,151.8,451.1
19.7,135.5,451.1
19.7,143.4,451.1
19.7,148.9,451.1
19.7,144.0,451.1
19.7,150.4,451.1
19.7,137.3,451.1
19.7,145.7,451.1
19.7,133.4,451.1
19.7,142.9,451.1
19.7,148.6,451.1
19.7,143.5,451.2
19.8,147.1,451.2
19.8,136.9,451.2
19.8,145.5,451.2
19.8,132.7,451.2
19.8,141.4,451.2
19.8,149.1,451.2
19.8,141.6,451.2
19.8,150.0,451.2
19.8,136.1,451.2
19.8,144.4,451.2
19.8,131.9,451.2
19.8,141.9,451.2
19.8,149.6,451.2
19.8,139.8,451.2
19.9,147.1,451.2
19.9,135.0,451.2
19.9,142.6,451.2
19.9,131.3,451.2
19.9,139.9,451.2
19.9,128.2,451.2
19.9,137.2,451.2
19.9,125.4,451.2
19.9,133.6,451.2
19.9,139.5,451.2
19.9,136.0,451.2
19.9,139.5,451.2
19.9,131.9,451.2
20.0,139.5,451.2
20.0,128.5,451.2
20.0,138.1,451.2
20.0,125.4,451.2
20.0,133.4,451.2
20.0,142.5,451.2
20.0,136.0,451.2
20.0,145.0,451.2
20.0,132.0,451.3
20.0,138.8,451.3
20.0,147.8,451.3
20.0,141.0,451.3
20.0,148.1,451.3
20.0,135.3,451.3
20.0,144.0,451.3
20.1,149.5,451.3
20.1,143.7,451.3
20.1,149.3,451.4
20.1,137.9,451.4
20.1,146.5,451.4
20.1,133.0,451.4
20.1,141.8,451.4
20.1,150.9,451.4
20.1,142.6,451.4
20.1,150.8,451.4
20.1,136.4,451.4
20.1,145.1,451.3
20.1,152.4,451.3
20.1,145.5,451.3
20.2,151.2,451.3
20.2,137.4,451.3
20.2,145.9,451.3
20.2,152.3,451.3
20.2,147.0,451.3
20.2,152.7,451.3
20.2,138.7,451.3
20.2,147.5,451.3
20.2,151.9,451.3
20.2,148.2,451.3
20.2,150.5,451.3
20.2,138.4,450.7
20.2,148.3,450.7
20.2,135.1,450.4
20.2,145.1,450.4
20.3,152.2,450.4
20.3,145.0,450.4
20.3,151.2,450.4
20.3,136.8,450.4
20.3,146.9,450.4
20.3,151.9,450.4
20.3,145.2,450.4
20.3,151.2,450.4
20.3,138.5,450.4
20.3,148.8,450.4
20.3,133.6,450.4
20.3,143.0,450.4
20.3,153.3,450.4
20.3,141.7,450.4
20.3,150.6,450.4
20.4,136.7,450.4
20.4,146.7,450.5
20.4,154.5,450.5
20.4,145.1,450.5
20.4,151.3,450.5
20.4,136.6,450.5
20.4,145.3,450.5
20.4,153.7,450.5
20.4,146.7,450.5
20.4,152.8,450.5
20.4,137.9,450.5
20.4,146.3,450.5
20.4,133.5,450.5
20.4,143.0,450.5
20.5,153.3,450.5
20.5,143.1,450.5
20.5,153.1,450.5
20.5,136.7,450.5
20.5,146.9,450.5
20.5,153.7,450.5
20.5,145.4,450.5
20.5,152.5,450.5
20.5,137.9,450.5
20.5,146.5,450.5
20.5,153.5,450.5
20.5,146.8,450.5
20.5,152.4,450.3
20.5,139.7,450.3
20.5,149.5,450.4
20.6,154.0,450.4
20.6,147.5,450.3
20.6,152.3,450.4
20.6,140.0,450.4
20.6,150.1,450.3
20.6,135.4,450.4
20.6,145.4,450.4
20.6,153.5,450.3
20.6,142.6,450.4
20.6,152.7,450.4
20.6,137.1,450.3
20.6,147.0,450.4
20.6,153.1,450.4
20.6,144.8,450.3
20.6,151.9,450.4
20.7,138.0,450.3
20.7,147.8,450.4
20.7,133.0,450.4
20.7,142.2,450.3
20.7,151.6,450.4
20.7,142.0,450.4
20.7,151.9,450.4
20.7,136.6,450.4
20.7,145.7,450.4
20.7,151.4,450.4
20.7,143.6,450.4
20.7,151.7,450.4
20.7,136.9,450.4
20.7,146.2,450.4
20.8,132.8,450.4
20.8,141.8,450.4
20.8,151.9,450.4
20.8,141.8,450.4
20.8,151.9,450.4
20.8,136.2,450.4
20.8,145.9,450.4
20.8,155.3,450.4
20.8,143.8,450.4
20.8,153.9,450.4
20.8,136.5,450.4
20.8,146.1,450.4
20.8,153.9,450.4
20.8,145.6,450.4
20.8,152.4,450.4
20.9,138.7,450.4
20.9,148.2,450.4
20.9,132.6,450.4
20.9,140.5,450.4
20.9,128.7,450.4
20.9,138.3,450.4
20.9,127.6,450.4
20.9,136.9,450.4
20.9,123.9,450.4
20.9,131.6,450.4
20.9,141.4,450.4
20.9,134.2,450.4
20.9,142.7,450.4
21.0,131.2,450.4
21.0,140.7,450.4
21.0,127.5,450.4
21.0,136.9,450.5
21.0,143.2,450.5
21.0,138.4,450.5
21.0,144.5,450.5
21.0,131.9,450.5
21.0,140.6,450.5
21.0,147.3,450.5
21.0,141.4,450.5
21.0,148.1,450.5
21.0,137.1,450.5
21.0,145.6,450.5
21.1,131.3,450.5
21.1,140.8,450.5
21.1,150.0,450.5
21.1,140.1,450.5
21.1,149.0,450.5
21.1,135.0,450.5
21.1,145.0,450.5
21.1,153.4,450.7
21.1,142.8,450.7
21.1,151.9,450.7
21.1,137.1,450.7
21.1,147.3,450.7
21.1,154.6,450.7
21.1,146.1,450.7
21.1,153.7,450.7
21.2,138.1,450.7
21.2,146.4,450.6
21.2,152.4,450.6
21.2,147.2,450.6
21.2,153.5,450.6
21.2,138.6,450.6
21.2,148.6,450.6
21.2,134.8,450.6
21.2,144.0,450.7
21.2,152.6,450.6
21.2,143.2,450.7
21.2,152.9,450.7
21.2,136.0,450.7
21.2,145.7,450.7
21.3,153.7,450.7
21.3,145.2,450.7
21.3,152.1,450.7
21.3,138.1,450.7
21.3,147.9,450.7
21.3,133.2,450.7
21.3,142.7,450.7
21.3,152.7,450.7
21.3,141.5,450.7
21.3,150.0,450.7
21.3,135.1,450.7
21.3,143.7,450.7
21.3,153.1,450.7
21.3,143.1,450.7
21.4,149.7,450.7
21.4,137.0,450.7
21.4,146.8,450.7
21.4,132.6,450.7
21.4,141.4,450.7
21.4,150.0,450.7
21.4,141.0,450.7
21.4,149.8,450.7
21.4,135.3,450.7
21.4,144.3,450.7
21.4,151.0,450.7
21.4,144.2,450.7
21.4,150.0,450.7
21.4,137.6,450.7
21.5,146.1,450.7
21.5,133.2,450.7
21.5,142.6,450.7
21.5,151.4,450.7
21.5,141.4,450.7
21.5,151.3,450.7
21.5,136.3,450.7
21.5,146.6,450.7
21.5,152.1,450.7
21.5,144.0,450.7
21.5,151.1,450.7
21.5,137.3,450.9
21.5,144.4,450.9
21.5,133.0,450.9
21.6,140.6,450.9
21.6,149.4,450.9
21.6,143.8,450.9
21.6,152.6,450.9
21.6,137.8,450.9
21.6,148.4,450.9
21.6,152.8,450.9
21.6,144.7,451.0
21.6,153.4,451.0
21.6,136.9,450.9
21.6,147.0,451.0
21.6,152.3,451.0
21.6,146.9,451.0
21.6,150.7,451.0
21.6,138.7,451.0
21.6,148.5,451.0
21.7,135.1,451.0
21.7,143.3,451.0
21.7,152.1,451.0
21.7,143.4,451.0
21.7,152.0,451.0
21.7,136.4,451.0
21.7,145.2,451.0
21.7,150.7,451.0
21.7,144.0,451.0
21.7,149.5,451.0
21.7,138.2,451.0
21.7,148.0,451.0
21.7,133.5,451.0
21.7,141.8,451.0
21.8,150.1,451.0
21.8,143.1,451.0
21.8,149.0,451.0
21.8,135.1,451.0
21.8,143.9,451.0
21.8,131.9,451.0
21.8,140.4,451.0
21.8,149.2,451.0
21.8,140.9,451.0
21.8,150.1,451.0
21.8,135.0,451.0
21.8,143.7,451.0
21.8,150.8,451.0
21.8,143.3,451.0
21.9,147.7,451.0
21.9,138.0,451.0
21.9,144.1,451.0
21.9,133.6,451.0
21.9,141.9,451.0
21.9,129.5,451.0
21.9,137.6,451.0
21.9,126.7,451.0
21.9,136.5,451.0
21.9,124.1,451.0
21.9,133.6,451.1
21.9,122.9,451.0
21.9,130.9,451.1
22.0,139.5,451.1
22.0,133.0,451.0
22.0,140.2,451.1
22.0,129.1,451.1
22.0,137.4,451.1
22.0,143.6,451.1
22.0,138.5,451.1
22.0,145.1,451.1
22.0,134.1,451.1
22.0,142.8,451.1
22.0,130.5,451.1
22.0,139.1,451.1
22.0,147.8,451.1
22.0,139.3,451.1
22.1,147.6,451.1
22.1,133.8,451.1
22.1,142.2,451.1
22.1,150.5,451.1
22.1,143.1,451.1
22.1,149.2,451.1
22.1,137.0,451.1
22.1,145.5,451.1
22.1,132.2,451.1
22.1,140.6,451.1
22.1,149.6,451.1
22.1,141.4,451.1
22.1,150.2,451.1
22.1,136.0,451.1
22.1,144.6,451.1
22.2,152.7,451.1
22.2,144.4,450.9
22.2,151.8,451.0
22.2,137.7,450.9
22.2,146.5,450.9
22.2,133.3,450.9
22.2,143.3,450.9
22.2,152.6,450.9
22.2,141.1,450.9
22.2,151.6,450.9
22.2,135.8,450.9
22.2,145.9,450.9
22.2,152.7,450.9
22.2,144.4,450.9
22.2,152.4,450.9
22.3,136.8,450.9
22.3,147.0,450.9
22.3,151.7,450.9
22.3,146.6,450.9
22.3,152.1,450.9
22.3,138.6,450.9
22.3,147.6,450.9
22.3,133.7,450.9
22.3,143.2,450.9
22.3,151.9,450.9
22.3,143.4,450.9
22.3,153.2,450.9
22.3,136.1,450.9
22.3,146.3,450.9
22.4,151.2,450.9
22.4,145.5,450.9
22.4,151.8,450.9
22.4,137.9,450.9
22.4,148.1,450.9
22.4,134.0,450.9
22.4,142.5,450.9
22.4,151.7,450.9
22.4,141.4,450.9
22.4,152.1,451.0
22.4,136.1,450.9
22.4,146.0,451.0
22.4,152.1,451.0
22.4,143.4,451.0
22.5,151.3,451.0
22.5,136.9,451.0
22.5,146.5,451.0
22.5,132.6,451.0
22.5,142.2,451.0
22.5,152.9,451.0
22.5,142.1,451.0
22.5,152.7,451.0
22.5,135.5,451.0
22.5,145.4,451.0
22.5,153.1,451.0
22.5,144.5,451.0
22.5,151.9,451.0
22.5,138.1,451.0
22.5,148.1,451.0
22.6,151.5,451.0
22.6,146.2,451.0
22.6,150.7,451.0
22.6,137.9,451.0
22.6,146.1,450.9
22.6,134.6,450.9
22.6,144.6,450.9
22.6,154.0,450.9
22.6,142.6,450.9
22.6,152.7,450.9
22.6,136.8,450.9
22.6,146.6,450.9
22.6,152.3,450.9
22.6,144.6,450.9
22.6,151.3,450.9
22.7,137.9,450.9
22.7,147.6,450.9
22.7,150.5,450.9
22.7,145.6,450.9
22.7,151.0,450.9
22.7,139.3,450.9
22.7,149.1,450.9
22.7,134.4,450.9
22.7,143.3,450.9
22.7,149.1,450.9
22.7,142.8,450.9
22.7,149.8,450.9
22.7,136.7,450.9
22.7,146.3,450.9
22.8,150.4,450.9
22.8,144.8,450.9
22.8,149.8,450.9
22.8,138.5,450.9
22.8,148.1,450.9
22.8,133.8,450.9
22.8,143.7,450.9
22.8,151.5,450.9
22.8,141.9,450.9
22.8,151.6,450.9
22.8,134.6,450.9
22.8,143.9,450.9
22.8,150.5,450.9
22.8,143.8,450.9
22.9,149.4,450.9
22.9,138.7,450.9
22.9,143.3,450.9
22.9,133.9,450.9
22.9,141.0,450.9
22.9,129.2,450.9
22.9,136.1,450.9
22.9,127.8,450.9
22.9,134.2,450.9
22.9,124.3,450.9
22.9,131.7,451.0
22.9,122.9,451.0
22.9,131.6,451.0
23.0,141.1,451.0
23.0,131.8,451.0
23.0,140.9,451.0
23.0,129.5,451.0
23.0,138.7,451.0
23.0,144.4,451.0
23.0,140.5,451.0
23.0,145.1,451.0
23.0,134.2,451.0
23.0,144.2,451.0
23.0,130.2,451.0
23.0,139.5,451.0
23.0,148.0,451.0
23.0,140.8,451.0
23.0,148.9,451.0
23.1,134.7,451.0
23.1,144.6,451.0
23.1,150.7,451.0
23.1,142.7,451.0
23.1,152.0,451.0
23.1,136.3,451.0
23.1,146.6,451.0
23.1,151.3,451.0
23.1,144.6,451.0
23.1,150.7,451.0
23.1,138.1,451.0
23.1,148.2,451.0
23.1,133.4,451.0
23.1,143.0,451.0
23.2,153.5,451.0
23.2,143.0,450.9
23.2,153.1,451.0
23.2,136.1,450.9
23.2,146.5,450.9
23.2,154.1,451.0
23.2,144.8,451.0
23.2,152.9,451.0
23.2,138.3,450.9
23.2,148.7,451.0
23.2,133.3,450.9
23.2,142.8,451.0
23.2,153.3,451.0
23.2,141.4,450.9
23.2,151.4,451.0
23.3,135.6,450.9
23.3,145.4,451.0
23.3,154.0,451.0
23.3,143.5,451.0
23.3,152.8,450.9
23.3,137.2,451.0
23.3,147.3,451.0
23.3,152.5,450.9
23.3,145.2,451.0
23.3,151.2,451.0
23.3,137.6,451.0
23.3,146.2,451.0
23.3,133.6,451.0
23.3,142.8,451.0
23.4,152.7,451.0
23.4,142.3,451.0
23.4,152.2,451.0
23.4,137.1,451.0
23.4,147.5,451.0
23.4,152.8,451.0
23.4,144.4,451.0
23.4,151.8,451.0
23.4,138.0,451.0
23.4,147.9,451.0
23.4,151.8,451.0
23.4,145.6,451.0
23.4,150.3,451.0
23.4,138.9,451.0
23.4,148.0,451.0
23.5,134.1,451.0
23.5,143.5,451.0
23.5,150.4,451.0
23.5,142.7,451.0
23.5,149.3,451.0
23.5,136.0,451.0
23.5,145.6,451.0
23.5,130.4,451.0
23.5,139.1,451.0
23.5,148.9,451.0
23.5,141.5,451.0
23.5,151.1,451.0
23.5,135.2,451.0
23.5,144.1,451.0
23.6,151.7,451.0
23.6,143.9,451.0
23.6,150.0,451.0
23.6,137.9,451.0
23.6,147.8,451.0
23.6,133.9,451.0
23.6,144.0,451.0
23.6,150.8,451.0
23.6,141.7,451.0
23.6,150.4,451.0
23.6,136.0,451.0
23.6,145.6,451.0
23.6,150.9,451.0
23.6,144.1,451.0
23.7,150.2,451.0
23.7,137.6,451.0
23.7,147.2,451.0
23.7,133.0,451.0
23.7,142.8,451.0
23.7,151.7,451.0
23.7,141.7,451.0
23.7,151.1,451.0
23.7,135.8,451.0
23.7,143.4,451.0
23.7,149.2,451.0
23.7,144.6,451.0
23.7,149.5,451.0
23.7,138.5,451.0
23.7,147.9,451.0
23.8,133.1,451.0
23.8,141.7,451.0
23.8,151.4,451.0
23.8,141.7,451.0
23.8,151.1,451.0
23.8,135.5,451.0
23.8,145.6,451.0
23.8,151.5,451.0
23.8,144.4,451.0
23.8,150.3,451.0
23.8,136.1,451.0
23.8,145.8,451.0
23.8,149.8,451.0
23.8,147.0,451.0
23.9,147.8,451.0
23.9,140.1,451.0
23.9,142.4,451.0
23.9,135.2,451.0
23.9,140.7,451.0
23.9,131.4,451.0
23.9,135.9,451.0
23.9,128.6,451.0
23.9,134.9,451.0
23.9,124.9,451.1
23.9,133.7,451.1
23.9,123.2,451.1
24.0,130.9,451.1
24.0,139.1,451.1
24.0,134.9,451.0
24.0,143.4,451.1
24.0,129.5,451.1
24.0,137.6,451.1
24.0,145.4,451.1
24.0,139.3,451.1
24.0,145.7,451.1
24.0,133.8,451.1
24.0,143.7,451.1
24.0,130.3,451.1
24.0,137.8,451.1
24.0,146.7,451.1
24.0,137.9,450.4
24.1,146.3,450.4
24.1,134.9,450.2
24.1,144.4,450.2
24.1,152.3,450.2
24.1,145.1,450.2
24.1,151.3,450.2
24.1,136.5,450.2
24.1,145.3,450.2
24.1,152.3,450.2
24.1,145.3,450.2
24.1,150.6,450.2
24.1,140.1,450.2
24.1,148.7,450.2
24.1,134.4,450.2
24.1,144.6,450.2
24.2,151.9,450.2
24.2,143.3,450.2
24.2,151.0,450.2
24.2,137.1,450.2
24.2,147.6,450.2
24.2,132.2,450.2
24.2,141.1,450.2
24.2,150.5,450.2
24.2,141.0,450.2
24.2,151.5,450.2
24.2,136.0,450.2
24.2,145.8,450.2
24.2,152.9,450.2
24.2,143.3,450.2
24.2,151.7,450.2
24.3,137.3,450.2
24.3,147.3,450.2
24.3,132.4,450.2
24.3,142.2,450.2
24.3,152.1,450.2
24.3,140.7,450.2
24.3,150.7,450.2
24.3,135.5,450.2
24.3,145.0,450.2
24.3,152.7,450.2
24.3,143.2,450.2
24.3,151.7,450.2
24.3,137.1,450.2
24.3,146.8,450.2
24.4,152.5,450.2
24.4,145.3,450.2
24.4,150.5,450.2
24.4,138.4,450.2
24.4,148.6,450.2
24.4,134.0,450.2
24.4,144.1,450.2
24.4,150.9,450.2
24.4,141.2,450.2
24.4,150.0,450.2
24.4,136.0,450.2
24.4,145.4,450.2
24.4,150.7,450.2
24.4,144.5,450.2
24.5,148.9,450.2
24.5,138.5,450.2
24.5,147.5,450.2
24.5,133.3,450.2
24.5,142.8,450.4
24.5,150.1,450.4
24.5,139.8,450.4
24.5,149.1,450.4
24.5,134.4,450.4
24.5,142.9,450.4
24.5,132.1,450.4
24.5,141.4,450.4
24.5,148.8,450.4
24.5,141.2,450.4
24.5,150.3,450.4
24.6,135.4,450.4
24.6,145.0,450.4
24.6,149.1,450.4
24.6,144.2,450.4
24.6,149.9,450.4
24.6,136.3,450.4
24.6,146.2,450.4
24.6,132.6,450.4
24.6,141.9,450.4
24.6,150.2,450.4
24.6,141.6,450.4
24.6,149.5,450.4
24.6,136.3,450.4
24.6,146.2,450.4
24.7,150.6,450.4
24.7,144.6,450.4
24.7,148.9,450.4
24.7,137.2,450.4
24.7,145.3,450.4
24.7,132.6,450.4
24.7,142.6,450.4
24.7,129.0,450.5
24.7,136.2,450.5
24.7,144.9,450.5
24.7,140.3,450.5
24.7,147.8,450.5
24.7,135.0,450.5
24.7,143.5,450.5
24.8,130.0,450.5
24.8,139.6,450.5
24.8,148.6,450.5
24.8,139.8,450.5
24.8,150.1,450.5
24.8,133.6,450.5
24.8,143.7,450.5
24.8,149.2,450.5
24.8,141.9,450.5
24.8,148.4,450.5
24.8,136.2,450.5
24.8,145.8,450.5
24.8,132.1,450.5
24.8,140.5,450.5
24.9,148.4,450.5
24.9,140.6,450.5
24.9,144.5,450.5
24.9,135.3,450.5
24.9,139.2,450.5
24.9,132.3,450.5
24.9,134.2,450.5
24.9,128.8,450.5
24.9,131.1,450.5
24.9,126.8,450.5
24.9,130.7,450.6
24.9,124.9,450.6
25.0,131.7,450.6
25.0,123.4,450.6
25.0,131.2,450.6
25.0,122.2,450.6
25.0,131.2,450.6
25.0,139.3,450.6
25.0,132.5,450.6
25.0,141.1,450.6
25.0,129.1,450.6
25.0,136.0,450.7
25.0,144.5,450.7
25.0,138.9,450.7
25.0,145.0,450.7
25.0,134.0,450.7
25.0,142.6,450.7
25.1,130.3,450.7
25.1,138.7,450.7
25.1,147.9,450.7
25.1,139.1,450.7
25.1,147.5,450.7
25.1,133.9,450.7
25.1,142.7,450.7
25.1,149.7,450.6
25.1,144.1,450.6
25.1,149.1,450.6
25.1,136.8,450.6
25.1,145.7,450.6
25.1,132.4,450.6
25.1,142.3,450.6
25.2,150.4,450.6
25.2,142.3,450.6
25.2,151.2,450.6
25.2,134.8,450.6
25.2,143.4,450.6
25.2,150.3,450.6
25.2,145.0,450.6
25.2,150.3,450.6
25.2,136.9,450.6
25.2,147.1,450.6
25.2,134.2,450.6
25.2,144.1,450.6
25.2,149.4,450.6
25.2,142.3,450.6
25.2,150.9,450.6
25.3,134.8,450.6
25.3,143.1,450.6
25.3,131.1,450.6
25.3,140.2,450.6
25.3,149.0,450.6
25.3,139.7,450.6
25.3,149.0,450.6
25.3,134.7,450.6
25.3,144.2,450.6
25.3,151.6,450.6
25.3,144.5,450.6
25.3,152.3,450.6
25.3,136.6,450.6
25.3,146.5,450.6
25.4,151.9,450.6
25.4,144.9,450.6
25.4,150.9,450.6
25.4,138.1,450.6
25.4,146.6,450.6
25.4,133.9,450.6
25.4,142.9,450.6
25.4,151.3,450.6
25.4,142.1,450.6
25.4,150.8,450.6
25.4,136.1,450.6
25.4,146.0,450.7
25.4,131.9,450.6
25.5,139.8,450.7
25.5,148.8,450.7
25.5,140.8,450.7
25.5,149.6,450.7
25.5,135.3,450.7
25.5,145.4,450.7
25.5,150.5,450.7
25.5,144.9,450.7
25.5,149.8,450.7
25.5,137.2,450.7
25.5,147.3,450.7
25.5,132.4,450.7
25.5,140.6,450.7
25.5,149.3,450.5
25.5,143.0,450.5
25.5,151.8,450.6
25.6,136.5,450.5
25.6,146.3,450.5
25.6,151.3,450.6
25.6,145.1,450.6
25.6,149.9,450.5
25.6,138.6,450.6
25.6,148.5,450.6
25.6,133.9,450.5
25.6,143.7,450.6
25.6,149.7,450.5
25.6,142.0,450.5
25.6,149.3,450.6
25.6,135.6,450.5
25.6,145.2,450.5
25.7,131.6,450.5
25.7,140.4,450.5
25.7,150.1,450.5
25.7,140.8,450.5
25.7,150.2,450.5
25.7,134.8,450.5
25.7,144.2,450.5
25.7,130.8,450.5
25.7,139.7,450.5
25.7,149.8,450.5
25.7,139.3,450.6
25.7,147.4,450.6
25.7,133.8,450.6
25.7,143.2,450.6
25.8,151.1,450.6
25.8,143.5,450.6
25.8,150.5,450.6
25.8,137.0,450.6
25.8,146.7,450.6
25.8,131.8,450.6
25.8,140.8,450.6
25.8,150.6,450.6
25.8,141.0,450.6
25.8,150.5,450.6
25.8,135.4,450.6
25.8,144.9,450.6
25.8,149.0,450.6
25.8,142.5,450.6
25.9,150.4,450.6
25.9,136.8,450.6
25.9,144.7,450.6
25.9,132.3,450.6
25.9,141.6,450.6
25.9,128.9,450.6
25.9,137.6,450.6
25.9,126.2,450.6
25.9,135.5,450.6
25.9,125.2,450.6
25.9,134.5,450.6
25.9,121.3,450.6
26.0,128.5,450.6
26.0,136.8,450.7
26.0,133.9,450.6
26.0,140.2,450.6
26.0,129.3,450.6
26.0,137.4,450.6
26.0,127.0,450.6
26.0,136.6,450.7
26.0,144.4,450.7
26.0,136.3,450.7
26.0,146.4,450.7
26.0,131.6,450.7
26.0,140.1,450.7
26.0,147.2,450.7
26.0,141.4,450.7
26.1,148.4,450.7
26.1,136.5,450.7
26.1,144.2,450.7
26.1,131.6,450.7
26.1,141.5,450.7
26.1,148.1,450.7
26.1,141.5,450.7
26.1,149.3,450.7
26.1,134.3,450.7
26.1,142.7,450.7
26.1,148.3,450.9
26.1,144.7,450.9
26.1,147.1,450.9
26.1,137.9,450.9
26.1,146.6,450.9
26.2,133.3,450.8
26.2,143.3,450.8
26.2,148.6,450.8
26.2,142.4,450.8
26.2,148.4,450.8
26.2,135.7,450.8
26.2,145.7,450.9
26.2,132.6,450.8
26.2,142.6,450.9
26.2,149.2,450.9
26.2,141.5,450.9
26.2,150.2,450.9
26.2,134.4,450.9
26.2,142.7,450.9
26.3,149.2,450.9
26.3,144.7,450.9
26.3,149.4,450.9
26.3,138.2,450.9
26.3,146.5,450.9
26.3,133.6,450.9
26.3,143.9,450.9
26.3,148.4,450.9
26.3,141.9,450.9
26.3,147.3,450.9
26.3,136.1,450.9
26.3,145.6,450.9
26.3,130.2,450.9
26.3,139.8,450.9
26.4,127.7,450.9
26.4,136.9,450.9
26.4,145.6,450.9
26.4,137.3,450.9
26.4,146.9,450.9
26.4,132.5,450.9
26.4,142.0,450.9
26.4,129.1,450.9
26.4,138.4,450.9
26.4,147.0,450.9
26.4,139.4,450.9
26.4,149.4,450.9
26.4,133.1,450.9
26.4,142.8,450.9
26.5,148.8,450.9
26.5,143.2,450.9
26.5,149.5,450.9
26.5,136.0,450.9
26.5,145.9,450.9
26.5,131.6,450.9
26.5,141.6,450.9
26.5,148.9,450.9
26.5,141.3,450.9
26.5,150.5,450.9
26.5,134.2,451.1
26.5,142.7,451.1
26.5,130.5,451.1
26.6,138.4,451.1
26.6,147.4,451.1
26.6,139.7,451.1
26.6,149.7,451.1
26.6,134.9,451.1
26.6,143.8,451.1
26.6,150.0,451.1
26.6,144.7,451.1
26.6,150.3,451.1
26.6,136.8,451.1
26.6,146.4,451.1
26.6,132.9,451.1
26.6,141.7,451.1
26.6,148.7,451.1
26.6,140.7,451.1
26.7,147.9,451.1
26.7,135.5,451.1
26.7,145.0,451.1
26.7,132.8,451.1
26.7,141.4,451.1
26.7,148.6,451.1
26.7,139.7,451.2
26.7,149.5,451.2
26.7,134.5,451.2
26.7,142.7,451.2
26.7,130.7,451.2
26.7,138.2,451.2
26.7,147.1,451.2
26.7,139.9,451.2
26.7,149.6,451.2
26.8,134.3,451.2
26.8,143.1,451.2
26.8,148.0,451.2
26.8,144.6,451.2
26.8,146.8,451.2
26.8,137.3,451.2
26.8,146.4,451.2
26.8,132.6,451.2
26.8,141.2,451.2
26.8,146.9,451.2
26.8,143.4,451.2
26.8,145.9,451.2
26.8,137.4,451.2
26.8,145.4,451.2
26.9,131.6,451.2
26.9,141.3,451.2
26.9,128.8,451.2
26.9,138.7,451.2
26.9,144.3,451.2
26.9,137.6,451.2
26.9,139.6,451.2
26.9,133.6,451.2
26.9,134.5,451.2
26.9,130.4,451.2
26.9,132.6,451.2
26.9,127.8,451.2
27.0,133.6,451.2
27.0,126.8,451.2
27.0,133.6,451.2
27.0,123.4,451.2
27.0,131.5,451.2
27.0,137.9,451.2
27.0,134.5,451.2
27.0,139.3,451.2
27.0,130.5,451.2
27.0,139.3,451.2
27.0,128.9,451.2
27.0,137.1,451.3
27.0,144.0,451.3
27.0,136.7,451.3
27.1,144.2,451.3
27.1,132.2,451.3
27.1,140.6,451.3
27.1,129.2,451.3
27.1,136.8,451.3
27.1,145.9,451.3
27.1,138.3,451.3
27.1,147.5,451.3
27.1,134.1,451.3
27.1,142.9,451.3
27.1,149.6,451.3
27.1,142.4,451.3
27.1,148.6,451.3
27.1,136.3,451.3
27.2,144.3,451.3
27.2,132.2,451.2
27.2,140.4,451.2
27.2,149.4,451.2
27.2,142.2,451.2
27.2,150.0,451.2
27.2,135.2,451.2
27.2,144.4,451.2
27.2,150.0,451.1
27.2,145.5,451.1
27.2,149.3,451.1
27.2,137.6,451.1
27.2,146.1,451.1
27.2,132.8,451.1
27.2,142.8,451.1
27.3,149.8,451.1
27.3,143.2,451.1
27.3,149.9,451.1
27.3,135.6,451.1
27.3,142.9,450.5
27.3,132.8,450.6
27.3,137.6,450.3
27.3,146.2,450.3
27.3,141.0,450.3
27.3,151.4,450.3
27.3,135.2,450.3
27.3,144.0,450.3
27.3,150.0,450.3
27.3,145.2,450.3
27.4,148.8,450.3
27.4,138.8,450.3
27.4,148.9,450.3
27.4,133.1,450.3
27.4,142.1,450.3
27.4,149.3,450.3
27.4,142.6,450.3
27.4,150.1,450.3
27.4,136.7,450.3
27.4,146.8,450.3
27.4,130.8,450.3
27.4,140.2,450.3
27.4,149.1,450.3
27.4,140.7,450.3
27.4,149.1,450.3
27.5,135.5,450.3
27.5,144.1,450.3
27.5,150.3,450.3
27.5,143.9,450.3
27.5,148.4,450.3
27.5,136.6,450.3
27.5,145.4,450.3
27.5,132.9,450.3
27.5,141.5,450.3
27.5,149.3,450.3
27.5,142.4,450.3
27.5,150.2,450.3
27.5,135.0,450.3
27.5,143.6,450.3
27.6,148.9,450.3
27.6,145.3,450.3
27.6,149.6,450.3
27.6,137.2,450.2
27.6,146.9,450.2
27.6,134.3,450.2
27.6,144.5,450.2
27.6,149.3,450.2
27.6,142.7,450.2
27.6,148.6,450.2
27.6,136.8,450.2
27.6,146.3,450.2
27.6,132.3,450.2
27.6,141.9,450.2
27.7,149.0,450.2
27.7,141.2,450.2
27.7,147.7,450.2
27.7,135.6,450.2
27.7,145.6,450.2
27.7,130.8,450.2
27.7,140.3,450.2
27.7,149.4,450.2
27.7,139.1,450.2
27.7,148.0,450.2
27.7,134.6,450.3
27.7,143.5,450.3
27.7,129.4,450.3
27.7,138.7,450.3
27.8,148.7,450.3
27.8,139.7,450.3
27.8,149.3,450.3
27.8,134.6,450.3
27.8,144.6,450.3
27.8,149.2,450.3
27.8,143.1,450.3
27.8,148.5,450.3
27.8,137.1,450.3
27.8,146.9,450.3
27.8,133.1,450.3
27.8,142.6,450.3
27.8,147.3,450.3
27.8,139.9,450.3
27.8,148.9,450.3
27.9,135.9,450.3
27.9,145.4,450.3
27.9,131.5,450.3
27.9,141.3,450.3
27.9,127.0,450.3
27.9,136.6,450.3
27.9,125.9,450.3
27.9,133.5,450.3
27.9,122.8,450.3
27.9,131.8,450.3
27.9,121.3,450.3
28.0,129.2,450.3
28.0,120.5,450.3
28.0,129.8,450.3
28.0,136.0,450.3
28.0,132.4,450.3
28.0,137.1,450.3
28.0,128.2,450.3
28.0,138.0,450.3
28.0,125.7,450.3
28.0,134.9,450.3
28.0,142.7,450.3
28.0,136.7,450.3
28.0,143.6,450.3
28.0,131.2,450.3
28.0,139.7,450.3
28.1,145.5,450.3
28.1,141.8,450.3
28.1,145.0,450.3
28.1,135.0,450.3
28.1,144.8,450.3
28.1,131.2,450.3
28.1,141.3,450.3
28.1,147.5,450.3
28.1,141.0,450.3
28.1,147.5,450.3
28.1,134.0,450.3
28.1,142.5,450.3
28.1,148.6,450.3
28.1,143.2,450.3
28.2,149.0,450.3
28.2,137.2,450.3
28.2,145.5,450.3
28.2,133.1,450.3
28.2,143.2,450.3
28.2,150.3,450.3
28.2,142.8,450.3
28.2,149.6,450.3
28.2,136.5,450.3
28.2,146.2,450.3
28.2,132.1,450.3
28.2,141.6,450.3
28.2,150.8,450.3
28.2,140.6,450.3
28.2,150.4,450.3
28.3,135.0,450.3
28.3,144.6,450.3
28.3,150.2,450.3
28.3,142.2,450.3
28.3,149.7,450.3
28.3,137.4,450.3
28.3,147.7,450.3
28.3,133.0,450.3
28.3,142.3,450.3
28.3,149.3,450.3
28.3,141.6,450.3
28.3,149.1,450.3
28.3,135.7,450.3
28.3,145.6,450.3
28.4,131.1,450.3
28.4,140.6,450.3
28.4,150.6,450.3
28.4,140.0,450.3
28.4,149.9,450.3
28.4,134.6,450.3
28.4,144.5,450.3
28.4,150.2,450.3
28.4,142.8,450.3
28.4,149.5,450.3
28.4,136.8,450.3
28.4,146.2,450.3
28.4,133.0,450.3
28.4,142.6,450.3
28.5,150.1,450.3
28.5,141.5,450.3
28.5,148.7,450.3
28.5,135.4,450.3
28.5,145.1,450.3
28.5,131.1,450.3
28.5,140.4,450.3
28.5,148.4,450.3
28.5,139.6,450.3
28.5,149.5,450.3
28.5,134.7,450.3
28.5,144.4,450.3
28.5,149.8,450.3
28.5,143.6,450.3
28.6,148.8,450.3
28.6,137.4,450.3
28.6,147.0,450.3
28.6,133.3,450.3
28.6,143.3,450.3
28.6,149.1,450.3
28.6,140.4,450.3
28.6,148.2,450.3
28.6,136.1,450.3
28.6,145.7,450.3
28.6,131.2,450.3
28.6,140.2,450.3
28.6,150.2,450.3
28.6,139.6,450.3
28.6,149.3,450.3
28.7,134.7,450.3
28.7,144.5,450.3
28.7,149.9,450.3
28.7,143.2,450.3
28.7,149.4,450.3
28.7,137.0,450.3
28.7,146.7,450.3
28.7,132.9,450.3
28.7,142.0,450.3
28.7,148.9,450.3
28.7,141.2,450.4
28.7,147.7,450.4
28.7,134.2,450.4
28.8,143.1,450.4
28.8,131.8,450.4
28.8,140.7,450.4
28.8,148.7,450.4
28.8,140.6,450.4
28.8,148.0,450.4
28.8,135.0,450.4
28.8,144.4,450.4
28.8,131.1,450.4
28.8,138.9,450.4
28.8,147.7,450.4
28.8,140.6,450.4
28.8,150.0,450.4
28.8,133.4,450.4
28.8,142.9,450.4
28.9,130.1,450.4
28.9,139.2,450.4
28.9,149.0,450.4
28.9,140.5,450.4
28.9,146.5,450.4
28.9,134.0,450.4
28.9,140.8,450.4
28.9,131.3,450.4
28.9,138.5,450.4
28.9,126.6,450.4
28.9,134.5,450.4
28.9,125.1,450.4
29.0,133.1,450.4
29.0,123.1,450.4
29.0,132.4,450.4
29.0,138.0,450.4
29.0,133.2,450.4
29.0,138.6,450.4
29.0,130.0,450.4
29.0,138.2,450.4
29.0,127.6,450.4
29.0,136.2,450.4
29.0,143.8,450.4
29.0,136.9,450.4
29.0,144.3,450.4
29.0,132.4,450.4
29.0,140.7,450.5
29.1,129.0,450.5
29.1,137.1,450.5
29.1,145.9,450.5
29.1,139.8,450.5
29.1,148.3,450.5
29.1,133.7,450.5
29.1,143.8,450.5
29.1,148.4,450.5
29.1,142.2,450.5
29.1,148.4,450.5
29.1,137.6,450.5
29.1,146.1,450.5
29.1,132.0,450.5
29.1,140.3,450.5
29.2,150.6,450.5
29.2,142.0,450.5
29.2,150.8,450.5
29.2,135.9,450.5
29.2,146.4,450.5
29.2,149.9,450.4
29.2,143.0,450.4
29.2,149.3,450.4
29.2,138.1,450.4
29.2,148.1,450.4
29.2,133.5,450.4
29.2,143.1,450.4
29.2,148.6,450.4
29.2,142.1,450.4
29.3,148.3,450.4
29.3,135.6,450.4
29.3,144.3,450.4
29.3,132.4,450.4
29.3,142.5,450.4
29.3,148.7,450.4
29.3,140.7,450.4
29.3,148.5,450.4
29.3,134.9,450.4
29.3,144.5,450.4
29.3,131.2,450.4
29.3,140.3,450.4
29.3,149.4,450.4
29.3,140.0,450.4
29.3,148.9,450.4
29.4,134.2,450.4
29.4,143.6,450.4
29.4,130.4,450.4
29.4,139.6,450.4
29.4,149.1,450.4
29.4,139.2,450.4
29.4,149.3,450.4
29.4,133.9,450.4
29.4,143.6,450.4
29.4,149.4,450.4
29.4,143.0,450.4
29.4,148.7,450.4
29.4,136.7,450.4
29.4,146.2,450.4
29.5,132.8,450.4
29.5,142.4,450.4
29.5,148.2,450.4
29.5,141.4,450.4
29.5,146.7,450.6
29.5,135.3,450.6
29.5,143.5,450.6
29.5,130.3,450.6
29.5,138.1,450.6
29.5,146.6,450.6
29.5,140.9,450.6
29.5,147.8,450.6
29.5,134.0,450.6
29.6,142.5,450.6
29.6,131.7,450.6
29.6,141.2,450.6
29.6,147.3,450.6
29.6,140.9,450.6
29.6,148.7,450.6
29.6,135.4,450.6
29.6,145.7,450.6
29.6,129.7,450.6
29.6,139.0,450.7
29.6,148.4,450.7
29.6,140.3,450.6
29.6,149.6,450.7
29.6,133.3,450.6
29.6,143.3,450.7
29.7,130.7,450.6
29.7,140.2,450.7
29.7,148.4,450.7
29.7,138.7,450.7
29.7,148.5,450.7
29.7,134.2,450.7
29.7,143.6,450.7
29.7,129.3,450.7
29.7,138.8,450.7
29.7,146.9,450.7
29.7,140.0,450.7
29.7,146.0,450.7
29.7,133.6,450.7
29.7,142.1,450.7
29.8,130.3,450.7
29.8,138.9,450.7
29.8,146.7,450.7
29.8,139.0,450.7
29.8,146.5,450.7
29.8,133.6,450.7
29.8,142.4,450.7
29.8,130.5,450.7
29.8,140.4,450.7
29.8,147.7,450.7
29.8,138.8,450.8
29.8,148.2,450.8
29.8,132.9,450.8
29.9,142.1,450.8
29.9,131.6,450.8
29.9,139.8,450.8
29.9,146.3,450.8
29.9,140.7,450.8
29.9,142.0,450.8
29.9,134.8,450.8
29.9,137.3,450.8
29.9,131.0,450.8
29.9,134.0,450.8
29.9,128.3,450.8
29.9,129.7,450.8
29.9,126.3,450.8
30.0,129.8,450.8
30.0,124.9,450.8
30.0,130.8,450.8
30.0,123.0,450.8
30.0,131.0,450.8
30.0,121.6,450.8
30.0,130.2,450.8
30.0,121.0,450.8
30.0,127.0,450.9
30.0,135.4,450.9
30.0,131.9,450.9
30.0,140.7,450.9
30.0,128.9,450.9
30.0,137.5,450.9
30.1,144.5,450.9
30.1,138.5,450.9
30.1,145.8,450.9
30.1,133.1,450.9
30.1,141.5,450.9
30.1,130.0,450.9
30.1,139.2,450.9
30.1,146.6,450.9
30.1,139.3,450.9
30.1,147.1,450.9
30.1,133.9,450.9
30.1,141.9,451.0
30.1,130.0,450.9
30.1,138.6,450.9
30.2,148.0,450.9
30.2,139.9,450.9
30.2,150.0,450.9
30.2,133.9,450.8
30.2,142.8,450.8
30.2,130.4,450.8
30.2,140.3,450.8
30.2,149.7,450.8
30.2,140.1,450.8
30.2,149.6,450.8
30.2,133.9,450.8
30.2,142.8,450.9
30.2,149.7,450.9
30.2,143.3,450.9
30.2,150.1,450.9
30.3,136.1,450.9
30.3,146.3,450.9
30.3,132.1,450.9
30.3,142.4,450.9
30.3,148.5,450.9
30.3,140.5,450.9
30.3,149.2,450.9
30.3,134.7,450.9
30.3,144.6,450.9
30.3,131.3,450.9
30.3,140.2,450.9
30.3,149.6,450.9
30.3,141.0,450.9
30.3,148.6,450.9
30.4,133.7,450.9
30.4,142.2,450.9
30.4,130.2,450.9
30.4,139.2,450.9
30.4,148.2,450.9
30.4,140.7,450.9
30.4,148.2,450.9
30.4,134.2,450.9
30.4,143.9,450.9
30.4,147.8,450.9
30.4,144.0,450.9
30.4,146.1,450.9
30.4,137.6,450.9
30.4,145.2,450.9
30.5,131.9,450.9
30.5,139.8,450.9
30.5,146.7,450.9
30.5,142.4,450.9
30.5,147.0,450.9
30.5,136.9,450.9
30.5,145.2,450.9
30.5,131.1,450.9
30.5,140.3,450.9
30.5,146.1,450.9
30.5,141.2,450.9
30.5,147.0,450.9
30.5,135.3,450.9
30.5,144.7,450.9
30.6,130.8,450.8
30.6,140.1,450.8
30.6,147.5,450.8
30.6,141.9,450.8
30.6,146.4,450.8
30.6,135.3,450.8
30.6,144.2,450.8
30.6,131.8,450.8
30.6,141.0,450.8
30.6,146.5,450.8
30.6,140.8,450.8
30.6,146.2,450.8
30.6,135.8,450.8
30.6,145.3,450.8
30.7,131.1,450.8
30.7,140.4,450.8
30.7,146.4,450.8
30.7,140.5,450.8
30.7,145.8,450.8
30.7,133.7,450.8
30.7,143.0,450.8
30.7,131.5,450.8
30.7,141.1,450.8
30.7,146.0,450.8
30.7,140.7,450.9
30.7,145.6,450.9
30.7,133.8,450.9
30.7,143.1,450.9
30.8,131.0,450.9
30.8,140.6,450.9
30.8,126.9,450.9
30.8,135.9,450.9
30.8,145.9,450.9
30.8,137.9,450.9
30.8,147.5,450.9
30.8,133.3,450.9
30.8,142.3,450.9
30.8,146.8,450.9
30.8,142.2,450.9
30.8,147.0,450.9
30.8,135.3,450.9
30.8,143.5,450.9
30.9,131.2,450.9
30.9,140.7,450.9
30.9,128.1,450.9
30.9,138.0,450.9
30.9,144.0,450.9
30.9,139.1,450.9
30.9,121.1,450.9
30.9,128.9,450.9
30.9,135.9,450.9
30.9,132.5,450.9
30.9,118.0,450.9
30.9,126.0,450.9
31.0,133.3,450.9
31.0,129.0,450.9
31.0,134.7,450.9
31.0,126.2,450.9
31.0,134.0,450.9
31.0,124.2,450.9
31.0,132.7,450.9
31.0,139.8,450.9
31.0,136.1,450.9
31.0,138.8,450.9
31.0,130.4,450.9
31.0,138.6,450.9
31.0,127.7,450.9
31.1,135.7,450.9
31.1,143.1,450.9
31.1,137.5,450.9
31.1,143.8,450.9
31.1,133.1,451.0
31.1,141.9,451.0
31.1,130.0,451.0
31.1,140.0,451.0
31.1,145.6,451.2
31.1,139.7,451.2
31.1,145.0,451.2
31.1,133.8,451.2
31.1,143.3,451.2
31.1,130.0,451.2
31.1,138.2,451.2
31.2,148.0,451.2
31.2,139.5,451.2
31.2,146.5,451.2
31.2,135.2,451.1
31.2,145.5,451.1
31.2,130.3,451.1
31.2,140.5,451.1
31.2,146.7,451.1
31.2,140.1,451.1
31.2,146.4,451.1
31.2,133.3,451.1
31.2,141.9,451.1
31.2,131.2,451.1
31.2,139.6,451.1
31.3,148.2,451.1
31.3,140.3,451.1
31.3,147.1,451.1
31.3,134.3,451.1
31.3,143.0,451.1
31.3,130.1,451.2
31.3,140.2,451.2
31.3,148.2,451.2
31.3,140.3,451.2
31.3,145.3,451.2
31.3,133.7,451.2
31.3,141.8,451.2
31.3,129.8,451.2
31.3,139.2,451.2
31.4,144.3,451.2
31.4,141.1,451.2
31.4,143.4,451.2
31.4,132.7,450.6
31.4,142.1,450.7
31.4,130.4,450.4
31.4,140.4,450.4
31.4,127.7,450.4
31.4,136.9,450.4
31.4,145.7,450.4
31.4,137.3,450.4
31.4,145.6,450.4
31.4,132.7,450.4
31.4,141.5,450.4
31.5,129.0,450.4
31.5,138.5,450.4
31.5,147.2,450.4
31.5,139.8,450.5
31.5,146.3,450.5
31.5,132.7,450.5
31.5,142.2,450.5
31.5,130.7,450.5
31.5,139.0,450.5
31.5,147.4,450.5
31.5,138.4,450.7
31.5,145.6,450.7
31.5,133.7,450.7
31.5,142.4,450.7
31.6,131.1,450.7
31.6,140.9,450.7
31.6,148.2,450.7
31.6,140.2,450.7
31.6,148.5,450.7
31.6,133.6,450.7
31.6,142.9,450.7
31.6,129.9,450.7
31.6,139.6,450.7
31.6,148.2,450.7
31.6,139.6,450.7
31.6,147.8,450.7
31.6,133.6,450.7
31.6,142.3,450.7
31.7,147.2,450.7
31.7,142.5,450.7
31.7,146.1,450.7
31.7,136.7,450.7
31.7,146.4,450.7
31.7,132.2,450.7
31.7,142.5,450.7
31.7,145.4,450.7
31.7,141.7,450.7
31.7,145.2,450.7
31.7,136.5,450.6
31.7,144.1,450.6
31.7,131.7,450.7
31.7,139.9,450.7
31.8,128.7,450.7
31.8,138.6,450.7
31.8,144.4,450.7
31.8,137.9,450.7
31.8,144.9,450.7
31.8,132.7,450.7
31.8,141.3,450.7
31.8,129.3,450.7
31.8,139.0,450.7
31.8,143.4,450.7
31.8,139.9,450.7
31.8,143.0,450.7
31.8,134.0,450.7
31.9,142.2,450.7
31.9,130.2,450.7
31.9,138.4,450.7
31.9,144.1,450.8
31.9,140.2,450.8
31.9,140.8,450.8
31.9,135.6,450.8
31.9,137.1,450.8
31.9,131.8,450.8
31.9,135.3,450.8
31.9,128.7,450.8
31.9,130.1,450.8
31.9,126.7,450.8
32.0,128.0,450.8
32.0,125.1,450.8
32.0,128.7,450.8
32.0,123.8,450.8
32.0,130.7,450.8
32.0,122.1,450.8
32.0,130.2,450.8
32.0,121.5,450.8
32.0,129.9,450.8
32.0,137.0,450.8
32.0,131.9,450.8
32.0,138.5,450.8
32.0,128.5,450.8
32.1,136.6,450.8
32.1,126.3,450.8
32.1,134.3,450.8
32.1,142.6,450.8
32.1,135.3,450.8
32.1,142.8,450.8
32.1,131.8,450.8
32.1,140.7,450.8
32.1,128.7,450.9
32.1,137.0,450.9
32.1,145.6,450.9
32.1,138.2,450.9
32.1,145.8,450.9
32.1,133.4,450.9
32.1,142.1,450.9
32.2,130.4,450.9
32.2,138.9,450.7
32.2,146.9,450.7
32.2,138.7,450.7
32.2,147.9,450.7
32.2,133.8,450.7
32.2,144.2,450.6
32.2,146.3,450.6
32.2,143.8,450.6
32.2,145.8,450.6
32.2,136.8,450.6
32.2,145.2,450.6
32.2,132.2,450.6
32.2,141.9,450.6
32.3,145.5,450.6
32.3,142.9,450.6
32.3,146.2,450.6
32.3,131.5,450.6
32.3,136.2,450.6
32.3,129.2,450.6
32.3,136.0,450.6
32.3,127.1,450.6
32.3,133.2,450.7
32.3,125.1,450.7
32.3,131.8,450.7
32.3,139.6,450.7
32.3,137.9,450.7
32.3,147.0,450.7
32.4,131.5,450.7
32.4,138.9,450.7
32.4,121.5,450.7
32.4,119.0,450.7
32.4,119.9,450.7
32.4,112.3,450.7
32.4,114.2,450.7
32.4,112.1,450.7
32.4,112.6,450.7
32.5,113.6,450.7
32.5,117.6,450.7
32.5,121.9,450.7
32.5,128.4,450.7
32.5,135.8,450.7
32.5,143.3,450.7
32.5,150.7,450.7
32.5,155.5,450.7
32.5,157.1,450.7
32.5,155.0,450.7
32.5,153.0,450.7
32.5,153.9,450.7
32.5,151.9,450.7
32.5,151.9,450.7
32.5,150.4,450.7
32.5,150.9,450.7
32.5,146.5,450.7
32.6,148.3,450.7
32.6,149.9,450.7
32.6,149.6,450.7
32.6,147.3,450.7
32.6,146.1,450.7
32.6,145.1,450.6
32.6,147.5,450.6
32.6,146.4,450.6
32.6,146.3,450.6
32.6,146.6,450.6
32.6,145.6,450.6
32.6,145.2,450.6
32.6,145.5,450.6
32.6,145.6,450.6
32.6,145.5,450.6
32.7,143.0,450.6
32.7,144.9,450.6
32.7,143.7,450.6
32.7,143.6,450.6
32.7,143.5,450.6
32.7,142.7,450.6
32.7,143.2,450.6
32.7,142.8,450.6
32.7,143.0,450.6
32.7,142.4,450.6
32.7,142.3,450.6
32.7,142.0,450.6
32.7,141.7,450.7
32.7,140.8,450.7
32.8,139.8,450.7
32.8,140.9,450.7
32.8,140.0,450.7
32.8,140.3,450.7
32.8,139.9,450.7
32.8,140.1,450.7
32.8,140.1,450.7
32.8,140.1,450.7
32.8,139.9,450.7
32.8,139.3,450.7
32.8,139.4,450.7
32.8,139.8,450.7
32.8,138.7,450.7
32.8,138.9,450.7
32.9,138.3,450.7
32.9,138.6,450.7
32.9,139.4,450.7
32.9,139.9,450.7
32.9,137.2,450.7
32.9,136.7,450.7
32.9,135.3,450.7
32.9,135.4,450.7
32.9,132.5,450.7
32.9,130.7,450.7
32.9,127.1,450.7
32.9,126.7,450.7
33.0,125.3,450.7
33.0,126.9,450.7
33.0,126.8,450.7
33.0,127.7,450.7
33.0,128.1,450.7
33.0,129.2,450.7
33.0,129.9,450.7
33.0,131.4,450.7
33.0,131.8,450.7
33.0,132.0,450.7
33.0,133.2,450.7
33.0,133.5,450.7
33.0,133.9,450.7
33.0,135.1,450.7
33.1,136.6,450.7
33.1,136.1,450.7
33.1,136.2,450.7
33.1,136.4,450.7
33.1,137.0,450.8
33.1,138.6,450.8
33.1,137.9,450.8
33.1,137.7,450.8
33.1,138.1,450.8
33.1,138.9,450.8
33.1,138.9,450.8
33.1,139.3,450.8
33.1,139.6,450.8
33.1,140.2,450.8
33.2,139.7,450.8
33.2,138.5,450.8
33.2,140.9,450.8
33.2,141.0,450.8
33.2,140.4,450.8
33.2,140.4,450.8
33.2,140.6,450.8
33.2,139.6,450.7
33.2,138.2,450.7
33.2,138.4,450.7
33.2,139.6,450.7
33.2,140.1,450.7
33.2,140.0,450.7
33.2,140.3,450.7
33.3,139.7,450.7
33.3,138.5,450.7
33.3,140.5,450.7
33.3,140.0,450.7
33.3,140.5,450.7
33.3,140.3,450.7
33.3,139.8,450.7
33.3,139.5,450.7
33.3,138.7,450.7
33.3,139.4,450.7
33.3,139.9,450.7
33.3,140.1,450.7
33.3,140.1,450.7
33.3,140.0,450.7
33.4,139.5,450.7
33.4,139.0,450.7
33.4,140.2,450.7
33.4,140.2,450.7
33.4,140.2,450.7
33.4,140.5,450.7
33.4,140.7,450.7
33.4,140.7,450.7
33.4,138.8,450.7
33.4,140.3,450.7
33.4,140.0,450.7
33.4,140.0,450.7
33.4,140.1,450.7
33.4,140.4,450.7
33.5,139.7,450.7
33.5,139.0,450.7
33.5,139.9,450.7
33.5,140.4,450.7
33.5,140.4,450.7
33.5,140.3,450.7
33.5,140.2,450.7
33.5,137.8,450.7
33.5,141.1,450.7
33.5,139.1,450.7
33.5,139.7,450.7
33.5,141.2,450.7
33.5,140.8,450.7
33.5,140.9,450.7
33.6,141.0,450.7
33.6,138.7,450.7
33.6,140.5,450.7
33.6,141.5,450.7
33.6,141.2,450.7
33.6,140.9,450.7
33.6,140.9,450.7
33.6,140.8,450.7
33.6,140.2,450.7
33.6,139.5,450.7
33.6,140.5,450.7
33.6,140.6,450.7
33.6,140.5,450.7
33.6,140.9,450.7
33.7,140.0,450.7
33.7,139.6,450.7
33.7,140.4,450.7
33.7,140.8,450.7
33.7,140.1,450.7
33.7,139.9,450.7
33.7,139.9,450.7
33.7,140.0,450.7
33.7,137.8,450.7
33.7,141.1,450.7
33.7,140.3,450.7
33.7,140.2,450.7
33.7,139.4,450.7
33.7,139.5,450.8
33.8,139.5,450.8
33.8,138.3,450.8
33.8,140.1,450.8
33.8,140.6,450.8
33.8,140.3,450.8
33.8,140.3,450.8
33.8,140.5,450.8
33.8,139.5,450.8
33.8,140.3,450.8
33.8,139.4,450.8
33.8,140.0,450.8
33.8,140.1,450.8
33.8,140.3,450.8
33.8,140.2,450.8
33.9,140.1,450.8
33.9,138.2,450.8
33.9,138.9,450.8
33.9,139.5,450.8
33.9,141.1,450.8
33.9,139.6,450.8
33.9,137.2,450.8
33.9,137.3,450.8
33.9,136.2,450.8
33.9,132.5,450.8
33.9,133.9,450.8
33.9,132.4,450.8
33.9,130.8,450.8
34.0,129.5,450.8
34.0,128.0,450.8
34.0,128.0,450.8
34.0,128.9,450.8
34.0,128.8,450.8
34.0,129.7,450.8
34.0,130.5,450.8
34.0,131.4,450.8
34.0,132.7,450.8
34.0,134.1,450.9
34.0,134.0,450.9
34.0,134.4,450.9
34.0,137.0,450.9
34.0,136.1,450.9
34.1,136.8,450.9
34.1,137.4,450.9
34.1,137.3,450.9
34.1,137.6,450.9
34.1,137.8,450.9
34.1,138.8,450.9
34.1,139.3,450.9
34.1,139.4,450.9
34.1,139.9,450.9
34.1,139.6,450.9
34.1,140.0,450.9
34.1,140.1,450.9
34.1,139.5,450.9
34.1,140.0,450.9
34.2,140.0,450.9
34.2,140.6,450.9
34.2,141.2,450.9
34.2,140.0,450.9
34.2,141.6,450.9
34.2,140.8,450.9
34.2,139.1,450.9
34.2,141.0,450.9
34.2,141.3,450.9
34.2,140.3,450.9
34.2,140.8,450.9
34.2,140.7,450.9
34.2,140.5,450.9
34.2,139.9,450.9
34.3,140.4,450.9
34.3,139.0,450.9
34.3,140.5,450.9
34.3,140.3,450.9
34.3,140.7,450.9
34.3,140.4,450.9
34.3,140.7,450.9
34.3,140.3,450.9
34.3,140.5,450.9
34.3,140.2,450.9
34.3,140.4,450.9
34.3,140.0,450.9
34.3,140.0,450.9
34.3,139.7,450.9
34.4,138.3,450.9
34.4,140.5,450.9
34.4,139.8,450.9
34.4,140.2,450.9
34.4,140.2,450.9
34.4,139.9,450.9
34.4,139.9,450.9
34.4,140.0,450.9
34.4,139.3,450.9
34.4,139.1,450.9
34.4,140.0,450.9
34.4,140.3,450.9
34.4,140.0,450.9
34.4,140.5,450.9
34.5,140.2,450.9
34.5,140.4,450.9
34.5,139.5,450.9
34.5,140.5,450.9
34.5,140.4,451.1
34.5,139.7,451.1
34.5,138.4,451.1
34.5,139.9,451.1
34.5,138.9,451.1
34.5,140.0,451.1
34.5,138.7,451.1
34.5,140.4,451.1
34.5,139.2,451.1
34.5,139.5,451.1
34.6,140.8,451.1
34.6,141.0,451.1
34.6,140.6,451.1
34.6,137.2,451.1
34.6,141.0,451.1
34.6,140.9,451.1
34.6,139.3,451.1
34.6,139.4,451.1
34.6,139.6,451.1
34.6,140.8,451.1
34.6,140.9,451.1
34.6,140.4,451.1
34.6,138.8,451.1
34.6,140.0,451.1
34.7,139.6,451.1
34.7,138.6,451.1
34.7,138.0,451.1
34.7,138.2,451.1
34.7,139.5,451.1
34.7,137.4,451.1
34.7,139.0,451.1
34.7,137.3,451.1
34.7,137.8,451.1
34.7,137.4,451.1
34.7,137.6,451.1
34.7,137.0,451.1
34.7,139.2,451.2
34.8,137.0,451.2
34.8,137.4,451.2
34.8,138.7,451.2
34.8,136.8,451.2
34.8,137.1,451.2
34.8,136.8,451.2
34.8,137.2,451.2
34.8,137.4,451.2
34.8,137.5,451.2
34.8,138.1,451.2
34.8,139.3,451.2
34.8,138.6,451.2
34.8,139.3,451.2
34.8,140.3,451.2
34.9,138.2,451.2
34.9,138.4,451.2
34.9,139.2,451.2
34.9,139.0,451.2
34.9,139.0,451.2
34.9,137.7,451.2
34.9,137.1,451.2
34.9,136.8,451.2
34.9,133.7,451.2
34.9,131.9,451.2
34.9,130.5,450.7
34.9,128.0,450.6
34.9,126.2,450.5
35.0,126.1,450.5
35.0,126.7,450.5
35.0,125.8,450.5
35.0,127.2,450.5
35.0,127.8,450.5
35.0,129.6,450.5
35.0,130.2,450.5
35.0,131.3,450.5
35.0,132.9,450.5
35.0,132.5,450.6
35.0,133.9,450.6
35.0,134.8,450.6
35.0,135.5,450.6
35.0,135.6,450.6
35.1,136.0,450.6
35.1,136.9,450.6
35.1,136.4,450.6
35.1,137.2,450.6
35.1,138.1,450.6
35.1,138.3,450.6
35.1,138.6,450.6
35.1,138.5,450.6
35.1,139.4,450.6
35.1,138.5,450.6
35.1,138.4,450.6
35.1,139.2,450.6
35.1,139.8,450.5
35.1,139.5,450.5
35.2,139.9,450.5
35.2,140.3,450.5
35.2,140.0,450.5
35.2,140.8,450.5
35.2,141.0,450.5
35.2,140.6,450.5
35.2,140.7,450.5
35.2,141.4,450.5
35.2,140.5,450.5
35.2,139.9,450.5
35.2,140.2,450.5
35.2,140.3,450.5
35.2,142.0,450.5
35.2,141.2,450.5
35.3,141.1,450.5
35.3,139.6,450.5
35.3,140.8,450.5
35.3,137.1,450.5
35.3,139.5,450.5
35.3,141.1,450.5
35.3,139.5,450.5
35.3,140.6,450.5
35.3,139.8,450.5
35.3,139.4,450.5
35.3,139.7,450.5
35.3,140.7,450.5
35.3,139.3,450.5
35.3,141.0,450.5
35.4,140.3,450.5
35.4,140.8,450.5
35.4,138.7,450.5
35.4,137.6,450.5
35.4,140.0,450.5
35.4,139.9,450.6
35.4,141.1,450.6
35.4,139.8,450.6
35.4,140.0,450.6
35.4,141.2,450.6
35.4,139.8,450.6
35.4,139.1,450.6
35.4,139.4,450.6
35.4,140.9,450.6
35.5,140.3,450.6
35.5,139.2,450.6
35.5,140.2,450.6
35.5,137.8,450.6
35.5,140.0,450.6
35.5,139.6,450.6
35.5,140.7,450.6
35.5,138.9,450.6
35.5,141.0,450.6
35.5,138.9,450.6
35.5,138.3,450.6
35.5,140.8,450.6
35.5,140.1,450.5
35.5,141.1,450.5
35.6,141.3,450.5
35.6,141.2,450.5
35.6,140.4,450.5
35.6,141.0,450.5
35.6,140.5,450.5
35.6,140.6,450.5
35.6,140.6,450.5
35.6,140.0,450.5
35.6,140.8,450.5
35.6,139.9,450.5
35.6,140.3,450.5
35.6,140.4,450.5
35.6,140.0,450.5
35.6,140.1,450.5
35.7,139.5,450.5
35.7,139.8,450.5
35.7,139.5,450.5
35.7,139.6,450.5
35.7,139.7,450.5
35.7,138.0,450.5
35.7,140.1,450.5
35.7,139.6,450.5
35.7,140.7,450.5
35.7,140.2,450.5
35.7,140.7,450.5
35.7,139.0,450.5
35.7,139.7,450.5
35.7,139.9,450.5
35.8,138.7,450.5
35.8,139.2,450.5
35.8,139.5,450.5
35.8,138.2,450.5
35.8,139.5,450.5
35.8,139.6,450.5
35.8,139.4,450.5
35.8,139.5,450.5
35.8,140.3,450.5
35.8,139.9,450.5
35.8,138.6,450.5
35.8,140.0,450.5
35.8,139.3,450.5
35.8,140.1,450.5
35.9,139.5,450.5
35.9,138.6,450.5
35.9,139.8,450.5
35.9,138.8,450.5
35.9,138.9,450.5
35.9,139.3,450.5
35.9,140.8,450.5
35.9,139.6,450.5
35.9,138.1,450.5
35.9,134.6,450.5
35.9,135.3,450.6
35.9,133.0,450.6
35.9,130.4,450.5
36.0,126.5,450.6
36.0,126.2,450.5
36.0,124.6,450.5
36.0,124.8,450.5
36.0,125.7,450.6
36.0,126.2,450.6
36.0,127.8,450.6
36.0,127.2,450.6
36.0,127.3,450.6
36.0,128.4,450.6
36.0,129.0,450.6
36.0,130.9,450.6
36.0,133.1,450.6
36.1,132.3,450.6
36.1,133.4,450.6
36.1,133.8,450.6
36.1,134.5,450.6
36.1,134.5,450.6
36.1,136.0,450.6
36.1,136.4,450.6
36.1,135.7,450.8
36.1,136.3,450.8
36.1,136.7,450.8
36.1,136.9,450.8
36.1,138.2,450.8
36.1,139.8,450.8
36.1,139.7,450.8
36.2,137.7,450.8
36.2,139.5,450.8
36.2,139.0,450.8
36.2,138.0,450.8
36.2,140.0,450.8
36.2,140.6,450.8
36.2,139.1,450.8
36.2,140.3,450.8
36.2,138.5,450.8
36.2,139.3,450.8
36.2,138.5,450.8
36.2,139.9,450.8
36.2,139.3,450.8
36.2,140.2,450.8
36.3,139.6,450.8
36.3,139.6,450.8
36.3,139.0,450.8
36.3,139.1,450.8
36.3,139.5,450.8
36.3,138.0,450.8
36.3,138.5,450.8
36.3,135.6,450.8
36.3,135.9,450.8
36.3,133.6,450.8
36.3,133.6,450.8
36.3,133.5,450.8
36.3,134.5,450.8
36.4,134.2,450.8
36.4,134.3,450.8
36.4,133.9,450.8
36.4,134.2,450.8
36.4,135.9,450.8
36.4,133.6,450.8
36.4,134.3,450.8
36.4,134.8,450.8
36.4,135.1,450.8
36.4,135.4,450.8
36.4,134.7,450.8
36.4,137.2,450.8
36.4,137.4,450.8
36.4,138.1,450.8
36.5,138.0,450.8
36.5,139.5,450.8
36.5,139.0,450.8
36.5,139.0,450.8
36.5,137.6,450.8
36.5,138.0,450.9
36.5,137.2,450.9
36.5,137.9,450.9
36.5,137.5,450.9
36.5,138.1,451.1
36.5,138.0,451.1
36.5,138.3,451.1
36.5,138.0,451.1
36.5,138.6,451.1
36.6,138.8,451.1
36.6,139.8,451.1
36.6,138.2,451.1
36.6,139.3,451.1
36.6,138.6,451.1
36.6,138.3,451.1
36.6,138.3,451.1
36.6,139.4,451.1
36.6,138.3,451.1
36.6,139.4,451.1
36.6,138.0,451.1
36.6,138.1,451.1
36.6,137.9,451.1
36.7,138.1,451.1
36.7,138.3,451.1
36.7,138.6,451.1
36.7,137.8,451.1
36.7,137.7,451.1
36.7,137.4,451.1
36.7,137.1,451.1
36.7,138.0,451.1
36.7,137.5,451.1
36.7,137.7,451.1
36.7,137.7,451.1
36.7,137.7,451.1
36.7,137.4,451.1
36.7,137.4,451.1
36.8,137.3,451.1
36.8,137.2,451.1
36.8,137.2,451.1
36.8,137.2,451.1
36.8,135.8,451.1
36.8,135.9,451.1
36.8,135.8,451.2
36.8,135.9,451.2
36.8,136.8,451.2
36.8,136.6,451.2
36.8,136.8,451.2
36.8,136.6,451.2
36.8,136.7,451.2
36.8,137.4,451.2
36.9,138.3,451.2
36.9,136.8,451.2
36.9,136.6,451.2
36.9,135.3,451.2
36.9,137.0,451.2
36.9,137.6,451.2
36.9,136.8,451.2
36.9,136.0,451.2
36.9,135.2,451.2
36.9,133.7,451.2
36.9,132.8,451.2
36.9,130.4,451.2
36.9,128.9,451.2
37.0,127.0,451.2
37.0,125.9,451.2
37.0,125.0,451.2
37.0,124.5,451.2
37.0,124.7,451.2
37.0,125.4,451.2
37.0,125.5,451.2
37.0,126.8,451.2
37.0,127.3,451.2
37.0,128.5,451.2
37.0,129.2,451.3
37.0,130.3,451.3
37.1,129.6,451.3
37.1,131.9,451.3
37.1,133.1,451.3
37.1,133.2,451.3
37.1,134.5,451.3
37.1,135.1,451.3
37.1,134.9,451.3
37.1,134.6,451.3
37.1,136.1,451.3
37.1,135.9,451.3
37.1,136.9,451.3
37.1,137.7,451.3
37.1,137.0,451.3
37.1,137.8,451.3
37.1,138.0,451.2
37.2,138.0,451.2
37.2,137.2,451.1
37.2,138.6,451.1
37.2,134.8,451.1
37.2,139.9,451.1
37.2,139.7,451.1
37.2,140.3,451.1
37.2,139.5,451.1
37.2,138.3,451.1
37.2,139.9,451.1
37.2,135.1,451.1
37.2,140.4,451.1
37.2,141.9,451.1
37.2,140.7,451.1
37.3,139.8,451.1
37.3,140.1,451.1
37.3,139.6,451.1
37.3,135.7,451.1
37.3,140.5,451.1
37.3,140.5,451.1
37.3,140.4,451.1
37.3,139.9,451.1
37.3,139.2,451.1
37.3,140.0,451.1
37.3,136.7,451.1
37.3,141.6,451.1
37.3,139.8,451.1
37.4,140.0,451.1
37.4,141.0,451.1
37.4,141.9,451.1
37.4,140.8,451.1
37.4,139.8,451.1
37.4,138.7,451.1
37.4,139.2,451.1
37.4,140.6,451.1
37.4,140.4,451.1
37.4,138.9,451.1
37.4,138.3,451.1
37.4,138.9,451.1
37.4,139.5,451.1
37.4,138.1,451.1
37.5,138.2,451.1
37.5,139.6,451.1
37.5,138.7,451.1
37.5,138.2,451.1
37.5,139.8,451.1
37.5,139.2,451.1
37.5,137.3,451.1
37.5,138.3,451.1
37.5,138.3,451.1
37.5,138.7,451.1
37.5,139.4,451.1
37.5,139.7,451.2
37.5,139.1,451.2
37.5,135.5,450.6
37.6,138.8,450.6
37.6,137.8,450.4
37.6,138.5,450.4
37.6,138.6,450.4
37.6,138.4,450.4
37.6,139.3,450.4
37.6,139.2,450.4
37.6,138.7,450.4
37.6,138.6,450.4
37.6,137.1,450.2
37.6,138.6,450.2
37.6,139.1,450.2
37.6,138.7,450.2
37.6,139.4,450.2
37.7,137.7,450.2
37.7,138.3,450.2
37.7,138.4,450.2
37.7,138.7,450.2
37.7,138.8,450.2
37.7,138.5,450.2
37.7,138.2,450.2
37.7,137.8,450.2
37.7,137.4,450.2
37.7,138.2,450.2
37.7,138.5,450.2
37.7,136.6,450.2
37.7,138.8,450.2
37.7,139.6,450.2
37.8,138.7,450.2
37.8,138.8,450.3
37.8,138.5,450.3
37.8,137.3,450.3
37.8,138.3,450.3
37.8,138.2,450.3
37.8,137.9,450.3
37.8,137.4,450.3
37.8,138.6,450.3
37.8,138.3,450.3
37.8,128.5,450.3
37.8,131.0,450.3
37.8,133.8,450.3
37.9,135.0,450.3
37.9,124.0,450.3
37.9,131.7,450.3
37.9,141.0,450.3
37.9,143.9,450.3
37.9,144.3,450.3
37.9,142.6,450.3
37.9,140.5,450.3
37.9,138.2,450.3
37.9,135.8,450.3
37.9,136.4,450.3
37.9,135.9,450.3
37.9,133.3,450.3
38.0,128.5,450.3
38.0,129.6,450.3
38.0,126.7,450.3
38.0,126.7,450.3
38.0,125.7,450.3
38.0,127.1,450.3
38.0,125.6,450.3
38.0,125.8,450.3
38.0,126.7,450.3
38.0,127.8,450.3
38.0,129.2,450.3
38.0,127.6,450.3
38.0,128.0,450.4
38.1,129.1,450.4
38.1,130.5,450.4
38.1,132.1,450.4
38.1,133.6,450.4
38.1,133.1,450.4
38.1,133.1,450.4
38.1,133.7,450.4
38.1,135.9,450.4
38.1,134.9,450.4
38.1,135.7,450.4
38.1,135.6,450.4
38.1,138.0,450.4
38.1,135.9,450.4
38.1,137.8,450.4
38.2,136.1,450.4
38.2,136.7,450.4
38.2,137.8,450.4
38.2,137.6,450.4
38.2,137.7,450.4
38.2,139.0,450.4
38.2,138.3,450.4
38.2,139.3,450.4
38.2,139.5,450.4
38.2,139.9,450.4
38.2,139.3,450.4
38.2,139.3,450.4
38.2,137.3,450.4
38.2,138.8,450.3
38.3,138.8,450.3
38.3,137.3,450.4
38.3,138.0,450.4
38.3,139.0,450.4
38.3,139.4,450.4
38.3,138.2,450.4
38.3,137.4,450.4
38.3,138.8,450.4
38.3,138.8,450.4
38.3,138.7,450.4
38.3,138.8,450.4
38.3,138.8,450.4
38.3,138.5,450.4
38.3,138.4,450.4
38.4,138.2,450.4
38.4,138.8,450.4
38.4,138.6,450.4
38.4,138.6,450.4
38.4,138.4,450.4
38.4,138.7,450.4
38.4,138.8,450.4
38.4,138.3,450.4
38.4,137.9,450.4
38.4,138.4,450.4
38.4,138.8,450.4
38.4,136.6,450.4
38.4,138.1,450.4
38.4,138.1,450.4
38.5,137.9,450.4
38.5,138.5,450.4
38.5,138.3,450.4
38.5,138.3,450.4
38.5,137.6,450.4
38.5,137.6,450.4
38.5,138.0,450.4
38.5,138.9,450.4
38.5,139.2,450.4
38.5,138.4,450.4
38.5,138.7,450.4
38.5,138.2,450.4
38.5,138.2,450.4
38.5,138.7,450.4
38.6,138.8,450.4
38.6,138.1,450.4
38.6,137.9,450.4
38.6,137.1,450.4
38.6,138.2,450.4
38.6,137.8,450.4
38.6,137.9,450.4
38.6,138.7,450.4
38.6,137.0,450.4
38.6,139.1,450.4
38.6,138.7,450.4
38.6,138.8,450.4
38.6,138.8,450.4
38.6,138.8,450.4
38.7,139.0,450.4
38.7,139.7,450.4
38.7,138.7,450.4
38.7,139.3,450.4
38.7,138.9,450.4
38.7,139.1,450.4
38.7,138.7,450.4
38.7,138.0,450.4
38.7,138.0,450.4
38.7,138.5,450.4
38.7,139.3,450.4
38.7,138.5,450.4
38.7,138.6,450.4
38.8,138.4,450.4
38.8,138.7,450.4
38.8,138.9,450.4
38.8,138.1,450.4
38.8,136.5,450.4
38.8,137.5,450.4
38.8,137.4,450.4
38.8,137.8,450.4
38.8,138.0,450.4
38.8,137.9,450.4
38.8,137.8,450.4
38.8,138.7,450.4
38.8,138.2,450.4
38.8,138.9,450.4
38.9,138.9,450.4
38.9,138.5,450.4
38.9,138.4,450.4
38.9,138.9,450.4
38.9,137.2,450.4
38.9,137.6,450.4
38.9,140.0,450.4
38.9,137.6,450.4
38.9,135.2,450.4
38.9,137.9,450.5
38.9,135.5,450.5
38.9,134.0,450.5
38.9,132.2,450.5
39.0,129.6,450.5
39.0,128.3,450.5
39.0,127.9,450.5
39.0,127.4,450.5
39.0,127.0,450.5
39.0,126.0,450.5
39.0,126.3,450.5
39.0,127.3,450.5
39.0,129.8,450.5
39.0,128.5,450.5
39.0,129.3,450.5
39.0,130.8,450.5
39.0,130.6,450.5
39.1,131.1,450.5
39.1,133.5,450.5
39.1,132.6,450.5
39.1,133.4,450.5
39.1,134.1,450.5
39.1,135.4,450.5
39.1,135.0,450.5
39.1,135.2,450.5
39.1,136.1,450.5
39.1,135.6,450.5
39.1,136.1,450.5
39.1,137.8,450.5
39.1,137.7,450.5
39.1,138.4,450.5
39.2,137.8,450.5
39.2,139.4,450.5
39.2,138.2,450.5
39.2,138.1,450.5
39.2,138.4,450.5
39.2,139.9,450.5
39.2,139.2,450.5
39.2,138.0,450.5
39.2,138.5,450.5
39.2,138.1,450.6
39.2,140.1,450.6
39.2,140.2,450.6
39.2,138.7,450.6
39.2,138.6,450.5
39.3,139.2,450.5
39.3,139.2,450.5
39.3,139.2,450.5
39.3,137.7,450.5
39.3,138.4,450.5
39.3,139.6,450.5
39.3,140.2,450.5
39.3,139.6,450.5
39.3,139.0,450.5
39.3,138.9,450.5
39.3,138.4,450.5
39.3,139.2,450.5
39.3,138.7,450.5
39.3,138.6,450.5
39.4,138.0,450.5
39.4,136.8,450.5
39.4,138.8,450.5
39.4,138.5,450.5
39.4,139.2,450.5
39.4,138.1,450.5
39.4,137.9,450.5
39.4,137.9,450.5
39.4,138.4,450.5
39.4,138.4,450.5
39.4,138.7,450.5
39.4,138.9,450.5
39.4,138.3,450.5
39.4,137.8,450.5
39.5,136.7,450.5
39.5,138.2,450.5
39.5,136.0,450.5
39.5,137.8,450.5
39.5,135.7,450.7
39.5,137.5,450.7
39.5,133.9,450.7
39.5,138.0,450.7
39.5,136.5,450.7
39.5,136.2,450.7
39.5,131.9,450.7
39.5,140.0,450.7
39.5,138.0,450.7
39.6,138.2,450.7
39.6,139.3,450.7
39.6,139.1,450.7
39.6,138.8,450.7
39.6,135.2,450.7
39.6,140.2,450.7
39.6,139.9,450.7
39.6,138.2,450.7
39.6,138.3,450.7
39.6,140.6,450.7
39.6,137.4,450.7
39.6,138.5,450.7
39.6,138.5,450.7
39.6,131.6,450.7
39.7,139.4,450.7
39.7,139.1,450.7
39.7,138.5,450.7
39.7,138.4,450.7
39.7,137.7,450.7
39.7,136.6,450.7
39.7,138.4,450.7
39.7,135.8,450.7
39.7,137.0,450.7
39.7,135.4,450.7
39.7,135.5,450.7
39.7,133.5,450.7
39.7,135.3,450.7
39.7,136.5,450.7
39.8,135.2,450.7
39.8,135.7,450.8
39.8,134.7,450.8
39.8,135.9,450.8
39.8,134.2,450.8
39.8,135.4,450.8
39.8,134.3,450.8
39.8,137.2,450.8
39.8,135.4,450.8
39.8,136.5,450.8
39.8,131.8,450.8
39.8,137.2,450.8
39.8,136.4,450.8
39.9,136.4,450.8
39.9,136.7,450.8
39.9,137.0,450.8
39.9,136.9,450.8
39.9,136.0,450.8
39.9,137.1,450.8
39.9,131.7,450.8
39.9,138.1,450.8
39.9,137.0,450.8
39.9,135.7,450.8
39.9,134.5,450.9
39.9,132.3,450.9
39.9,129.3,450.9
40.0,128.7,450.9
40.0,127.4,450.9
40.0,126.5,450.9
40.0,126.3,450.9
40.0,126.2,450.9
40.0,126.2,450.9
40.0,126.6,450.9
40.0,127.5,450.9
40.0,128.4,450.9
40.0,128.9,451.0
40.0,128.0,451.0
40.0,131.0,451.0
40.0,131.7,451.0
40.1,132.3,451.0
40.1,133.0,451.0
40.1,133.4,451.0
40.1,134.0,451.0
40.1,135.0,451.0
40.1,134.3,451.0
40.1,130.1,451.0
40.1,135.4,451.0
40.1,135.9,451.0
40.1,135.1,451.0
40.1,136.2,451.0
40.1,136.1,451.0
40.1,135.7,451.0
40.1,136.9,451.0
40.2,134.6,451.0
40.2,136.1,451.0
40.2,136.8,451.0
40.2,134.9,451.0
40.2,136.7,451.0
40.2,135.9,451.0
40.2,136.8,451.0
40.2,136.9,451.0
40.2,132.1,451.0
40.2,137.7,450.9
40.2,137.2,450.9
40.2,139.3,450.9
40.2,136.8,450.9
40.2,138.2,450.9
40.3,137.9,450.9
40.3,138.0,450.9
40.3,137.1,450.9
40.3,139.1,450.9
40.3,137.3,450.9
40.3,138.4,450.9
40.3,138.5,451.0
40.3,139.4,451.0
40.3,138.7,451.0
40.3,138.7,451.0
40.3,140.1,451.0
40.3,137.8,451.0
40.3,137.2,451.0
40.3,139.2,451.0
40.4,138.4,451.0
40.4,139.1,451.0
40.4,139.0,451.0
40.4,131.5,451.0
40.4,139.8,451.0
40.4,139.1,451.0
40.4,138.6,451.0
40.4,139.7,451.0
40.4,139.3,451.0
40.4,138.0,451.0
40.4,133.1,451.0
40.4,139.7,451.0
40.4,138.6,451.0
40.4,139.6,451.0
40.5,138.4,451.0
40.5,139.6,451.0
40.5,137.8,451.0
40.5,136.5,451.0
40.5,138.9,451.0
40.5,138.2,451.0
40.5,138.9,451.0
40.5,137.8,451.0
40.5,138.7,451.0
40.5,138.9,451.0
40.5,138.2,451.0
40.5,137.0,451.0
40.5,133.0,450.9
40.6,139.3,450.9
40.6,140.4,450.9
40.6,138.6,450.9
40.6,139.5,450.9
40.6,137.2,450.9
40.6,139.3,450.9
40.6,133.2,450.9
40.6,139.4,450.9
40.6,138.8,450.9
40.6,138.5,450.9
40.6,138.6,450.9
40.6,138.6,450.9
40.6,138.4,450.9
40.6,136.3,450.9
40.7,138.0,450.9
40.7,138.2,450.9
40.7,138.0,450.9
40.7,138.5,450.9
40.7,137.0,450.9
40.7,138.3,450.9
40.7,137.9,450.9
40.7,138.2,450.9
40.7,129.0,450.9
40.7,138.7,450.9
40.7,139.7,450.9
40.7,138.8,450.9
40.7,138.8,450.9
40.7,139.0,450.9
40.8,136.9,450.9
40.8,138.3,451.0
40.8,138.8,451.0
40.8,137.5,451.0
40.8,138.2,451.0
40.8,137.8,451.0
40.8,135.0,451.0
40.8,134.9,451.0
40.8,137.1,451.0
40.8,136.6,451.0
40.8,136.1,451.0
40.8,137.3,451.0
40.8,137.6,451.0
40.8,137.1,451.0
40.9,137.3,451.0
40.9,137.3,451.0
40.9,137.1,451.0
40.9,135.9,451.0
40.9,135.9,451.0
40.9,136.3,451.0
40.9,137.8,451.0
40.9,136.7,451.0
40.9,133.6,451.0
40.9,134.1,451.0
40.9,133.1,451.0
40.9,129.8,451.0
41.0,128.8,451.0
41.0,126.6,451.0
41.0,126.0,451.0
41.0,124.4,451.0
41.0,124.1,451.0
41.0,124.4,451.0
41.0,125.2,451.0
41.0,126.9,451.0
41.0,126.3,451.0
41.0,127.1,451.0
41.0,128.4,451.0
41.0,128.5,451.0
41.0,128.8,451.0
41.1,130.3,451.0
41.1,132.5,451.0
41.1,131.1,451.0
41.1,132.1,451.0
41.1,134.5,451.0
41.2,49.4,449.8
41.2,53.1,449.8
41.2,57.6,449.8
41.2,63.0,449.8
41.2,68.4,449.8
41.2,73.9,449.8
41.2,80.5,449.8
41.2,84.6,449.8
41.3,88.4,449.8
41.3,92.0,449.7
41.3,95.7,449.7
41.3,99.1,449.7
41.3,102.5,449.7
41.3,106.1,449.7
41.3,108.7,449.7
41.3,111.2,449.7
41.3,113.5,449.7
41.3,116.0,449.7
41.3,118.1,449.7
41.3,119.5,449.7
41.3,119.2,449.7
41.3,121.5,449.8
41.4,122.4,449.8
41.4,124.1,449.8
41.4,123.9,449.8
41.4,121.5,449.8
41.4,121.3,449.8
41.4,119.2,449.8
41.4,117.2,449.8
41.4,115.5,449.8
41.4,114.0,449.8
41.4,112.4,449.8
41.4,111.8,449.8
41.5,110.9,449.8
41.5,113.1,449.8
41.5,116.3,449.8
41.5,119.6,449.8
41.5,122.8,449.8
41.5,127.5,449.8
41.5,131.8,449.8
41.5,138.7,449.8
41.5,143.5,449.8
41.5,150.8,449.8
41.5,154.3,449.8
41.5,155.4,449.8
41.5,153.3,449.8
41.5,153.0,450.0
41.5,154.3,450.0
41.5,149.9,450.0
41.5,151.9,450.0
41.6,147.4,450.0
41.6,149.7,450.0
41.6,143.2,449.4
41.6,148.1,449.4
41.6,144.8,449.2
41.6,143.9,449.2
41.6,144.1,449.2
41.6,145.3,449.2
41.6,145.1,449.2
41.6,142.3,449.2
41.6,141.7,449.2
41.6,144.0,449.2
41.6,140.9,449.2
41.6,140.8,449.2
41.7,139.8,449.2
41.7,139.6,449.2
41.7,138.6,449.2
41.7,139.3,449.2
41.7,137.5,449.2
41.7,138.5,449.2
41.7,140.2,449.2
41.7,137.0,449.2
41.7,137.7,449.2
41.7,137.3,449.2
41.7,138.7,449.2
41.7,137.8,449.2
41.7,137.8,449.2
41.8,136.2,449.2
41.8,137.6,449.2
41.8,138.1,449.2
41.8,136.8,449.2
41.8,137.3,449.2
41.8,136.6,449.3
41.8,136.7,449.3
41.8,135.4,449.3
41.8,136.0,449.3
41.8,135.2,449.3
41.8,135.1,449.3
41.8,135.4,449.3
41.8,134.9,449.3
41.8,135.1,449.3
41.9,134.6,449.3
41.9,134.4,449.3
41.9,134.3,449.3
41.9,135.4,449.3
41.9,134.2,449.3
41.9,134.9,449.3
41.9,135.5,449.3
41.9,135.1,449.3
41.9,135.9,449.3
41.9,134.3,449.3
41.9,133.5,449.3
41.9,132.9,449.3
41.9,132.3,449.3
42.0,130.8,449.3
42.0,129.3,449.3
42.0,127.6,449.3
42.0,125.5,449.3
42.0,124.6,449.3
42.0,123.9,449.3
42.0,111.9,449.3
42.0,120.0,449.3
42.0,113.4,449.3
42.0,121.8,449.3
42.0,127.7,449.4
42.0,124.6,449.4
42.1,129.2,449.4
42.1,123.4,449.4
42.1,130.7,449.4
42.1,121.6,449.4
42.1,130.0,449.4
42.1,120.9,449.4
42.1,130.4,449.4
42.1,119.7,449.4
42.1,127.6,449.4
42.1,136.6,449.4
42.1,130.8,449.4
42.1,139.2,449.4
42.1,127.5,449.2
42.1,137.2,449.2
42.2,125.0,449.2
42.2,134.4,449.2
42.2,140.5,449.2
42.2,135.8,449.2
42.2,138.7,449.2
42.2,130.8,449.2
42.2,139.4,449.2
42.2,127.6,449.2
42.2,135.2,449.2
42.2,125.1,449.2
42.2,132.0,449.2
42.2,141.1,449.2
42.2,136.2,449.2
42.3,142.8,449.2
42.3,130.7,449.2
42.3,139.5,449.2
42.3,127.6,449.2
42.3,136.0,449.2
42.3,141.7,449.2
42.3,139.3,449.2
42.3,142.1,449.2
42.3,133.3,449.2
42.3,141.2,449.2
42.3,129.4,449.2
42.3,138.7,449.2
42.3,126.9,449.2
42.3,135.7,449.2
42.4,143.2,449.2
42.4,137.9,449.2
42.4,142.3,449.2
42.4,132.8,449.2
42.4,140.8,449.2
42.4,130.1,449.2
42.4,140.0,449.2
42.4,126.6,449.2
42.4,136.2,449.2
42.4,144.0,449.2
42.4,136.0,449.2
42.4,144.2,449.2
42.4,131.4,449.2
42.4,140.4,449.2
42.5,129.5,449.2
42.5,138.0,449.2
42.5,143.1,449.2
42.5,138.8,449.2
42.5,143.4,449.2
42.5,133.0,449.2
42.5,142.0,449.2
42.5,129.3,449.2
42.5,138.1,449.2
42.5,127.0,449.2
42.5,136.8,449.2
42.5,143.1,449.2
42.5,137.2,449.2
42.6,143.6,449.2
42.6,133.0,449.2
42.6,141.5,449.2
42.6,128.2,449.2
42.6,136.7,449.1
42.6,143.4,449.1
42.6,139.2,449.1
42.6,142.5,449.1
42.6,135.0,449.1
42.6,141.7,449.1
42.6,130.2,449.1
42.6,139.5,449.1
42.6,127.4,449.1
42.6,136.9,449.1
42.7,123.9,449.1
42.7,132.6,449.1
42.7,141.9,449.1
42.7,135.0,449.1
42.7,143.9,449.1
42.7,129.8,449.1
42.7,139.4,449.1
42.7,127.4,449.1
42.7,136.8,449.1
42.7,144.8,449.1
42.7,138.0,449.1
42.7,143.3,449.1
42.7,133.6,449.1
42.7,142.5,449.1
42.8,129.2,449.1
42.8,138.5,449.1
42.8,126.6,449.1
42.8,136.1,449.1
42.8,143.4,449.1
42.8,135.9,449.1
42.8,142.5,449.1
42.8,131.7,449.1
42.8,141.1,449.1
42.8,128.4,449.2
42.8,136.9,449.2
42.8,125.1,449.2
42.8,133.7,449.2
42.9,143.6,449.2
42.9,136.0,449.2
42.9,143.6,449.2
42.9,131.7,449.2
42.9,141.4,449.2
42.9,128.5,449.2
42.9,137.6,449.2
42.9,125.4,449.2
42.9,134.2,449.2
42.9,144.3,449.2
42.9,135.7,449.2
42.9,143.6,449.2
42.9,129.9,449.2
42.9,139.0,449.2
43.0,128.8,449.2
43.0,138.2,449.2
43.0,140.8,449.2
43.0,138.1,449.2
43.0,138.1,449.2
43.0,134.2,449.2
43.0,117.8,449.2
43.0,125.3,449.2
43.0,117.5,449.2
43.0,126.3,449.2
43.0,117.2,449.2
43.0,125.9,449.2
43.1,117.1,449.2
43.1,125.9,449.2
43.1,117.7,449.2
43.1,125.9,449.2
43.1,132.5,449.2
43.1,128.3,449.2
43.1,133.9,449.2
43.1,125.9,449.2
43.1,134.3,449.2
43.1,124.0,449.2
43.1,133.3,449.2
43.1,122.5,449.2
43.1,131.2,449.2
43.2,140.0,449.2
43.2,132.6,449.3
43.2,141.6,449.3
43.2,129.0,449.3
43.2,138.6,449.3
43.2,126.8,449.3
43.2,135.3,449.3
43.2,142.3,449.3
43.2,137.7,449.3
43.2,141.5,449.3
43.2,131.7,449.3
43.2,140.2,449.3
43.2,128.0,449.3
43.2,138.0,449.3
43.3,143.5,449.3
43.3,139.2,449.3
43.3,142.1,449.3
43.3,133.6,449.3
43.3,140.8,449.3
43.3,129.8,449.2
43.3,139.9,449.2
43.3,128.1,449.2
43.3,137.8,449.2
43.3,143.1,449.2
43.3,137.4,449.2
43.3,141.5,449.2
43.3,133.2,449.2
43.3,141.7,449.2
43.4,129.4,449.2
43.4,137.9,449.2
43.4,126.1,449.2
43.4,135.7,449.2
43.4,143.6,449.2
43.4,136.7,449.2
43.4,142.7,449.2
43.4,131.7,449.2
43.4,141.1,449.2
43.4,128.5,449.2
43.4,137.5,449.2
43.4,126.0,449.2
43.4,134.9,449.2
43.5,144.3,449.2
43.5,135.8,449.2
43.5,143.5,449.2
43.5,131.4,449.2
43.5,141.0,449.2
43.5,127.2,449.2
43.5,136.9,449.2
43.5,144.4,449.2
43.5,137.6,449.2
43.5,142.7,449.2
43.5,133.4,449.2
43.5,142.3,449.2
43.5,129.5,449.2
43.5,138.5,449.2
43.6,143.1,449.2
43.6,139.1,449.2
43.6,141.8,449.2
43.6,134.4,449.2
43.6,141.4,449.2
43.6,129.8,449.2
43.6,138.2,449.2
43.6,127.9,449.2
43.6,136.8,449.2
43.6,142.5,449.2
43.6,137.5,449.2
43.6,140.6,449.2
43.6,133.4,449.2
43.6,141.2,449.2
43.7,129.6,449.2
43.7,138.7,449.2
43.7,127.3,449.2
43.7,136.6,449.2
43.7,143.0,449.2
43.7,136.4,449.2
43.7,142.5,449.2
43.7,132.2,449.2
43.7,141.4,449.2
43.7,128.3,449.2
43.7,137.3,449.2
43.7,126.0,449.2
43.7,134.7,449.2
43.8,144.1,449.2
43.8,135.9,449.2
43.8,144.1,449.2
43.8,131.6,449.2
43.8,141.4,449.2
43.8,128.4,449.2
43.8,138.2,449.2
43.8,144.2,449.2
43.8,137.6,449.2
43.8,141.8,449.2
43.8,132.2,449.3
43.8,140.7,449.3
43.8,127.9,449.3
43.8,137.0,449.3
43.9,127.5,449.3
43.9,136.6,449.3
43.9,144.0,449.3
43.9,136.9,449.3
43.9,143.3,449.3
43.9,132.1,449.3
43.9,141.8,449.3
43.9,128.7,449.3
43.9,138.1,449.3
43.9,126.2,449.3
43.9,135.3,449.3
43.9,142.9,449.3
43.9,136.2,449.3
43.9,144.1,449.3
44.0,131.5,449.3
44.0,138.8,449.3
44.0,127.1,449.3
44.0,136.4,449.3
44.0,124.6,449.3
44.0,133.9,449.3
44.0,122.8,449.3
44.0,130.6,449.3
44.0,122.0,449.3
44.0,129.7,449.3
44.0,120.8,449.3
44.0,129.9,449.3
44.1,119.8,449.3
44.1,127.9,449.3
44.1,119.2,449.3
44.1,128.4,449.3
44.1,136.1,449.3
44.1,131.4,449.4
44.1,136.4,449.4
44.1,126.8,449.4
44.1,135.3,449.4
44.1,125.3,449.4
44.1,133.6,449.4
44.1,140.0,449.4
44.1,136.4,449.4
44.2,141.4,449.4
44.2,132.2,449.4
44.2,141.3,449.4
44.2,127.4,449.4
44.2,136.6,449.4
44.2,126.2,449.4
44.2,134.4,449.4
44.2,142.8,449.4
44.2,134.4,449.4
44.2,144.1,449.4
44.2,130.4,449.4
44.2,138.5,449.4
44.2,128.1,449.4
44.2,137.3,449.4
44.3,143.4,449.4
44.3,138.5,449.4
44.3,144.0,449.4
44.3,134.0,449.4
44.3,141.6,449.4
44.3,129.2,449.4
44.3,139.0,449.3
44.3,143.0,449.3
44.3,140.0,449.3
44.3,142.0,449.3
44.3,134.7,449.3
44.3,141.7,449.3
44.3,130.6,449.3
44.3,139.6,449.3
44.4,127.7,449.3
44.4,136.7,449.3
44.4,142.9,449.3
44.4,137.2,449.3
44.4,142.1,449.3
44.4,133.0,449.3
44.4,141.0,449.3
44.4,129.5,449.3
44.4,138.5,449.3
44.4,127.0,449.3
44.4,135.8,449.3
44.4,142.8,449.3
44.4,136.3,449.3
44.5,141.6,449.3
44.5,132.1,449.3
44.5,141.1,449.3
44.5,128.6,449.3
44.5,137.9,449.5
44.5,141.9,449.5
44.5,136.9,449.5
44.5,140.5,449.5
44.5,133.6,449.5
44.5,140.2,449.5
44.5,130.7,449.5
44.5,139.6,449.5
44.5,127.9,449.5
44.5,135.8,449.5
44.6,141.7,449.5
44.6,137.7,449.5
44.6,142.5,449.6
44.6,131.9,449.6
44.6,141.1,449.6
44.6,129.2,449.6
44.6,138.9,449.6
44.6,125.2,449.6
44.6,134.2,449.6
44.6,142.5,449.6
44.6,136.6,449.6
44.6,143.1,449.6
44.6,132.5,449.6
44.6,140.2,449.6
44.7,127.8,449.6
44.7,137.1,449.6
44.7,142.8,449.6
44.7,137.6,449.6
44.7,141.3,449.6
44.7,134.5,449.6
44.7,140.5,449.6
44.7,130.9,449.6
44.7,138.5,449.6
44.7,126.5,449.6
44.7,135.7,449.6
44.7,124.9,449.6
44.7,133.5,449.6
44.8,140.0,449.6
44.8,136.1,449.6
44.8,139.2,449.6
44.8,130.5,449.6
44.8,138.7,449.6
44.8,127.5,449.6
44.8,137.2,449.6
44.8,125.7,449.6
44.8,135.0,449.6
44.8,140.9,449.7
44.8,136.7,449.7
44.8,139.4,449.7
44.8,130.4,449.7
44.9,138.5,449.7
44.9,128.3,449.7
44.9,136.4,449.7
44.9,127.4,449.7
44.9,135.8,449.7
44.9,142.0,449.7
44.9,136.7,449.7
44.9,142.6,449.7
44.9,131.4,449.7
44.9,139.8,449.7
44.9,127.6,449.7
44.9,136.6,449.7
44.9,125.6,449.7
44.9,134.5,449.7
45.0,143.0,449.7
45.0,136.8,449.7
45.0,141.5,449.7
45.0,131.5,449.7
45.0,138.7,449.7
45.0,128.1,449.7
45.0,134.3,449.7
45.0,125.8,449.7
45.0,131.4,449.7
45.0,123.9,449.8
45.0,129.1,449.8
45.0,122.8,449.8
45.1,130.1,449.8
45.1,121.5,449.8
45.1,129.2,449.8
45.1,120.7,449.8
45.1,128.7,449.8
45.1,135.7,449.8
45.1,131.3,449.8
45.1,136.3,449.8
45.1,128.4,449.8
45.1,137.0,449.8
45.1,125.9,449.8
45.1,135.4,449.8
45.1,124.5,449.8
45.1,132.7,449.8
45.2,140.8,449.8
45.2,134.4,449.8
45.2,141.0,449.8
45.2,130.2,449.8
45.2,138.6,449.8
45.2,127.3,449.8
45.2,137.2,449.8
45.2,123.1,449.8
45.2,129.6,449.8
45.2,137.4,449.8
45.2,134.0,449.8
45.2,142.2,449.8
45.2,130.0,449.8
45.3,138.9,449.8
45.3,128.7,449.8
45.3,135.3,449.2
45.3,143.8,449.1
45.3,138.4,448.9
45.3,144.3,448.9
45.3,134.0,448.9
45.3,141.7,448.9
45.3,129.2,448.9
45.3,136.6,448.9
45.3,126.3,448.9
45.3,134.0,448.9
45.3,142.4,448.9
45.3,136.0,448.9
45.4,142.8,448.9
45.4,133.1,448.9
45.4,139.3,448.9
45.4,128.5,448.9
45.4,136.7,448.9
45.4,127.3,448.9
45.4,134.0,448.9
45.4,142.2,448.9
45.4,136.5,448.9
45.4,144.0,448.9
45.4,132.7,448.9
45.4,140.7,448.9
45.4,129.0,448.9
45.4,138.6,448.9
45.5,142.5,448.9
45.5,140.4,448.9
45.5,141.8,448.9
45.5,134.7,448.9
45.5,140.9,448.9
45.5,130.9,448.9
45.5,139.4,448.9
45.5,128.3,448.9
45.5,136.7,448.9
45.5,125.4,448.9
45.5,134.7,448.9
45.5,142.8,448.9
45.5,136.1,448.9
45.5,143.9,448.9
45.6,130.9,448.8
45.6,140.8,448.8
45.6,129.0,448.8
45.6,139.0,448.8
45.6,144.0,448.8
45.6,137.7,448.8
45.6,143.4,448.8
45.6,133.8,448.8
45.6,142.1,448.8
45.6,129.5,448.8
45.6,139.4,448.8
45.6,127.3,448.8
45.6,136.8,448.8
45.7,143.5,448.8
45.7,135.7,448.8
45.7,141.7,448.8
45.7,132.0,448.8
45.7,142.0,448.8
45.7,128.3,448.8
45.7,137.9,448.8
45.7,125.6,448.8
45.7,135.0,448.8
45.7,143.3,448.8
45.7,135.5,448.8
45.7,142.6,448.8
45.7,131.1,448.8
45.7,140.5,448.8
45.8,128.3,448.8
45.8,137.8,448.8
45.8,125.7,448.8
45.8,135.2,448.8
45.8,143.2,448.8
45.8,135.2,448.8
45.8,142.9,448.8
45.8,131.0,448.8
45.8,140.4,448.8
45.8,128.1,448.8
45.8,137.1,448.8
45.8,143.5,448.8
45.8,137.4,448.9
45.9,142.3,448.9
45.9,131.4,448.9
45.9,139.9,448.9
45.9,129.7,448.9
45.9,139.3,448.9
45.9,126.1,448.9
45.9,135.1,448.9
45.9,142.8,448.9
45.9,136.8,448.9
45.9,142.0,448.9
45.9,132.7,448.9
45.9,141.7,448.9
45.9,128.7,448.9
45.9,137.8,448.9
46.0,125.6,448.9
46.0,134.7,448.9
46.0,143.7,448.9
46.0,134.8,448.9
46.0,138.8,448.9
46.0,132.2,448.9
46.0,137.8,448.9
46.0,127.7,448.9
46.0,133.8,448.9
46.0,125.7,448.9
46.0,132.2,448.9
46.0,124.8,448.9
46.1,129.8,448.9
46.1,122.4,448.9
46.1,128.0,448.9
46.1,121.2,448.9
46.1,128.4,448.9
46.1,120.4,448.9
46.1,129.0,448.9
46.1,119.2,449.1
46.1,127.0,449.1
46.1,119.0,449.1
46.1,127.3,449.1
46.1,135.5,449.1
46.1,131.3,449.1
46.2,137.6,449.1
46.2,126.7,449.1
46.2,134.7,449.1
46.2,124.6,449.1
46.2,133.8,449.1
46.2,139.6,449.1
46.2,136.5,449.1
46.2,139.5,449.1
46.2,132.4,449.1
46.2,140.3,449.1
46.2,127.7,449.1
46.2,135.5,449.1
46.2,125.4,449.1
46.3,133.0,449.2
46.3,141.4,449.2
46.3,136.0,449.2
46.3,142.2,449.2
46.3,131.7,449.2
46.3,141.1,449.2
46.3,128.1,449.2
46.3,136.7,449.2
46.3,126.1,449.1
46.3,135.4,449.1
46.3,142.3,449.1
46.3,137.1,449.1
46.3,142.2,449.1
46.3,131.5,449.1
46.3,139.7,449.1
46.4,128.3,449.1
46.4,137.1,449.1
46.4,126.0,449.1
46.4,135.7,449.1
46.4,140.7,449.1
46.4,135.7,449.1
46.4,139.9,449.1
46.4,131.8,449.1
46.4,141.1,449.1
46.4,128.0,449.1
46.4,136.9,449.1
46.4,125.5,449.1
46.4,135.1,449.2
46.5,120.3,449.2
46.5,127.6,449.2
46.5,122.7,449.2
46.5,132.0,449.2
46.5,142.0,449.2
46.5,134.1,449.2
46.5,144.2,449.2
46.5,130.5,449.2
46.5,140.7,449.2
46.5,144.8,449.2
46.5,139.3,449.2
46.5,141.6,449.2
46.5,135.1,449.2
46.5,142.4,449.2
46.5,130.6,449.2
46.5,140.2,449.2
46.5,127.7,449.2
46.5,137.4,449.2
46.5,141.0,449.2
46.5,136.1,449.2
46.5,141.9,449.2
46.5,132.5,449.2
46.5,140.6,449.2
46.5,129.0,449.2
46.5,138.3,449.2
46.5,126.6,449.2
46.5,136.1,449.2
46.5,142.1,449.2
46.5,136.3,449.2
46.5,141.3,449.2
46.5,131.6,449.2
46.5,140.4,449.2
46.5,128.3,449.2
46.5,137.6,449.2
46.5,125.9,449.2
46.5,135.0,449.2
46.5,142.4,449.2
46.5,135.6,449.2
46.5,141.1,449.2
46.5,131.8,449.2
46.5,141.5,449.2
46.5,128.5,449.2
46.5,137.9,449.2
46.5,126.3,449.2
46.5,135.9,449.2
46.5,142.5,449.2
46.5,135.6,449.2
46.5,141.2,449.2
46.5,131.6,449.2
46.5,140.0,449.2
46.5,127.4,449.2
46.5,136.4,449.2
46.5,126.1,449.2
46.5,135.4,449.2
46.5,142.7,449.2
46.5,136.0,449.2
46.5,141.0,449.2
46.5,131.6,449.2
46.5,140.2,449.2
46.5,127.9,449.2
46.5,137.2,449.2
46.5,125.8,449.2
46.5,134.8,449.2
46.5,142.0,449.2
46.5,135.0,449.2
46.5,141.3,449.2
46.5,130.9,449.2
46.5,140.2,449.2
46.5,127.8,449.2
46.5,137.1,449.2
46.5,125.4,449.2
46.5,134.6,449.2
46.5,142.4,449.2
46.5,136.0,449.2
46.5,141.6,449.2
46.5,131.6,449.2
46.5,140.7,449.2
46.5,128.4,449.2
46.5,137.7,449.2
46.5,125.9,449.2
46.5,134.5,449.2
46.5,141.8,449.2
46.5,135.9,449.2
46.5,141.3,449.2
46.5,131.5,449.2
46.5,140.6,449.2
46.5,128.3,449.2
46.5,137.6,449.2
46.5,125.8,449.2
46.5,135.2,449.2
46.5,141.9,449.2
46.5,135.6,449.2
46.5,141.1,449.2
46.5,131.1,449.2
46.5,140.5,449.2
46.5,128.0,449.2
46.5,137.4,449.2
46.5,126.0,449.2
46.5,135.2,449.2
46.5,142.0,449.2
46.5,135.2,449.2
46.5,140.7,449.2
46.5,131.4,449.2
46.5,140.5,449.2
46.5,128.4,449.2
46.5,137.7,449.2
46.5,126.1,449.2
46.5,135.4,449.2
46.5,141.5,449.2
46.5,135.2,449.2
46.5,140.6,449.2
46.5,130.5,449.2
46.5,139.0,449.2
46.5,128.6,449.2
46.5,137.9,449.2
46.5,126.1,449.2
46.5,135.6,449.2
46.5,141.8,449.2
46.5,135.8,449.2
46.5,140.5,449.2
46.5,131.9,449.2
46.5,140.3,449.2
46.5,128.0,449.2
46.5,137.3,449.2
46.5,125.9,449.2
46.5,135.3,449.2
46.5,141.9,449.2
46.5,136.3,449.2
46.5,140.8,449.2
46.5,131.8,449.2
46.5,140.5,449.2
46.5,128.4,449.2
46.5,137.7,449.2
46.5,126.0,449.2
46.5,135.1,449.2
46.5,140.8,449.2
46.5,135.7,449.2
46.5,140.2,449.2
46.5,132.0,449.2
46.5,139.6,449.2
46.5,128.0,449.2
46.5,136.9,449.2
46.5,126.0,449.2
46.5,135.0,449.2
46.5,141.3,449.2
46.5,136.1,449.2
46.5,141.1,449.2
46.5,132.0,449.2
46.5,140.4,449.2
46.5,128.6,449.2
46.5,137.9,449.2
46.5,126.2,449.2
46.5,135.4,449.2
46.5,141.3,449.2
46.5,136.0,449.2
46.5,140.6,449.2
46.5,131.8,449.2
46.5,140.0,449.2
46.5,128.6,449.2
46.5,137.8,449.2
46.5,125.8,449.2
46.5,135.1,449.2
46.5,141.4,449.2
46.5,135.3,449.2
46.5,140.6,449.2
46.5,131.5,449.2
46.5,140.1,449.2
46.5,127.7,449.2
46.5,136.9,449.2
46.5,126.3,449.2
46.5,135.8,449.2
46.5,141.2,449.2
46.5,135.6,449.2
46.5,139.3,449.2
46.5,130.8,449.2
46.5,140.0,449.2
46.5,128.3,449.2
46.5,137.5,449.2
46.5,126.7,449.2
46.5,136.0,449.2
46.5,142.0,449.2
46.5,136.3,449.2
46.5,141.1,449.2
46.5,131.7,449.2
46.5,140.4,449.2
46.5,128.7,449.2
46.5,138.1,449.2
46.5,126.2,449.2
46.5,135.5,449.2
46.5,141.4,449.2
46.5,135.8,449.2
46.5,140.6,449.2
46.5,131.6,449.2
46.5,140.2,449.2
46.5,128.4,449.2
46.5,137.8,449.2
46.5,126.3,449.2
46.5,135.6,449.2
46.5,141.7,449.2
46.5,135.8,449.2
46.5,140.5,449.2
46.5,131.6,449.2
46.5,140.0,449.2
46.5,128.4,449.2
46.5,137.9,449.2
46.5,126.0,449.2
46.5,135.6,449.2
46.5,141.4,449.2
46.5,135.6,449.2
46.5,140.5,449.2
46.5,131.4,449.2
46.5,140.1,449.2
46.5,127.8,449.2
46.5,137.0,449.2
46.5,124.9,449.2
46.5,133.9,449.2
46.5,140.2,449.2
46.5,134.7,449.2
46.5,141.1,449.2
46.5,130.9,449.2
46.5,140.0,449.2
46.5,127.4,449.2
46.5,136.7,449.2
46.5,125.4,449.4
46.5,132.7,449.4
46.5,140.8,449.4
46.5,136.9,449.4
46.6,142.8,449.4
46.6,130.7,449.4
46.6,138.5,449.4
46.6,128.2,449.4
46.6,136.6,449.4
46.6,126.3,449.4
46.6,134.8,449.4
46.6,143.2,449.4
46.6,136.3,449.4
46.6,143.1,449.4
46.6,132.1,449.4
46.6,141.0,449.4
46.6,128.6,449.4
46.7,138.3,449.4
46.7,126.1,449.4
46.7,135.7,449.4
46.7,142.8,449.4
46.7,135.6,449.5
46.7,141.5,449.5
46.7,131.6,449.5
46.7,140.3,449.5
46.7,127.6,449.5
46.7,136.4,449.5
46.7,126.2,449.5
46.7,135.9,449.5
46.7,142.2,449.5
46.7,135.9,449.5
46.8,141.2,449.5
46.8,131.2,449.4
46.8,139.2,449.4
46.8,128.3,449.4
46.8,136.9,449.4
46.8,126.4,449.4
46.8,135.3,449.4
46.8,141.4,449.4
46.8,135.8,449.4
46.8,140.2,449.4
46.8,131.7,449.4
46.8,139.5,449.4
46.8,128.4,449.5
46.9,136.8,449.5
46.9,125.8,449.5
46.9,134.1,449.5
46.9,124.2,449.5
46.9,132.2,449.5
46.9,140.9,449.5
46.9,134.2,449.5
46.9,142.2,449.5
46.9,130.3,449.5
46.9,140.2,449.5
46.9,127.1,449.5
46.9,136.6,449.5
46.9,140.8,449.5
46.9,136.9,449.5
47.0,139.8,449.5
47.0,132.6,449.6
47.0,139.8,449.6
47.0,128.9,449.6
47.0,136.9,449.6
47.0,126.3,449.6
47.0,134.5,449.6
47.0,124.1,449.6
47.0,132.4,449.6
47.0,123.3,449.6
47.0,130.8,449.6
47.0,121.5,449.6
47.1,129.3,449.6
47.1,120.5,449.6
47.1,128.4,449.6
47.1,119.9,449.6
47.1,128.0,449.6
47.1,118.9,449.6
47.1,127.4,449.6
47.1,118.6,449.6
47.1,127.1,449.6
47.1,135.1,449.6
47.1,129.6,449.6
47.1,135.7,449.6
47.1,126.7,449.6
47.2,135.1,449.6
47.2,124.5,449.4
47.2,133.0,449.4
47.2,123.2,449.4
47.2,131.6,449.4
47.2,140.5,449.4
47.2,133.4,449.4
47.2,141.4,449.4
47.2,129.5,449.4
47.2,138.4,449.4
47.2,126.6,449.4
47.2,135.5,449.5
47.2,124.5,449.5
47.3,133.0,449.5
47.3,142.1,449.4
47.3,135.8,449.4
47.3,143.5,449.4
47.3,131.3,449.4
47.3,139.6,449.4
47.3,127.6,449.4
47.3,137.4,449.4
47.3,142.4,449.4
47.3,136.8,449.4
47.3,142.5,449.4
47.3,132.1,449.4
47.3,141.5,449.4
47.3,128.3,449.4
47.4,137.8,449.4
47.4,127.1,449.4
47.4,136.4,449.4
47.4,142.4,449.4
47.4,136.6,449.4
47.4,141.9,449.4
47.4,131.7,449.4
47.4,141.6,449.4
47.4,128.1,449.4
47.4,136.6,449.4
47.4,126.8,449.4
47.4,136.4,449.4
47.4,143.0,449.4
47.4,136.5,449.4
47.5,142.1,449.4
47.5,132.1,449.4
47.5,141.5,449.4
47.5,127.6,449.4
47.5,136.9,449.4
47.5,142.3,449.4
47.5,138.6,449.5
47.5,142.6,449.4
47.5,134.0,449.5
47.5,140.5,449.4
47.5,128.6,449.5
47.5,136.7,449.5
47.5,126.7,449.5
47.6,134.3,449.5
47.6,144.0,449.5
47.6,136.0,449.5
47.6,143.3,449.5
47.6,132.0,449.3
47.6,141.7,449.3
47.6,129.6,449.3
47.6,139.3,449.3
47.6,127.0,449.3
47.6,136.8,449.3
47.6,142.6,449.3
47.6,136.6,449.3
47.6,142.9,449.3
47.6,131.1,449.3
47.7,140.3,449.3
47.7,128.7,449.3
47.7,138.2,449.3
47.7,142.9,449.3
47.7,138.7,449.3
47.7,142.1,449.3
47.7,133.9,449.3
47.7,141.2,449.3
47.7,130.1,449.3
47.7,139.4,449.3
47.7,127.5,449.3
47.7,136.6,449.3
47.7,142.5,449.3
47.7,136.8,449.3
47.8,141.9,449.3
47.8,132.6,449.3
47.8,140.7,449.3
47.8,128.4,449.3
47.8,137.8,449.3
47.8,126.8,449.3
47.8,136.6,449.3
47.8,143.1,449.3
47.8,136.5,449.3
47.8,141.8,449.3
47.8,131.6,449.3
47.8,140.5,449.3
47.8,128.3,449.4
47.9,136.8,449.4
47.9,124.9,449.4
47.9,133.8,449.4
47.9,142.5,449.4
47.9,136.1,449.4
47.9,142.2,449.4
47.9,131.7,449.4
47.9,141.1,449.4
47.9,128.3,449.4
47.9,137.6,449.4
47.9,125.4,449.4
47.9,129.6,449.4
47.9,124.1,449.4
48.0,131.4,449.4
48.0,140.0,449.4
48.0,134.3,449.4
48.0,143.7,449.4
48.0,128.5,449.4
48.0,128.3,449.4
48.0,128.4,449.4
48.0,114.3,449.4
48.0,121.3,449.4
48.0,129.3,449.4
48.0,126.1,449.4
48.0,134.4,449.4
48.0,124.4,449.4
48.1,132.4,449.4
48.1,124.0,449.4
48.1,133.0,449.4
48.1,121.3,449.4
48.1,129.0,449.4
48.1,137.4,449.4
48.1,132.3,449.4
48.1,138.5,449.4
48.1,128.5,449.4
48.1,138.0,449.4
48.1,125.8,449.5
48.1,135.2,449.5
48.1,124.4,449.5
48.2,133.8,449.5
48.2,141.0,449.5
48.2,133.8,449.5
48.2,140.8,449.5
48.2,131.2,449.5
48.2,139.2,449.5
48.2,127.4,449.5
48.2,136.3,449.5
48.2,142.2,449.5
48.2,138.3,449.5
48.2,141.4,449.5
48.2,133.9,449.5
48.2,141.3,449.5
48.2,128.8,449.5
48.3,137.1,449.5
48.3,126.3,449.5
48.3,135.6,449.5
48.3,143.2,449.5
48.3,136.9,449.5
48.3,143.1,449.5
48.3,132.5,449.5
48.3,142.4,449.4
48.3,128.9,449.5
48.3,138.6,449.4
48.3,126.5,449.4
48.3,136.1,449.4
48.3,144.7,449.5
48.3,136.1,449.4
48.4,143.5,449.4
48.4,131.4,449.4
48.4,141.0,449.5
48.4,128.3,449.4
48.4,138.0,449.5
48.4,144.2,449.5
48.4,137.5,449.5
48.4,142.9,449.4
48.4,133.0,449.5
48.4,142.2,449.4
48.4,129.3,449.4
48.4,138.6,449.5
48.4,126.1,449.4
48.5,135.3,449.5
48.5,144.0,449.5
48.5,136.0,449.5
48.5,141.8,449.5
48.5,132.4,449.5
48.5,141.9,449.5
48.5,128.7,449.5
48.5,138.4,449.5
48.5,143.1,449.5
48.5,138.6,449.5
48.5,142.0,449.5
48.5,133.7,449.5
48.5,141.3,449.5
48.5,129.1,449.5
48.6,137.9,449.5
48.6,127.2,449.5
48.6,136.6,449.5
48.6,142.6,449.5
48.6,136.8,449.5
48.6,141.6,449.5
48.6,132.0,449.5
48.6,141.4,449.5
48.6,129.0,449.5
48.6,138.2,449.5
48.6,126.4,449.5
48.6,135.4,449.5
48.6,142.8,449.5
48.6,136.4,449.5
48.7,141.8,449.5
48.7,131.6,449.5
48.7,140.7,449.5
48.7,128.3,449.5
48.7,137.6,449.5
48.7,141.6,449.5
48.7,137.7,449.5
48.7,141.6,449.5
48.7,133.8,449.5
48.7,140.9,449.5
48.7,130.4,449.5
48.7,139.3,449.5
48.7,126.8,449.5
48.8,135.6,449.5
48.8,142.3,449.5
48.8,137.4,449.5
48.8,141.7,449.5
48.8,132.8,449.5
48.8,140.4,449.5
48.8,129.1,449.5
48.8,138.6,449.5
48.8,126.8,449.5
48.8,136.3,449.5
48.8,142.4,449.5
48.8,136.2,449.5
48.8,140.8,449.5
48.8,131.8,449.5
48.9,140.2,449.5
48.9,126.9,449.5
48.9,135.9,449.5
48.9,126.8,449.5
48.9,135.9,449.5
48.9,141.9,449.5
48.9,136.8,449.5
48.9,141.1,449.5
48.9,132.2,449.5
48.9,140.5,449.5
48.9,127.5,449.5
48.9,136.4,449.5
48.9,126.3,449.5
49.0,135.6,449.5
49.0,142.0,449.5
49.0,135.3,449.5
49.0,142.7,449.5
49.0,132.4,449.5
49.0,140.0,449.5
49.0,127.9,449.5
49.0,137.4,449.5
49.0,125.4,449.5
49.0,133.9,449.5
49.0,123.4,449.5
49.0,132.5,449.6
49.0,123.2,449.6
49.1,128.9,449.6
49.1,121.0,449.6
49.1,127.4,449.6
49.1,121.0,449.6
49.1,127.7,449.6
49.1,119.2,449.6
49.1,127.1,449.6
49.1,116.7,448.7
49.1,125.6,448.8
49.1,118.2,448.4
49.1,127.0,448.4
49.1,135.4,448.4
49.1,129.6,448.4
49.2,138.2,448.4
49.2,126.9,448.4
49.2,135.7,448.4
49.2,124.4,448.4
49.2,132.6,448.4
49.2,139.6,448.4
49.2,135.8,448.4
49.2,138.3,448.4
49.2,130.8,448.4
49.2,139.2,448.4
49.2,127.7,448.4
49.2,137.2,448.4
49.2,125.0,448.4
49.3,132.2,448.4
49.3,140.8,448.4
49.3,136.4,448.4
49.3,144.0,448.4
49.3,130.8,448.4
49.3,140.3,448.4
49.3,129.1,448.4
49.3,138.9,448.4
49.3,143.8,448.4
49.3,138.5,448.4
49.3,143.1,448.4
49.3,133.5,448.4
49.3,142.2,448.4
49.3,129.9,448.4
49.4,139.5,448.4
49.4,127.3,448.4
49.4,136.7,448.4
49.4,143.0,448.4
49.4,136.6,448.4
49.4,141.3,448.4
49.4,132.1,448.4
49.4,141.8,448.4
49.4,129.0,448.4
49.4,138.8,448.4
49.4,126.5,448.4
49.4,136.0,448.4
49.4,142.7,448.4
49.4,136.1,448.4
49.5,142.0,448.4
49.5,131.4,448.4
49.5,140.7,448.4
49.5,128.4,448.6
49.5,136.2,448.6
49.5,125.0,448.6
49.5,134.3,448.6
49.5,142.9,448.6
49.5,134.9,448.6
49.5,141.0,448.6
49.5,130.9,448.6
49.5,138.8,448.6
49.5,127.4,448.6
49.6,136.8,448.6
49.6,126.6,448.6
49.6,135.9,448.6
49.6,142.5,448.6
49.6,136.2,448.6
49.6,143.1,448.6
49.6,130.6,448.6
49.6,140.3,448.6
49.6,127.3,448.6
49.6,136.1,448.6
49.6,125.3,448.6
49.6,134.3,448.6
49.6,142.8,448.6
49.6,135.4,448.6
49.7,143.5,448.6
49.7,131.1,448.6
49.7,139.7,448.6
49.7,128.1,448.6
49.7,137.6,448.6
49.7,125.6,448.6
49.7,134.8,448.6
49.7,141.4,448.6
49.7,135.5,448.6
49.7,140.7,448.6
49.7,131.6,448.6
49.7,140.8,448.6
49.7,127.9,448.6
49.8,136.0,448.6
49.8,126.6,448.6
49.8,136.2,448.6
49.8,123.7,448.6
49.8,133.0,448.6
49.8,141.1,448.6
49.8,133.7,448.6
49.8,141.5,448.6
49.8,129.8,448.7
49.8,139.8,448.7
49.8,126.8,448.7
49.8,136.4,448.7
49.8,124.4,448.7
49.9,132.6,448.7
49.9,141.2,448.7
49.9,136.1,448.7
49.9,142.4,448.7
49.9,130.6,448.7
49.9,139.1,448.7
49.9,127.4,448.7
49.9,137.1,448.7
49.9,141.8,448.7
49.9,138.7,448.7
49.9,141.8,448.7
49.9,132.8,448.7
49.9,141.2,448.7
49.9,129.2,448.7
50.0,137.6,448.7
50.0,126.6,448.7
50.0,136.0,448.7
50.0,141.1,448.7
50.0,136.3,448.7
50.0,138.0,448.7
50.0,132.5,448.7
50.0,134.7,448.8
50.0,129.6,448.8
50.0,131.4,448.8
50.0,127.0,448.8
50.0,127.1,448.8
50.0,125.4,448.9
50.1,125.3,448.9
50.1,125.5,448.9
50.1,125.8,448.9
50.1,128.3,448.9
50.1,127.7,448.9
50.1,128.5,448.8
50.1,129.4,448.8
50.1,130.2,448.8
50.1,130.5,448.8
50.1,130.4,448.8
50.1,131.6,448.8
50.1,131.5,448.8
50.1,130.8,448.8
50.2,132.9,448.8
50.2,133.4,448.8
50.2,133.2,448.8
50.2,134.0,448.8
50.2,134.5,448.8
50.2,133.8,448.8
50.2,134.8,448.8
50.2,135.0,448.8
50.2,135.3,448.8
50.2,135.2,448.9
50.2,135.7,448.9
50.2,134.8,448.9
50.2,135.5,448.9
50.2,135.8,448.9
50.3,135.7,448.9
50.3,135.3,448.8
50.3,136.0,448.8
50.3,136.7,448.8
50.3,137.3,448.8
50.3,136.0,448.8
50.3,135.8,448.8
50.3,136.0,448.8
50.3,134.9,448.8
50.3,134.8,448.8
50.3,135.0,448.8
50.3,135.2,448.8
50.3,135.9,448.8
50.4,136.1,448.8
50.4,135.8,448.9
50.4,135.7,448.9
50.4,135.8,448.9
50.4,133.2,448.9
50.4,134.5,448.9
50.4,134.2,448.9
50.4,135.8,448.9
50.4,135.0,448.9
50.4,135.2,448.9
50.4,134.9,448.9
50.4,134.2,448.9
50.4,133.5,448.9
50.4,134.6,448.9
50.5,131.1,448.9
50.5,132.3,448.9
50.5,128.3,448.9
50.5,127.0,448.9
50.5,126.8,448.9
50.5,124.1,448.9
50.5,122.9,448.9
50.5,124.6,448.9
50.5,122.4,448.9
50.5,121.2,448.8
50.5,122.5,448.8
50.6,121.5,448.8
50.6,123.0,448.8
50.6,122.2,448.8
50.6,123.4,448.8
50.6,123.1,448.8
50.6,122.6,448.8
50.6,125.9,448.8
50.6,129.4,448.8
50.6,132.9,448.8
50.6,137.5,448.8
50.6,142.1,448.8
50.6,143.2,448.8
50.6,142.3,448.8
50.6,140.4,448.8
50.6,139.7,448.8
50.7,137.5,448.8
50.7,137.5,448.8
50.7,137.4,448.8
50.7,127.7,448.8
50.7,134.1,448.8
50.7,126.7,448.8
50.7,132.9,448.8
50.7,124.0,448.8
50.7,130.8,448.8
50.7,124.1,448.8
50.7,131.9,448.8
50.7,123.0,448.8
50.8,130.7,448.8
50.8,122.2,448.8
50.8,129.3,448.8
50.8,137.8,448.8
50.8,132.6,448.8
50.8,134.2,448.8
50.8,128.5,448.8
50.8,134.2,448.8
50.8,127.2,448.8
50.8,133.2,448.8
50.8,123.3,448.8
50.8,130.8,448.8
50.8,123.2,448.8
50.9,130.6,448.8
50.9,121.2,448.8
50.9,127.7,448.8
50.9,119.6,448.8
50.9,126.9,448.8
50.9,120.2,448.8
50.9,127.5,448.8
50.9,120.3,448.8
50.9,128.5,448.8
50.9,133.5,448.8
50.9,131.3,448.8
50.9,134.0,448.8
50.9,128.0,448.8
51.0,132.9,448.8
51.0,126.1,448.8
51.0,131.4,448.8
51.0,123.1,448.8
51.0,129.2,448.8
51.0,122.3,448.8
51.0,129.6,448.9
51.0,121.8,448.9
51.0,130.4,448.9
51.0,120.3,448.9
51.0,125.3,448.9
51.0,120.7,448.9
51.1,124.0,448.9
51.1,120.3,448.9
51.1,109.0,448.9
51.1,117.0,448.9
51.1,110.2,448.9
51.1,118.5,449.1
51.1,125.6,449.1
51.1,122.5,449.1
51.1,126.6,449.1
51.1,121.4,449.1
51.1,127.2,449.1
51.1,120.1,449.1
51.2,128.4,449.1
51.2,119.3,449.1
51.2,127.5,449.1
51.2,119.7,449.1
51.2,127.9,449.1
51.2,118.5,449.1
51.2,127.9,449.1
51.2,117.8,449.1
51.2,127.2,449.1
51.2,132.7,449.1
51.2,129.9,449.1
51.2,132.5,449.1
51.2,126.4,449.1
51.3,132.2,449.1
51.3,125.6,449.1
51.3,130.4,449.1
51.3,122.5,449.1
51.3,129.9,449.1
51.3,121.3,449.1
51.3,128.8,449.1
51.3,119.9,449.1
51.3,127.4,449.1
51.3,119.2,449.1
51.3,127.6,449.1
51.3,118.8,449.1
51.4,127.2,449.1
51.4,117.8,449.1
51.4,125.4,449.1
51.4,117.2,449.1
51.4,124.6,449.1
51.4,131.2,449.1
51.4,128.7,449.1
51.4,132.3,449.1
51.4,125.6,449.1
51.4,130.6,449.1
51.4,123.9,449.1
51.4,130.5,449.1
51.4,123.4,449.1
51.5,130.0,449.1
51.5,122.1,449.1
51.5,130.3,449.1
51.5,121.2,449.1
51.5,129.5,449.1
51.5,120.9,449.1
51.5,129.9,449.1
51.5,120.1,449.1
51.5,127.9,449.1
51.5,134.7,449.3
51.5,130.4,449.3
51.5,133.5,449.3
51.5,128.2,449.3
51.6,132.9,449.3
51.6,126.3,449.3
51.6,132.2,449.3
51.6,125.5,449.3
51.6,132.3,449.3
51.6,122.5,449.3
51.6,130.6,449.4
51.6,121.3,449.4
51.6,129.6,449.4
51.6,120.5,449.4
51.6,129.4,449.4
51.6,119.5,449.4
51.7,126.7,449.4
51.7,133.6,449.4
51.7,130.6,449.4
51.7,132.1,449.4
51.7,126.9,449.4
51.7,133.1,449.4
51.7,124.7,449.4
51.7,131.1,449.4
51.7,123.2,449.3
51.7,129.8,449.3
51.7,123.0,449.3
51.7,129.4,449.3
51.7,121.1,449.3
51.8,128.2,449.3
51.8,120.4,449.3
51.8,127.7,449.3
51.8,120.3,449.3
51.8,128.1,449.3
51.8,119.4,449.3
51.8,128.6,449.3
51.8,134.7,449.4
51.8,129.8,449.4
51.8,135.9,449.4
51.8,127.5,449.4
51.8,135.8,449.4
51.8,124.6,449.4
51.9,132.2,449.4
51.9,123.2,449.4
51.9,131.9,449.4
51.9,122.1,449.4
51.9,130.9,449.4
51.9,137.8,449.4
51.9,132.3,449.4
51.9,137.7,449.4
51.9,129.1,449.4
51.9,137.4,449.4
51.9,126.3,449.5
51.9,135.8,449.5
51.9,124.8,449.5
52.0,134.1,449.5
52.0,139.4,449.5
52.0,134.5,449.5
52.0,138.9,449.5
52.0,130.9,449.5
52.0,139.8,449.5
52.0,127.3,449.5
52.0,135.4,449.5
52.0,124.5,449.5
52.0,133.4,449.5
52.0,123.4,449.5
52.0,131.3,449.5
52.0,122.0,449.5
52.1,129.6,449.5
52.1,121.2,449.5
52.1,128.1,449.5
52.1,120.3,449.5
52.1,127.6,449.5
52.1,119.5,449.5
52.1,127.5,449.5
52.1,118.1,449.5
52.1,126.6,449.5
52.1,118.1,449.4
52.1,125.6,449.4
52.1,117.6,449.5
52.2,125.8,449.5
52.2,133.2,449.3
52.2,127.6,449.3
52.2,133.7,449.3
52.2,125.7,449.3
52.2,133.6,449.3
52.2,123.5,449.3
52.2,129.4,449.0
52.2,122.2,448.9
52.2,128.7,448.9
52.2,122.1,448.9
52.2,129.4,448.9
52.2,137.1,448.9
52.2,132.7,448.9
52.3,140.7,448.9
52.3,129.3,448.9
52.3,137.1,448.9
52.3,126.7,448.9
52.3,134.9,448.9
52.3,142.3,448.9
52.3,136.4,448.9
52.3,143.7,448.9
52.3,132.0,448.9
52.3,139.7,448.9
52.3,129.2,448.9
52.3,138.6,448.9
52.3,126.4,448.9
52.4,135.4,448.9
52.4,143.7,448.9
52.4,136.2,448.9
52.4,145.5,448.9
52.4,131.6,448.9
52.4,140.7,448.9
52.4,128.7,448.9
52.4,137.1,448.9
52.4,143.7,448.9
52.4,138.2,448.9
52.4,143.9,448.9
52.4,133.8,448.9
52.4,141.7,448.9
52.4,131.0,448.9
52.5,140.5,448.9
52.5,127.2,448.9
52.5,135.5,448.9
52.5,144.1,448.9
52.5,136.6,448.9
52.5,141.7,448.9
52.5,133.2,448.9
52.5,142.2,448.9
52.5,128.5,448.9
52.5,138.4,448.9
52.5,126.5,448.9
52.5,134.9,448.9
52.5,142.4,448.9
52.5,135.4,448.9
52.6,140.8,448.9
52.6,131.3,448.9
52.6,140.9,449.0
52.6,129.2,448.9
52.6,138.7,449.0
52.6,125.1,448.8
52.6,134.4,448.8
52.6,143.8,448.8
52.6,136.4,448.8
52.6,141.9,448.8
52.6,132.3,448.8
52.6,141.5,448.8
52.6,128.5,448.8
52.7,137.7,448.8
52.7,125.2,448.8
52.7,134.6,448.8
52.7,143.1,448.8
52.7,136.0,448.8
52.7,142.0,448.8
52.7,132.1,448.8
52.7,141.0,448.8
52.7,127.7,448.8
52.7,136.8,448.8
52.7,125.6,448.8
52.7,134.9,448.8
52.7,142.9,448.8
52.7,135.5,448.8
52.8,141.7,448.8
52.8,131.8,448.8
52.8,141.0,448.8
52.8,128.3,448.8
52.8,137.7,448.8
52.8,126.4,448.8
52.8,135.9,448.8
52.8,142.5,448.8
52.8,135.5,448.8
52.8,141.5,448.8
52.8,130.4,448.8
52.8,139.7,448.8
52.8,127.9,448.8
52.9,136.9,448.8
52.9,125.4,448.8
52.9,134.8,448.8
52.9,123.4,448.9
52.9,131.9,448.9
52.9,120.9,448.9
52.9,130.1,448.9
52.9,139.2,448.9
52.9,132.8,448.9
52.9,137.7,448.9
52.9,129.6,448.9
52.9,137.2,448.9
52.9,125.9,448.9
53.0,134.1,448.9
53.0,124.4,448.9
53.0,133.7,448.9
53.0,122.8,448.9
53.0,131.7,448.9
53.0,138.5,448.9
53.0,133.4,448.9
53.0,137.4,448.9
53.0,129.0,448.9
53.0,136.3,448.9
53.0,126.5,448.9
53.0,133.6,448.9
53.0,124.1,448.9
53.1,131.1,448.9
53.1,123.7,448.9
53.1,125.7,448.9
53.1,121.8,448.9
53.1,125.3,448.9
53.1,121.0,448.9
53.1,124.0,448.9
53.1,120.3,448.9
53.1,126.3,448.9
53.1,119.8,448.9
53.1,128.8,448.9
53.1,118.7,448.9
53.2,126.5,448.9
53.2,118.7,448.9
53.2,126.6,448.9
53.2,119.0,448.9
53.2,128.1,448.9
53.2,135.0,448.9
53.2,128.9,449.0
53.2,134.1,449.0
53.2,126.5,449.0
53.2,135.8,449.0
53.2,124.4,449.0
53.2,132.6,449.0
53.2,122.6,449.0
53.3,131.8,449.0
53.3,136.8,449.0
53.3,134.9,449.0
53.3,136.1,449.0
53.3,130.3,449.0
53.3,135.8,449.0
53.3,127.2,449.0
53.3,136.6,449.0
53.3,125.9,449.0
53.3,134.3,449.0
53.3,123.1,449.0
53.3,132.5,449.0
53.3,138.0,449.0
53.3,134.7,449.0
53.4,137.3,449.0
53.4,131.0,449.0
53.4,136.7,448.9
53.4,128.1,448.9
53.4,136.2,448.9
53.4,125.5,448.9
53.4,134.9,448.9
53.4,123.3,448.9
53.4,132.7,448.9
53.4,120.7,448.9
53.4,129.0,448.9
53.4,137.3,448.9
53.4,133.0,448.9
53.5,138.3,448.9
53.5,129.9,448.9
53.5,137.6,448.9
53.5,126.6,448.9
53.5,135.7,448.9
53.5,124.5,448.9
53.5,133.7,448.9
53.5,122.9,448.9
53.5,132.3,448.9
53.5,139.0,448.9
53.5,133.0,448.9
53.5,137.5,448.9
53.5,129.8,448.9
53.6,137.0,448.9
53.6,126.9,448.9
53.6,134.3,448.9
53.6,124.7,448.9
53.6,133.5,448.9
53.6,123.2,448.9
53.6,132.5,448.9
53.6,139.2,448.9
53.6,133.1,448.9
53.6,138.2,448.9
53.6,129.7,448.9
53.6,137.1,448.9
53.6,126.8,448.9
53.7,135.6,448.9
53.7,123.9,448.9
53.7,132.1,448.9
53.7,123.2,448.9
53.7,131.7,448.9
53.7,139.3,448.9
53.7,133.7,448.9
53.7,138.2,448.9
53.7,129.8,448.9
53.7,137.2,448.9
53.7,127.1,448.9
53.7,135.9,448.9
53.7,124.7,448.9
53.8,133.5,448.9
53.8,123.7,448.9
53.8,132.6,448.9
53.8,137.8,448.9
53.8,132.4,448.9
53.8,137.1,448.9
53.8,129.2,448.9
53.8,136.9,448.9
53.8,126.5,448.9
53.8,135.7,448.9
53.8,123.9,448.9
53.8,132.6,448.9
53.8,124.4,448.9
53.9,133.4,448.9
53.9,122.2,448.9
53.9,131.4,448.9
53.9,121.0,449.0
53.9,129.5,449.0
53.9,136.2,449.0
53.9,131.4,449.0
53.9,136.7,449.0
53.9,128.1,449.0
53.9,136.2,449.0
53.9,125.8,449.0
53.9,134.7,449.0
53.9,123.5,449.0
54.0,132.4,449.0
54.0,122.7,449.0
54.0,131.4,449.0
54.0,137.9,449.0
54.0,132.4,449.0
54.0,136.4,449.0
54.0,128.0,449.0
54.0,135.7,449.0
54.0,125.3,449.0
54.0,131.9,449.0
54.0,121.1,449.0
54.0,130.0,449.0
54.1,121.3,449.0
54.1,130.5,449.0
54.1,122.4,449.0
54.1,127.9,449.0
54.1,121.5,449.0
54.1,125.6,449.0
54.1,120.4,449.0
54.1,124.6,449.0
54.1,121.1,449.0
54.1,124.9,449.0
54.1,119.4,449.0
54.1,124.3,449.0
54.1,118.9,449.0
54.2,126.5,449.0
54.2,118.3,449.0
54.2,127.3,449.0
54.2,117.9,449.0
54.2,126.8,449.0
54.2,118.0,449.0
54.2,127.1,449.0
54.2,132.2,449.1
54.2,128.6,449.1
54.2,132.6,449.1
54.2,126.6,449.1
54.2,133.1,449.1
54.2,124.1,449.1
54.3,132.1,449.1
54.3,122.6,449.1
54.3,130.6,449.1
54.3,122.1,449.1
54.3,131.3,449.1
54.3,136.4,449.0
54.3,133.6,449.0
54.3,136.5,449.0
54.3,130.2,449.0
54.3,134.6,449.0
54.3,127.2,449.0
54.3,135.9,449.0
54.3,125.0,449.0
54.4,134.2,449.0
54.4,123.3,449.0
54.4,132.5,449.0
54.4,137.0,449.0
54.4,134.0,449.0
54.4,135.4,449.0
54.4,129.7,449.0
54.4,134.1,449.0
54.4,127.7,449.0
54.4,134.8,449.0
54.4,125.0,449.0
54.4,133.6,449.0
54.4,123.1,449.0
54.5,131.7,449.0
54.5,122.1,449.0
54.5,131.1,449.0
54.5,136.6,449.0
54.5,132.4,449.0
54.5,135.0,449.0
54.5,129.5,449.0
54.5,134.8,449.2
54.5,126.5,449.2
54.5,132.4,449.2
54.5,123.2,449.2
54.5,131.9,449.2
54.5,122.2,449.2
54.6,130.8,449.2
54.6,120.8,449.2
54.6,128.5,449.2
54.6,137.8,449.2
54.6,133.5,449.2
54.6,136.9,449.2
54.6,130.1,449.2
54.6,135.1,449.2
54.6,126.5,449.2
54.6,135.3,449.2
54.6,124.3,449.2
54.6,132.3,449.3
54.6,122.6,449.3
54.7,131.9,449.3
54.7,122.0,449.3
54.7,131.1,449.3
54.7,136.8,449.3
54.7,131.8,449.3
54.7,137.1,449.3
54.7,130.1,449.3
54.7,135.3,449.3
54.7,127.3,449.3
54.7,133.1,449.3
54.7,124.9,449.3
54.7,133.7,449.3
54.7,121.6,449.3
54.8,130.7,449.3
54.8,120.6,449.3
54.8,129.4,449.3
54.8,120.4,449.3
54.8,129.5,449.3
54.8,118.9,449.3
54.8,126.7,449.3
54.8,134.5,449.3
54.8,131.7,449.3
54.8,135.2,449.3
54.8,128.6,449.3
54.8,134.4,449.3
54.8,125.1,449.3
54.9,133.9,449.3
54.9,123.1,449.3
54.9,131.1,449.3
54.9,122.2,449.4
54.9,130.8,449.4
54.9,120.4,449.4
54.9,128.3,449.4
54.9,136.4,449.4
54.9,131.9,449.4
54.9,136.4,449.4
54.9,129.0,449.4
54.9,135.8,449.4
54.9,126.2,449.4
55.0,135.2,449.4
55.0,123.9,449.4
55.0,133.3,449.4
55.0,121.7,449.4
55.0,130.3,449.4
55.0,120.3,449.4
55.0,128.1,449.4
55.0,120.3,449.4
55.0,128.5,449.4
55.0,119.7,449.4
55.0,126.8,449.5
55.0,119.2,449.5
55.1,127.0,449.5
55.1,118.4,449.5
55.1,125.9,449.5
55.1,117.9,449.5
55.1,125.7,449.5
55.1,117.7,449.5
55.1,126.0,449.5
55.1,116.8,449.5
55.1,125.4,449.5
55.1,117.4,449.5
55.1,125.3,449.5
55.1,116.8,449.5
55.2,124.0,449.5
55.2,131.5,449.5
55.2,123.3,449.5
55.2,132.3,449.5
55.2,122.4,449.5
55.2,130.5,449.5
55.2,119.8,449.5
55.2,128.1,449.5
55.2,125.4,449.5
55.2,134.5,449.5
55.2,123.3,449.5
55.2,132.9,449.5
55.2,137.0,449.5
55.2,133.8,449.5
55.3,135.5,449.5
55.3,130.5,449.5
55.3,136.1,449.5
55.3,127.5,449.5
55.3,134.6,449.5
55.3,124.8,449.5
55.3,133.4,449.5
55.3,123.1,449.5
55.3,131.9,449.5
55.3,121.9,449.5
55.3,130.1,449.5
55.3,120.5,449.5
55.4,128.8,449.5
55.4,136.9,449.5
55.4,132.1,449.5
55.4,135.1,449.5
55.4,127.4,449.5
55.4,134.6,449.5
55.4,125.3,449.5
55.4,134.1,449.5
55.4,122.5,449.5
55.4,131.1,449.5
55.4,122.1,449.5
55.4,128.5,449.5
55.4,135.3,449.5
55.4,132.5,449.5
55.5,137.4,449.5
55.5,129.4,449.5
55.5,136.2,449.5
55.5,126.7,449.5
55.5,134.7,449.5
55.5,124.9,449.5
55.5,132.5,449.5
55.5,123.4,449.5
55.5,132.6,449.5
55.5,122.9,449.5
55.5,132.1,449.5
55.5,137.8,449.5
55.5,133.0,449.5
55.6,136.6,449.5
55.6,130.4,449.5
55.6,136.6,449.5
55.6,127.2,449.5
55.6,135.2,449.5
55.6,124.4,449.5
55.6,132.3,449.4
55.6,123.5,449.4
55.6,133.0,449.4
55.6,122.7,449.4
55.6,131.5,449.4
55.6,137.9,449.4
55.6,132.1,449.4
55.7,135.9,449.4
55.7,129.7,449.4
55.7,136.0,449.4
55.7,126.2,449.4
55.7,135.2,449.4
55.7,123.9,449.4
55.7,133.1,449.4
55.7,123.4,449.4
55.7,132.8,449.4
55.7,137.4,449.4
55.7,133.0,449.4
55.7,136.1,449.4
55.7,129.8,449.4
55.8,135.5,449.4
55.8,126.7,449.4
55.8,135.2,449.4
55.8,124.9,449.4
55.8,133.6,449.4
55.8,123.1,449.4
55.8,132.2,449.4
55.8,122.1,449.4
55.8,131.2,449.4
55.8,135.3,449.4
55.8,131.8,449.4
55.8,135.5,449.4
55.8,128.8,449.4
55.9,135.0,449.4
55.9,126.4,449.4
55.9,135.2,449.4
55.9,124.1,449.4
55.9,132.9,449.4
55.9,122.4,449.4
55.9,131.8,449.5
55.9,121.2,449.5
55.9,129.1,449.5
55.9,135.1,449.5
55.9,132.5,449.5
55.9,135.3,449.5
55.9,129.4,449.5
56.0,133.6,449.5
56.0,127.2,449.5
56.0,134.0,449.5
56.0,124.5,449.5
56.0,133.0,449.5
56.0,122.7,449.5
56.0,131.5,449.5
56.0,122.3,449.5
56.0,131.5,449.5
56.0,118.8,449.5
56.0,126.9,449.5
56.0,135.1,449.5
56.0,131.5,449.5
56.1,134.7,449.5
56.1,122.4,449.5
56.1,130.1,449.5
56.1,123.2,449.5
56.1,131.0,449.5
56.1,122.2,449.5
56.1,127.2,449.5
56.1,121.4,449.5
56.1,110.1,449.7
56.1,116.6,449.7
56.2,111.7,449.7
56.2,119.8,449.7
56.2,128.2,449.7
56.2,122.7,449.7
56.2,131.4,449.7
56.2,122.0,449.7
56.2,131.0,449.7
56.2,120.7,449.7
56.2,129.9,449.7
56.2,119.8,449.7
56.2,129.4,449.7
56.2,119.1,449.7
56.2,128.1,449.7
56.2,136.6,449.7
56.3,129.1,449.7
56.3,136.6,449.7
56.3,126.7,449.7
56.3,136.0,449.7
56.3,124.2,449.7
56.3,133.0,449.7
56.3,122.6,449.7
56.3,131.2,449.7
56.3,121.8,449.7
56.3,130.9,449.7
56.3,120.2,449.7
56.3,129.4,449.7
56.4,119.4,449.7
56.4,126.6,449.7
56.4,118.4,449.7
56.4,125.4,449.8
56.4,117.7,449.7
56.4,124.5,449.7
56.4,117.4,449.7
56.4,123.9,449.7
56.4,116.9,449.7
56.4,123.7,449.7
56.4,117.3,449.7
56.4,125.1,449.7
56.5,116.0,449.7
56.5,121.7,449.7
56.5,115.6,449.7
56.5,121.0,449.7
56.5,117.4,449.7
56.5,124.9,449.7
56.5,116.5,449.7
56.5,124.0,449.7
56.5,114.8,449.7
56.5,119.6,449.1
56.5,117.5,448.9
56.5,123.8,448.9
56.5,121.0,449.1
56.6,126.6,449.1
56.6,134.2,449.1
56.6,131.4,449.1
56.6,138.1,449.1
56.6,147.1,449.1
56.6,140.3,449.1
56.6,148.1,449.1
56.6,134.2,449.1
56.6,138.9,449.1
56.6,132.0,449.1
56.6,139.6,449.1
56.6,144.9,449.1
56.6,139.8,449.1
56.6,146.3,449.1
56.7,135.0,449.1
56.7,139.8,449.1
56.7,130.8,449.1
56.7,135.9,449.1
56.7,128.0,449.1
56.7,133.2,449.1
56.7,126.3,449.1
56.7,133.1,449.1
56.7,124.1,449.1
56.7,129.7,449.1
56.7,123.6,449.1
56.7,130.1,449.1
56.7,136.9,449.2
56.7,134.0,449.2
56.8,140.6,449.2
56.8,130.1,449.2
56.8,136.5,449.2
56.8,127.7,449.2
56.8,135.0,449.2
56.8,125.7,449.1
56.8,133.1,449.1
56.8,124.7,449.1
56.8,132.2,449.1
56.8,139.6,449.1
56.8,134.5,449.1
56.8,137.4,449.1
56.8,131.2,449.1
56.9,136.2,449.1
56.9,127.9,449.1
56.9,135.2,449.1
56.9,125.4,449.1
56.9,132.8,449.1
56.9,124.1,449.1
56.9,132.1,449.2
56.9,122.8,449.2
56.9,131.0,449.2
56.9,122.2,449.2
56.9,130.3,449.2
56.9,126.7,449.2
57.0,128.4,449.2
57.0,130.2,449.2
57.0,123.8,449.2
57.0,111.6,449.2
57.0,116.4,449.2
57.0,122.9,449.2
57.0,130.7,449.2
57.0,136.7,449.2
57.0,140.0,449.2
57.0,140.4,449.2
57.0,138.7,449.3
57.0,138.3,449.3
57.0,136.1,449.3
57.0,135.2,449.3
57.1,135.1,449.3
57.1,133.4,449.3
57.1,130.9,449.3
57.1,130.5,449.3
57.1,127.6,449.3
57.1,127.1,449.3
57.1,113.4,449.3
57.1,121.7,449.3
57.1,114.1,449.3
57.1,122.2,449.3
57.1,114.9,449.3
57.2,123.3,449.3
57.2,128.2,449.2
57.2,126.1,449.2
57.2,128.9,449.2
57.2,124.7,449.2
57.2,129.3,449.2
57.2,122.9,449.2
57.2,130.3,449.2
57.2,121.4,449.3
57.2,129.5,449.3
57.2,120.3,449.1
57.2,129.0,449.1
57.2,119.2,449.1
57.3,126.3,449.1
57.3,134.0,449.1
57.3,129.9,449.1
57.3,134.0,449.1
57.3,126.8,449.1
57.3,133.0,449.1
57.3,125.0,449.1
57.3,131.2,449.2
57.3,123.9,449.2
57.3,131.5,449.2
57.3,123.0,449.1
57.3,131.6,449.1
57.3,121.3,449.1
57.4,128.6,449.1
57.4,136.5,449.1
57.4,133.1,449.1
57.4,138.1,449.1
57.4,128.5,449.1
57.4,135.8,449.1
57.4,126.3,449.1
57.4,135.7,449.1
57.4,125.4,449.1
57.4,135.0,449.1
57.4,123.3,449.1
57.4,132.9,449.1
57.4,137.5,449.1
57.4,132.9,449.1
57.5,137.2,449.1
57.5,130.7,449.1
57.5,136.8,449.1
57.5,126.3,449.1
57.5,135.1,449.1
57.5,124.2,449.1
57.5,132.3,449.1
57.5,122.4,449.1
57.5,131.1,449.1
57.5,121.7,449.1
57.5,130.5,449.1
57.5,120.4,449.1
57.6,129.4,449.2
57.6,136.9,449.2
57.6,132.1,449.2
57.6,137.0,449.2
57.6,128.0,449.2
57.6,135.8,449.2
57.6,125.6,449.2
57.6,135.3,449.2
57.6,123.3,449.2
57.6,132.9,449.2
57.6,122.5,449.0
57.6,131.9,449.0
57.6,138.5,449.0
57.6,133.8,449.0
57.7,135.9,449.0
57.7,130.3,449.0
57.7,136.5,449.0
57.7,127.6,449.0
57.7,135.6,449.0
57.7,123.6,449.0
57.7,133.6,449.0
57.7,122.9,449.0
57.7,132.5,449.0
57.7,122.3,449.0
57.7,131.7,449.0
57.7,137.4,449.0
57.7,132.2,449.0
57.8,135.3,449.0
57.8,128.8,449.0
57.8,135.8,449.0
57.8,126.6,449.0
57.8,134.8,449.0
57.8,124.2,449.0
57.8,133.5,449.0
57.8,122.7,449.0
57.8,131.9,449.0
57.8,121.2,449.0
57.8,129.9,449.0
57.8,137.9,449.0
57.8,131.9,449.0
57.9,136.7,449.0
57.9,128.8,449.0
57.9,135.6,449.0
57.9,126.0,449.0
57.9,135.0,449.0
57.9,123.8,449.0
57.9,133.0,449.1
57.9,122.5,449.1
57.9,130.4,449.1
57.9,135.1,449.1
57.9,133.6,449.1
57.9,135.0,449.1
57.9,130.0,449.1
58.0,133.7,449.1
58.0,127.2,449.1
58.0,134.6,449.1
58.0,125.1,449.1
58.0,133.8,449.1
58.0,122.6,449.1
58.0,130.5,449.1
58.0,122.4,449.1
58.0,131.4,449.1
58.0,135.9,449.1
58.0,132.9,449.1
58.0,136.7,449.1
58.0,128.4,449.1
58.1,133.3,449.1
58.1,127.2,449.1
58.1,132.2,449.1
58.1,124.0,449.1
58.1,129.5,449.1
58.1,122.8,449.1
58.1,125.2,449.1
58.1,121.9,449.1
58.1,124.9,449.1
58.1,121.4,449.1
58.1,122.5,449.1
58.1,120.9,449.1
58.2,123.1,449.1
58.2,120.5,449.1
58.2,125.4,449.1
58.2,120.1,449.2
58.2,125.0,449.2
58.2,119.1,449.2
58.2,126.7,449.2
58.2,118.8,449.2
58.2,126.7,449.2
58.2,118.0,449.2
58.2,126.9,449.2
58.2,118.2,449.2
58.3,126.7,449.2
58.3,117.3,449.2
58.3,124.9,449.2
58.3,133.5,449.2
58.3,130.4,449.2
58.3,136.1,449.2
58.3,126.2,449.2
58.3,134.4,449.2
58.3,124.2,449.2
58.3,132.7,449.2
58.3,122.7,449.2
58.3,132.0,449.2
58.3,121.1,449.2
58.4,130.1,449.2
58.4,138.6,449.2
58.4,132.4,449.1
58.4,137.8,449.2
58.4,128.9,449.1
58.4,136.6,449.2
58.4,126.3,449.2
58.4,135.6,449.2
58.4,123.9,449.2
58.4,133.3,449.2
58.4,122.1,449.2
58.4,131.2,449.2
58.4,138.1,449.2
58.4,133.1,449.2
58.5,137.1,449.2
58.5,128.3,449.2
58.5,136.2,449.2
58.5,126.3,449.2
58.5,134.6,449.2
58.5,124.9,449.2
58.5,134.1,449.2
58.5,122.8,449.2
58.5,132.2,449.2
58.5,121.8,449.2
58.5,130.8,449.2
58.5,120.5,449.2
58.6,129.4,449.2
58.6,138.5,449.2
58.6,131.2,449.2
58.6,137.0,449.2
58.6,127.7,449.2
58.6,136.5,449.2
58.6,125.4,449.2
58.6,134.3,449.2
58.6,123.5,449.2
58.6,132.7,449.2
58.6,122.7,449.2
58.6,131.6,449.2
58.6,120.7,449.2
58.7,129.2,449.2
58.7,138.7,449.2
58.7,131.5,449.2
58.7,137.6,449.2
58.7,128.0,449.2
58.7,136.9,449.2
58.7,124.3,449.2
58.7,133.7,449.2
58.7,123.8,449.2
58.7,132.5,449.2
58.7,122.5,449.2
58.7,131.5,449.2
58.7,121.3,449.2
58.8,130.1,449.2
58.8,139.3,449.2
58.8,132.1,449.2
58.8,138.0,449.2
58.8,128.8,449.2
58.8,136.9,449.2
58.8,125.8,449.2
58.8,134.9,449.2
58.8,123.8,449.2
58.8,132.8,449.2
58.8,122.0,449.2
58.8,130.5,449.2
58.8,138.2,449.2
58.8,133.2,449.2
58.9,136.3,449.2
58.9,129.6,449.2
58.9,136.9,449.2
58.9,127.0,449.2
58.9,135.9,449.2
58.9,123.3,449.2
58.9,132.4,449.2
58.9,123.2,449.2
58.9,130.9,449.2
58.9,137.6,449.2
58.9,133.6,449.2
58.9,136.4,449.2
58.9,130.5,449.2
59.0,135.5,449.2
59.0,127.6,449.2
59.0,135.2,449.2
59.0,125.2,449.2
59.0,133.8,449.2
59.0,123.4,449.2
59.0,132.3,449.2
59.0,122.3,449.2
59.0,131.5,449.2
59.0,135.8,449.2
59.0,132.5,449.2
59.0,136.9,449.2
59.0,129.3,449.2
59.1,133.1,449.2
59.1,127.0,449.2
59.1,133.5,449.2
59.1,123.9,449.2
59.1,129.4,449.3
59.1,121.8,449.3
59.1,126.6,449.3
59.1,122.9,449.3
59.1,123.7,449.3
59.1,120.9,449.3
59.1,122.9,449.3
59.1,120.7,449.3
59.2,122.6,449.3
59.2,121.5,449.3
59.2,123.6,449.3
59.2,119.6,449.3
59.2,126.5,449.3
59.2,118.9,449.3
59.2,126.7,449.3
59.2,118.4,449.3
59.2,126.5,449.3
59.2,118.1,449.3
59.2,127.0,449.3
59.2,118.2,449.3
59.3,125.9,449.3
59.3,133.8,449.3
59.3,129.5,449.3
59.3,135.5,449.3
59.3,126.4,449.3
59.3,135.1,449.3
59.3,124.0,449.3
59.3,132.0,449.3
59.3,122.9,449.3
59.3,131.5,449.3
59.3,122.0,449.3
59.3,131.1,449.3
59.3,138.7,449.3
59.3,133.0,449.3
59.4,137.6,449.3
59.4,129.5,449.3
59.4,136.6,449.3
59.4,126.9,449.3
59.4,136.2,449.3
59.4,124.5,449.3
59.4,134.0,449.3
59.4,122.9,449.3
59.4,132.0,449.3
59.4,121.2,449.3
59.4,130.3,449.3
59.4,138.2,449.3
59.4,131.1,449.3
59.5,138.2,449.3
59.5,128.3,449.3
59.5,137.3,449.3
59.5,125.7,449.3
59.5,134.4,449.3
59.5,123.7,449.3
59.5,132.9,449.5
59.5,122.5,449.5
59.5,130.2,449.5
59.5,136.8,449.5
59.5,133.3,449.5
59.5,137.5,449.5
59.5,129.9,449.5
59.6,136.6,449.5
59.6,125.5,449.5
59.6,133.1,449.5
59.6,124.0,449.5
59.6,133.1,449.5
59.6,123.7,449.5
59.6,133.1,449.5
59.6,136.5,449.5
59.6,133.6,449.5
59.6,135.6,449.5
59.6,129.3,449.5
59.6,136.4,449.5
59.6,126.7,449.5
59.7,134.4,449.5
59.7,124.5,449.5
59.7,133.7,449.5
59.7,123.4,449.5
59.7,131.5,449.5
59.7,122.6,449.5
59.7,131.1,449.5
59.7,137.3,449.5
59.7,132.2,449.5
59.7,134.8,449.5
59.7,129.3,449.5
59.7,133.7,449.5
59.7,126.9,449.5
59.8,133.0,449.5
59.8,124.9,449.5
59.8,133.0,449.5
59.8,123.8,449.5
59.8,133.1,449.5
59.8,121.1,449.5
59.8,130.6,449.5
59.8,120.6,449.5
59.8,130.0,449.5
59.8,134.8,449.5
59.8,130.9,449.5
59.8,134.2,449.5
59.9,126.1,449.6
59.9,133.5,449.6
59.9,124.4,449.6
59.9,133.0,449.6
59.9,123.3,449.6
59.9,132.5,449.6
59.9,122.1,449.6
59.9,130.4,449.6
59.9,121.7,449.6
59.9,130.1,449.6
59.9,120.5,449.6
59.9,128.4,449.6
59.9,136.0,449.6
59.9,130.9,449.6
60.0,135.6,449.7
60.0,127.9,449.7
60.0,134.8,449.7
60.0,125.5,449.7
60.0,134.6,449.7
60.0,123.5,449.7
60.0,132.9,449.7
60.0,122.8,449.7
60.0,132.0,449.7
60.0,136.3,449.7
60.0,133.4,449.7
60.0,136.3,449.7
60.0,129.8,449.7
60.1,132.5,449.8
60.1,127.0,449.8
60.1,130.2,449.8
60.1,125.2,449.8
60.1,126.0,449.8
60.1,123.7,449.8
60.1,122.2,449.8
60.1,122.3,449.8
60.1,121.8,449.7
60.1,121.5,449.2
60.1,122.6,449.0
60.1,122.7,449.0
60.2,123.4,449.0
60.2,122.0,449.0
60.2,124.7,449.0
60.2,121.1,449.0
60.2,126.0,449.0
60.2,127.5,449.0
60.2,127.3,449.0
60.2,129.2,449.0
60.2,128.1,449.0
60.2,127.8,449.0
60.2,128.2,449.0
60.2,128.5,449.0
60.2,128.0,449.0
60.3,128.6,449.0
60.3,126.3,449.0
60.3,130.2,449.0
60.3,130.8,449.0
60.3,130.0,449.0
60.3,130.9,449.0
60.3,131.6,449.0
60.3,130.6,449.0
60.3,131.0,449.0
60.3,130.8,449.0
60.3,129.6,449.0
60.3,131.8,449.0
60.3,128.1,449.1
60.4,131.9,449.1
60.4,132.7,449.1
60.4,131.1,449.1
60.4,132.1,449.0
60.4,133.5,449.0
60.4,132.3,449.0
60.4,133.0,449.0
60.4,132.1,449.0
60.4,130.6,449.0
60.4,131.5,449.0
60.4,128.3,449.0
60.4,130.8,449.0
60.4,130.4,449.0
60.5,130.4,449.0
60.5,131.7,449.0
60.5,130.5,449.0
60.5,131.3,449.0
60.5,130.6,449.0
60.5,131.9,449.0
60.5,132.3,449.0
60.5,129.6,449.0
60.5,129.7,449.0
60.5,131.5,449.0
60.5,128.1,449.0
60.5,131.0,449.0
60.5,133.6,449.0
60.6,130.3,449.1
60.6,131.7,449.0
60.6,130.6,448.9
60.6,132.4,448.9
60.6,133.2,448.9
60.6,132.4,448.9
60.6,130.6,448.9
60.6,132.3,448.9
60.6,127.6,448.9
60.6,131.6,448.9
60.6,133.0,448.9
60.6,130.5,448.9
60.6,131.6,448.9
60.7,130.9,448.9
60.7,132.4,448.9
60.7,132.2,448.9
60.7,132.4,448.9
60.7,132.3,448.9
60.7,131.7,448.9
60.7,130.2,448.9
60.7,132.6,448.9
60.7,133.0,448.9
60.7,131.7,448.9
60.7,132.7,448.9
60.7,131.3,448.9
60.7,131.9,448.9
60.8,131.5,448.9
60.8,131.6,448.9
60.8,131.5,448.9
60.8,131.0,448.9
60.8,129.2,448.9
60.8,131.0,448.9
60.8,127.9,448.9
60.8,131.6,448.9
60.8,132.3,448.9
60.8,131.2,448.9
60.8,131.8,448.9
60.8,130.7,448.9
60.8,131.2,448.9
60.8,131.8,448.9
60.9,131.1,448.9
60.9,130.8,448.9
60.9,129.8,448.9
60.9,128.7,448.9
60.9,130.8,448.9
60.9,126.2,448.9
60.9,131.2,449.0
60.9,132.2,449.0
60.9,129.6,449.0
60.9,130.1,449.0
60.9,130.5,449.0
60.9,131.2,449.0
60.9,131.4,449.0
61.0,131.1,449.0
61.0,130.4,449.0
61.0,130.7,449.0
61.0,127.1,449.0
61.0,131.0,449.0
61.0,126.8,449.0
61.0,130.9,449.0
61.0,132.5,449.0
61.0,129.6,449.0
61.0,130.7,449.0
61.0,129.5,449.0
61.0,131.9,449.0
61.1,129.9,449.0
61.1,129.6,449.0
61.1,128.0,449.0
61.1,126.2,449.0
61.1,126.8,449.0
61.1,123.3,449.0
61.1,122.5,449.0
61.1,121.1,449.0
61.1,120.2,449.2
61.1,120.9,449.2
61.1,120.2,449.2
61.1,121.4,449.2
61.2,121.8,449.2
61.2,123.0,449.2
61.2,122.1,449.2
61.2,123.8,449.2
61.2,124.8,449.2
61.2,125.1,449.2
61.2,124.9,449.2
61.2,127.1,449.2
61.2,123.2,449.2
61.2,127.8,449.2
61.2,128.6,449.3
61.2,127.2,449.3
61.2,129.1,449.3
61.3,128.2,449.3
61.3,129.0,449.3
61.3,130.1,449.3
61.3,128.5,449.3
61.3,128.2,449.3
61.3,128.5,449.3
61.3,127.8,449.3
61.3,129.2,449.3
61.3,125.7,449.3
61.3,129.3,449.3
61.3,129.5,449.3
61.3,128.6,449.3
61.3,130.7,449.3
61.4,127.8,449.3
61.4,128.9,449.3
61.4,128.8,449.2
61.4,128.6,449.2
61.4,128.2,449.2
61.4,129.8,449.2
61.4,127.2,449.2
61.4,128.6,449.3
61.4,127.3,449.3
61.4,130.0,449.3
61.4,125.9,449.3
61.4,128.7,449.3
61.4,130.8,449.3
61.5,128.3,449.3
61.5,128.4,449.3
61.5,127.4,449.3
61.5,128.8,449.3
61.5,129.2,449.3
61.5,129.5,449.3
61.5,131.2,449.3
61.5,129.4,449.3
61.5,128.2,449.3
61.5,131.0,449.3
61.5,126.7,449.3
61.5,128.9,449.3
61.5,129.0,449.5
61.6,128.9,449.5
61.6,130.4,449.5
61.6,131.4,449.5
61.6,130.8,449.5
61.6,130.4,449.5
61.6,129.6,449.5
61.6,130.4,449.5
61.6,129.9,449.5
61.6,130.2,449.5
61.6,130.0,449.5
61.6,126.8,449.5
61.6,130.3,449.5
61.6,131.7,449.5
61.7,130.7,449.5
61.7,131.4,449.5
61.7,131.0,449.5
61.7,131.3,449.5
61.7,132.1,449.5
61.7,130.2,449.5
61.7,131.7,449.5
61.7,130.4,449.5
61.7,129.1,449.5
61.7,129.7,449.5
61.7,127.1,449.5
61.7,129.7,449.5
61.7,130.1,449.5
61.8,129.3,449.5
61.8,130.0,449.5
61.8,128.9,449.5
61.8,129.8,449.6
61.8,131.0,449.6
61.8,130.2,449.5
61.8,130.7,449.5
61.8,130.3,449.5
61.8,129.1,449.5
61.8,130.1,449.5
61.8,127.2,449.5
61.8,129.7,449.5
61.8,125.9,449.5
61.9,130.0,449.5
61.9,129.7,449.5
61.9,128.8,449.5
61.9,129.9,449.5
61.9,129.3,449.5
61.9,129.2,449.5
61.9,129.4,449.5
61.9,128.7,449.6
61.9,129.0,449.6
61.9,128.6,449.6
61.9,127.4,449.6
61.9,128.8,449.6
61.9,127.2,449.6
62.0,129.7,449.6
62.0,130.8,449.6
62.0,129.1,449.6
62.0,130.5,449.6
62.0,129.5,449.6
62.0,131.9,449.6
62.0,130.4,449.6
62.0,130.8,449.6
62.0,129.8,449.7
62.0,130.7,449.7
62.0,129.0,449.7
62.0,131.1,449.7
62.0,127.3,449.7
62.1,131.2,449.7
62.1,131.7,449.7
62.1,130.0,449.7
62.1,130.0,449.7
62.1,128.0,449.7
62.1,127.7,449.7
62.1,125.7,449.7
62.1,124.8,449.7
62.1,123.4,449.7
62.1,117.9,449.7
62.1,122.2,449.7
62.1,122.4,449.7
62.2,122.5,449.7
62.2,118.1,449.7
62.2,123.1,449.7
62.2,118.5,449.7
62.2,124.3,449.7
62.2,117.3,449.5
62.2,124.9,449.5
62.2,117.1,449.5
62.2,124.6,449.5
62.2,116.9,449.5
62.2,124.1,449.5
62.2,131.2,449.5
62.2,128.5,449.5
62.3,132.5,449.5
62.3,126.5,449.5
62.3,131.3,449.5
62.3,124.8,449.5
62.3,131.8,449.6
62.3,122.6,449.6
62.3,130.3,449.6
62.3,121.9,449.6
62.3,129.4,449.6
62.3,121.1,449.6
62.3,128.4,449.6
62.3,136.0,449.6
62.3,132.5,449.6
62.4,136.6,449.6
62.4,128.4,449.6
62.4,134.2,449.6
62.4,127.3,449.6
62.4,134.2,449.6
62.4,123.6,449.5
62.4,131.9,449.5
62.4,123.3,449.5
62.4,130.0,449.5
62.4,136.2,449.5
62.4,133.0,449.5
62.4,136.3,449.5
62.4,130.1,449.5
62.5,135.5,449.5
62.5,126.9,449.5
62.5,135.0,449.5
62.5,124.3,449.5
62.5,132.4,449.5
62.5,123.0,449.6
62.5,129.1,449.6
62.5,122.4,449.6
62.5,128.8,449.6
62.5,134.6,449.6
62.5,133.6,449.6
62.5,135.6,449.6
62.6,128.7,449.6
62.6,135.8,449.6
62.6,126.1,449.6
62.6,131.9,449.6
62.6,125.0,449.6
62.6,132.4,449.6
62.6,122.7,449.6
62.6,129.6,449.6
62.6,135.3,449.4
62.6,133.6,449.4
62.6,138.5,449.4
62.6,129.9,449.4
62.6,138.1,449.4
62.6,129.5,449.4
62.7,137.1,449.4
62.7,125.6,449.4
62.7,134.1,449.4
62.7,124.8,449.4
62.7,132.9,449.4
62.7,123.4,449.4
62.7,132.0,449.4
62.7,138.6,449.4
62.7,132.8,449.4
62.7,137.1,449.4
62.7,130.2,449.4
62.7,136.5,449.4
62.7,126.6,449.4
62.8,135.4,449.4
62.8,125.1,449.4
62.8,134.0,449.4
62.8,123.6,449.4
62.8,132.6,449.4
62.8,138.4,449.4
62.8,133.5,449.4
62.8,137.6,449.4
62.8,130.5,449.4
62.8,136.4,449.4
62.8,127.0,449.4
62.8,136.2,449.4
62.8,124.8,449.4
62.9,134.4,449.4
62.9,121.8,449.4
62.9,131.1,449.5
62.9,137.8,449.5
62.9,134.2,449.5
62.9,136.5,449.5
62.9,130.9,449.5
62.9,135.9,449.5
62.9,126.7,449.5
62.9,136.0,449.5
62.9,125.9,449.5
62.9,134.5,449.5
62.9,122.6,449.5
63.0,131.7,449.5
63.0,122.5,449.5
63.0,131.3,449.5
63.0,120.0,449.5
63.0,129.1,449.5
63.0,138.5,449.5
63.0,131.1,449.5
63.0,136.9,449.5
63.0,128.1,449.5
63.0,136.9,449.5
63.0,124.9,449.5
63.0,133.4,449.5
63.0,123.4,449.5
63.1,131.4,449.5
63.1,122.6,449.5
63.1,130.1,449.5
63.1,137.1,449.5
63.1,132.6,449.5
63.1,133.2,449.5
63.1,129.9,449.5
63.1,116.3,449.5
63.1,123.9,449.5
63.1,115.5,449.5
63.1,123.7,449.5
63.1,116.4,449.5
63.2,123.7,449.5
63.2,115.9,449.5
63.2,123.0,449.5
63.2,116.8,449.5
63.2,124.3,449.5
63.2,116.2,449.6
63.2,124.7,449.6
63.2,115.7,449.6
63.2,124.7,449.6
63.2,116.1,449.6
63.2,124.8,449.6
63.2,131.7,449.6
63.2,127.3,449.6
63.3,132.8,449.6
63.3,125.0,449.6
63.3,132.3,449.6
63.3,123.2,449.6
63.3,131.1,449.6
63.3,121.7,449.6
63.3,130.6,449.6
63.3,121.3,449.6
63.3,130.0,449.6
63.3,134.4,449.6
63.3,128.2,449.0
63.3,133.6,448.9
63.4,126.5,448.8
63.4,130.8,448.8
63.4,125.9,448.8
63.4,131.9,448.8
63.4,125.2,448.8
63.4,131.6,448.8
63.4,121.8,448.7
63.4,127.9,448.7
63.4,123.4,448.7
63.4,131.4,448.7
63.4,138.7,448.7
63.4,133.9,448.7
63.4,137.3,448.7
63.4,129.9,448.7
63.5,136.4,448.7
63.5,127.2,448.7
63.5,134.7,448.7
63.5,123.6,448.7
63.5,130.8,448.7
63.5,124.2,448.7
63.5,132.8,448.7
63.5,122.2,448.7
63.5,130.5,448.7
63.5,138.0,448.7
63.5,132.0,448.7
63.5,138.5,448.7
63.5,130.2,448.7
63.6,137.2,448.7
63.6,126.7,448.7
63.6,135.5,448.7
63.6,124.9,448.7
63.6,133.6,448.7
63.6,123.5,448.7
63.6,132.7,448.7
63.6,121.4,448.7
63.6,130.4,448.7
63.6,139.7,448.7
63.6,131.3,448.7
63.6,138.4,448.7
63.6,128.1,448.7
63.7,137.3,448.7
63.7,125.0,448.7
63.7,134.2,448.7
63.7,124.6,448.7
63.7,133.4,448.7
63.7,138.8,448.7
63.7,133.8,448.7
63.7,137.8,448.7
63.7,130.9,448.7
63.7,136.4,448.7
63.7,128.1,448.7
63.7,136.1,448.7
63.7,124.8,448.7
63.8,133.7,448.7
63.8,123.3,448.8
63.8,131.4,448.8
63.8,121.9,448.8
63.8,130.2,448.8
63.8,138.8,448.8
63.8,132.6,448.8
63.8,137.1,448.8
63.8,128.7,448.8
63.8,137.0,448.8
63.8,126.9,448.8
63.8,135.5,448.8
63.8,124.3,448.8
63.9,133.2,448.8
63.9,123.1,448.8
63.9,131.9,448.8
63.9,121.9,448.8
63.9,130.6,448.8
63.9,138.3,448.8
63.9,131.5,448.8
63.9,137.6,448.8
63.9,129.5,448.8
63.9,136.7,448.8
63.9,126.3,448.8
63.9,134.5,448.8
63.9,123.7,448.8
64.0,132.2,448.8
64.0,122.7,448.8
64.0,131.5,448.8
64.0,121.5,448.8
64.0,130.4,448.8
64.0,137.7,448.8
64.0,131.6,448.8
64.0,135.8,448.8
64.0,129.4,448.8
64.0,135.8,448.8
64.0,126.4,448.8
64.0,134.8,448.8
64.0,123.0,448.8
64.1,130.5,448.8
64.1,122.9,448.8
64.1,131.7,448.8
64.1,120.8,448.8
64.1,128.6,448.8
64.1,120.5,448.8
64.1,129.4,448.8
64.1,119.0,448.8
64.1,127.8,448.8
64.1,118.7,448.9
64.1,127.3,448.8
64.1,118.0,448.9
64.2,125.8,448.9
64.2,117.7,448.9
64.2,125.6,448.9
64.2,116.8,448.9
64.2,124.7,448.9
64.2,117.6,448.9
64.2,125.7,448.9
64.2,117.0,448.9
64.2,126.0,448.9
64.2,131.8,448.9
64.2,127.7,448.9
64.2,132.0,448.9
64.2,125.5,448.9
64.3,131.2,448.9
64.3,123.6,448.9
64.3,130.7,448.9
64.3,123.7,448.9
64.3,132.2,448.9
64.3,120.8,448.9
64.3,128.1,448.9
64.3,135.3,448.9
64.3,133.3,448.9
64.3,135.7,448.9
64.3,128.6,448.9
64.3,134.8,448.9
64.3,126.6,448.9
64.4,134.8,448.9
64.4,123.4,448.9
64.4,131.9,448.9
64.4,122.8,448.9
64.4,131.8,448.9
64.4,123.2,448.9
64.4,132.7,448.9
64.4,138.0,448.9
64.4,133.0,448.9
64.4,137.1,448.9
64.4,129.7,448.9
64.4,136.1,448.9
64.4,126.9,448.9
64.5,135.7,448.9
64.5,124.6,448.9
64.5,133.4,448.9
64.5,123.4,448.9
64.5,132.3,448.9
64.5,121.0,448.9
64.5,130.2,449.1
64.5,137.4,449.1
64.5,131.0,449.1
64.5,136.4,449.1
64.5,127.7,449.1
64.5,134.0,449.1
64.5,126.7,449.1
64.6,135.0,449.1
64.6,123.3,449.1
64.6,130.6,449.1
64.6,123.3,449.1
64.6,131.6,449.1
64.6,135.5,449.1
64.6,133.2,449.1
64.6,136.4,449.1
64.6,130.1,449.1
64.6,135.5,449.1
64.6,126.0,449.1
64.6,134.1,449.1
64.6,125.3,449.1
64.7,133.3,449.1
64.7,123.5,449.1
64.7,130.3,449.1
64.7,121.9,449.1
64.7,130.3,449.1
64.7,121.6,449.1
64.7,130.5,449.1
64.7,138.0,449.1
64.7,132.1,449.1
64.7,135.7,449.1
64.7,128.2,449.1
64.7,134.6,449.1
64.7,125.6,449.1
64.8,133.3,449.1
64.8,123.8,449.1
64.8,131.6,449.1
64.8,123.5,449.1
64.8,131.6,449.1
64.8,120.9,449.1
64.8,129.0,449.1
64.8,120.6,449.1
64.8,129.1,449.1
64.8,135.8,449.1
64.8,130.7,449.1
64.8,134.5,449.1
64.8,127.4,449.1
64.9,134.7,449.1
64.9,126.7,449.1
64.9,131.3,449.1
64.9,123.6,449.2
64.9,132.0,449.2
64.9,121.7,449.2
64.9,130.6,449.2
64.9,120.4,449.2
64.9,129.0,449.2
64.9,119.9,449.2
64.9,126.7,449.2
64.9,134.2,449.2
64.9,132.3,449.2
65.0,134.8,449.2
65.0,128.2,449.2
65.0,133.6,449.2
65.0,126.0,449.2
65.0,133.0,449.2
65.0,124.0,449.2
65.0,131.8,449.2
65.0,122.7,449.2
65.0,131.9,449.3
65.0,121.5,449.3
65.0,128.6,449.3
65.0,135.6,449.3
65.0,130.7,449.3
65.1,133.6,449.3
65.1,127.6,449.3
65.1,131.5,449.3
65.1,126.5,449.3
65.1,129.5,449.3
65.1,124.9,449.4
65.1,126.7,449.4
65.1,123.6,449.4
65.1,123.3,449.4
65.1,122.6,449.4
65.1,120.7,449.4
65.2,121.4,449.4
65.2,120.3,449.3
65.2,121.2,449.3
65.2,120.9,449.3
65.2,121.7,449.3
65.2,121.1,449.3
65.2,122.1,449.3
65.2,122.1,449.3
65.2,123.2,449.3
65.2,122.9,449.3
65.2,124.3,449.3
65.2,125.6,449.3
65.2,124.1,449.3
65.3,125.3,449.3
65.3,127.2,449.3
65.3,126.5,449.3
65.3,127.6,449.3
65.3,128.6,449.3
65.3,128.0,449.4
65.3,128.9,449.4
65.3,128.9,449.4
65.3,129.3,449.4
65.3,128.8,449.4
65.3,129.2,449.4
65.3,129.5,449.4
65.3,130.6,449.4
65.4,129.3,449.3
65.4,130.4,449.3
65.4,129.9,449.3
65.4,130.3,449.3
65.4,130.4,449.3
65.4,129.8,449.3
65.4,132.0,449.3
65.4,131.2,449.3
65.4,130.2,449.3
65.4,130.0,449.3
65.4,132.0,449.3
65.4,130.0,449.3
65.4,131.9,449.3
65.5,130.4,449.3
65.5,128.9,449.3
65.5,127.8,449.4
65.5,129.8,449.4
65.5,129.2,449.4
65.5,129.7,449.4
65.5,129.5,449.4
65.5,128.7,449.4
65.5,129.7,449.4
65.5,129.0,449.4
65.5,129.3,449.4
65.5,130.7,449.4
65.5,130.1,449.4
65.6,129.7,449.4
65.6,129.4,449.4
65.6,129.8,449.2
65.6,130.8,449.2
65.6,131.3,449.2
65.6,130.7,449.2
65.6,131.5,449.2
65.6,130.3,449.2
65.6,131.0,449.2
65.6,130.6,449.2
65.6,131.1,449.2
65.6,130.5,449.2
65.6,131.3,449.2
65.7,129.5,449.2
65.7,130.7,449.2
65.7,131.1,449.2
65.7,130.4,449.2
65.7,131.1,449.2
65.7,129.6,449.2
65.7,130.5,449.2
65.7,130.4,449.2
65.7,130.3,449.2
65.7,130.3,449.2
65.7,131.3,449.2
65.7,129.6,449.2
65.7,130.7,449.2
65.8,130.8,449.2
65.8,130.4,449.2
65.8,130.8,449.2
65.8,129.9,449.2
65.8,130.1,449.2
65.8,129.1,449.2
65.8,130.0,449.2
65.8,129.4,449.2
65.8,130.0,449.2
65.8,129.2,449.2
65.8,130.4,449.2
65.8,129.1,449.2
65.8,130.0,449.2
65.9,128.9,449.2
65.9,129.7,449.2
65.9,130.4,449.2
65.9,129.7,449.2
65.9,130.3,449.2
65.9,129.6,449.2
65.9,130.9,449.2
65.9,129.3,449.2
65.9,129.9,449.2
65.9,129.4,449.2
65.9,130.2,449.2
65.9,129.1,449.2
65.9,128.6,449.3
66.0,128.9,449.3
66.0,128.1,449.3
66.0,130.0,449.3
66.0,129.3,449.3
66.0,129.7,449.3
66.0,127.7,449.3
66.0,129.6,449.3
66.0,129.3,449.3
66.0,130.1,449.3
66.0,129.2,449.3
66.0,129.2,449.3
66.0,128.6,449.3
66.0,129.7,449.3
66.1,129.0,449.3
66.1,128.2,449.3
66.1,127.9,449.3
66.1,129.9,449.3
66.1,130.3,449.3
66.1,127.5,449.3
66.1,128.2,449.3
66.1,124.5,449.3
66.1,124.5,449.3
66.1,122.2,449.3
66.1,120.3,449.3
66.1,120.2,449.5
66.2,118.3,449.5
66.2,119.0,449.5
66.2,119.0,449.5
66.2,118.6,449.5
66.2,118.4,449.5
66.2,119.9,449.6
66.2,119.9,449.6
66.2,122.6,449.6
66.2,121.3,449.6
66.2,123.0,449.6
66.2,124.1,449.6
66.2,124.4,449.6
66.2,126.6,449.6
66.3,125.1,449.6
66.3,126.4,449.6
66.3,126.4,449.6
66.3,128.5,449.6
66.3,128.0,449.6
66.3,126.8,449.6
66.3,127.4,449.6
66.3,128.3,449.6
66.3,128.4,449.6
66.3,128.1,449.6
66.3,129.6,449.6
66.3,127.9,449.6
66.4,128.3,449.6
66.4,127.5,449.6
66.4,128.1,449.5
66.4,127.2,449.5
66.4,128.5,449.5
66.4,127.6,449.5
66.4,128.3,449.6
66.4,127.3,449.6
66.4,127.9,449.6
66.4,127.6,449.6
66.4,128.5,449.6
66.4,126.7,449.6
66.4,128.1,449.6
66.5,128.0,449.6
66.5,128.0,449.6
66.5,128.3,449.6
66.5,127.9,449.6
66.5,128.0,449.6
66.5,128.5,449.6
66.5,127.5,449.6
66.5,128.6,449.6
66.5,129.4,449.6
66.5,127.4,449.6
66.5,128.2,449.6
66.5,127.5,449.6
66.5,128.3,449.8
66.6,127.2,449.8
66.6,128.9,449.8
66.6,128.8,449.8
66.6,128.6,449.8
66.6,129.4,449.8
66.6,128.3,449.8
66.6,130.5,449.8
66.6,128.5,449.8
66.6,129.5,449.8
66.6,128.9,449.8
66.6,130.6,449.8
66.6,128.5,449.8
66.6,128.4,449.8
66.7,128.3,449.8
66.7,129.8,449.8
66.7,128.9,449.8
66.7,130.8,449.8
66.7,129.7,449.8
66.7,129.1,449.8
66.7,130.7,449.8
66.7,128.5,449.8
66.7,129.5,449.8
66.7,128.5,449.9
66.7,129.4,449.9
66.7,128.7,449.9
66.7,129.5,449.9
66.8,128.7,449.9
66.8,130.0,449.8
66.8,128.8,449.8
66.8,129.6,449.8
66.8,130.0,449.8
66.8,129.3,449.8
66.8,129.4,449.8
66.8,128.9,449.8
66.8,129.0,449.8
66.8,128.4,449.8
66.8,128.9,449.8
66.8,128.3,449.8
66.8,128.6,449.8
66.9,127.6,449.8
66.9,128.2,449.8
66.9,127.7,449.8
66.9,128.9,449.8
66.9,127.3,449.8
66.9,128.4,449.9
66.9,127.5,449.9
66.9,128.3,449.9
66.9,128.6,449.9
66.9,128.1,449.9
66.9,128.6,449.9
66.9,128.1,449.9
66.9,128.5,449.9
67.0,127.8,449.9
67.0,128.6,449.9
67.0,127.4,449.9
67.0,128.7,449.9
67.0,127.6,449.4
67.0,122.6,449.3
67.0,127.1,449.1
67.0,120.7,449.1
67.0,126.5,449.1
67.0,121.0,449.1
67.0,127.8,449.1
67.0,120.7,449.1
67.1,128.5,449.2
67.1,119.2,449.1
67.1,125.4,449.2
67.1,119.1,449.2
67.1,127.0,449.2
67.1,133.7,449.2
67.1,130.0,449.2
67.1,132.6,449.2
67.1,127.6,449.2
67.1,126.8,449.2
67.1,126.5,449.2
67.1,124.2,449.2
67.2,123.8,449.2
67.2,123.0,449.2
67.2,123.0,449.2
67.2,122.1,449.2
67.2,122.8,449.1
67.2,122.7,449.1
67.2,123.8,449.0
67.2,123.7,449.0
67.2,124.5,449.0
67.2,124.5,449.0
67.2,125.4,449.0
67.2,125.0,449.0
67.2,126.3,449.0
67.3,125.5,449.0
67.3,126.8,449.0
67.3,126.8,449.0
67.3,126.7,449.0
67.3,127.4,449.0
67.3,126.8,449.0
67.3,127.6,449.0
67.3,126.8,449.0
67.3,127.9,449.0
67.3,126.9,449.0
67.3,127.8,449.0
67.3,126.9,449.0
67.3,127.9,449.0
67.4,126.9,449.1
67.4,127.5,449.1
67.4,128.4,449.1
67.4,121.8,449.1
67.4,129.9,449.1
67.4,121.0,449.1
67.4,129.4,449.0
67.4,119.8,449.0
67.4,129.0,449.0
67.4,118.8,449.0
67.4,127.6,449.0
67.4,119.0,449.0
67.5,128.0,449.0
67.5,118.3,449.0
67.5,127.1,449.0
67.5,132.4,449.0
67.5,129.0,449.0
67.5,132.6,449.0
67.5,128.0,449.0
67.5,131.4,449.0
67.5,124.8,449.0
67.5,131.7,449.0
67.5,123.0,449.0
67.5,130.2,449.0
67.5,122.8,449.0
67.6,130.2,449.0
67.6,120.6,449.0
67.6,129.6,449.0
67.6,119.7,449.0
67.6,128.7,449.0
67.6,119.0,449.0
67.6,127.3,448.9
67.6,119.8,448.9
67.6,129.2,448.9
67.6,133.5,448.9
67.6,130.2,448.9
67.6,131.2,448.9
67.6,126.9,448.9
67.7,130.8,448.9
67.7,126.2,448.9
67.7,130.1,448.9
67.7,124.3,448.9
67.7,129.6,448.9
67.7,122.8,448.9
67.7,129.4,448.9
67.7,121.2,448.9
67.7,129.4,448.9
67.7,120.1,448.9
67.7,128.3,448.9
67.7,119.1,448.9
67.8,127.5,448.9
67.8,118.6,448.9
67.8,127.0,448.9
67.8,118.6,448.9
67.8,126.9,448.9
67.8,118.3,448.9
67.8,127.1,448.9
67.8,118.0,448.9
67.8,126.9,448.9
67.8,117.3,448.9
67.8,125.9,448.9
67.8,132.3,448.9
67.8,127.0,448.9
67.9,131.2,448.9
67.9,126.6,448.9
67.9,130.0,448.9
67.9,124.8,448.9
67.9,128.1,448.9
67.9,122.2,448.9
67.9,129.0,448.9
67.9,122.0,448.9
67.9,128.5,448.9
67.9,120.9,448.9
67.9,128.0,448.9
67.9,120.0,449.0
68.0,127.3,449.0
68.0,118.3,449.0
68.0,126.6,449.0
68.0,119.1,449.0
68.0,127.4,449.0
68.0,118.6,449.0
68.0,127.4,449.0
68.0,118.0,449.0
68.0,126.7,449.0
68.0,117.7,449.0
68.0,126.3,449.0
68.0,117.3,449.0
68.1,125.9,449.0
68.1,116.3,449.0
68.1,124.8,449.0
68.1,116.3,449.0
68.1,124.2,449.0
68.1,117.2,449.0
68.1,126.1,449.0
68.1,117.0,449.0
68.1,125.6,449.0
68.1,115.6,449.0
68.1,122.1,449.0
68.1,115.8,449.0
68.2,119.5,449.0
68.2,116.2,449.0
68.2,118.0,449.0
68.2,117.7,449.0
68.2,119.4,449.0
68.2,117.1,449.0
68.2,119.2,449.0
68.2,117.6,449.0
68.2,120.3,449.0
68.2,117.5,449.0
68.2,121.0,449.0
68.2,117.8,449.0
68.3,121.9,449.0
68.3,118.0,449.0
68.3,123.6,449.0
68.3,117.6,449.0
68.3,124.4,449.1
68.3,117.6,449.0
68.3,123.7,449.1
68.3,117.4,449.1
68.3,125.1,449.1
68.3,117.1,449.1
68.3,124.2,449.1
68.3,117.3,449.1
68.4,124.8,449.1
68.4,117.0,449.0
68.4,125.7,449.0
68.4,118.0,449.0
68.4,126.2,449.0
68.4,117.3,449.0
68.4,125.6,449.0
68.4,116.5,449.0
68.4,125.6,449.0
68.4,117.0,449.0
68.4,125.8,449.0
68.4,116.6,449.0
68.5,125.5,449.0
68.5,116.4,449.0
68.5,125.3,449.0
68.5,116.4,449.0
68.5,125.1,449.0
68.5,115.1,449.0
68.5,124.0,449.0
68.5,116.0,449.0
68.5,124.9,449.0
68.5,116.6,449.0
68.5,125.5,449.0
68.5,116.6,449.0
68.6,125.5,449.0
68.6,116.7,449.0
68.6,125.8,449.0
68.6,115.9,449.0
68.6,124.8,449.0
68.6,115.1,449.0
68.6,124.1,449.0
68.6,130.2,449.0
68.6,127.7,449.0
68.6,128.6,449.0
68.6,125.6,449.0
68.6,127.2,449.0
68.6,124.3,449.0
68.7,126.0,449.0
68.7,123.2,449.0
68.7,125.3,449.0
68.7,122.4,449.0
68.7,124.8,449.0
68.7,121.7,449.0
68.7,124.1,449.0
68.7,120.8,449.0
68.7,123.6,449.0
68.7,120.0,449.0
68.7,123.5,449.0
68.7,119.9,449.0
68.8,123.5,449.0
68.8,119.6,449.0
68.8,123.0,449.0
68.8,119.4,449.0
68.8,123.2,449.0
68.8,119.0,449.0
68.8,123.2,449.0
68.8,118.5,449.0
68.8,123.3,449.0
68.8,118.6,449.0
68.8,123.1,449.0
68.8,118.6,449.0
68.9,123.0,449.0
68.9,118.3,449.0
68.9,123.4,449.0
68.9,118.1,449.0
68.9,123.5,449.0
68.9,118.1,449.0
68.9,123.5,449.0
68.9,117.3,449.0
68.9,122.8,449.0
68.9,116.7,449.0
68.9,123.7,449.0
68.9,117.9,449.1
69.0,123.3,449.1
69.0,115.9,449.1
69.0,123.5,449.1
69.0,118.1,449.1
69.0,121.4,449.1
69.0,118.1,449.1
69.0,121.1,449.1
69.0,117.9,449.1
69.0,121.5,449.1
69.0,118.0,449.1
69.0,121.9,449.1
69.0,117.9,449.1
69.1,121.5,449.1
69.1,116.8,449.1
69.1,120.4,449.1
69.1,117.6,449.1
69.1,121.5,449.1
69.1,118.8,449.1
69.1,106.7,449.1
69.1,113.6,449.1
69.1,109.0,449.1
69.1,117.3,449.1
69.1,110.3,449.1
69.2,115.0,449.1
69.2,111.7,449.1
69.2,115.1,449.1
69.2,112.9,449.1
69.2,115.9,449.1
69.2,114.0,449.1
69.2,117.6,449.1
69.2,115.7,449.1
69.2,117.2,449.1
69.2,114.4,449.1
69.2,117.7,449.2
69.2,116.3,449.2
69.3,118.6,449.2
69.3,116.9,449.2
69.3,118.9,449.2
69.3,117.2,449.2
69.3,119.8,449.2
69.3,117.8,449.2
69.3,119.7,449.2
69.3,118.0,449.2
69.3,119.8,449.2
69.3,119.2,449.2
69.3,107.9,449.2
69.4,115.8,449.2
69.4,106.8,449.2
69.4,114.0,449.2
69.4,111.7,449.2
69.4,120.2,449.2
69.4,111.3,449.1
69.4,119.9,449.1
69.4,113.3,449.1
69.4,121.2,449.1
69.4,113.9,449.1
69.4,122.7,449.1
69.4,113.5,449.1
69.5,121.6,449.1
69.5,114.5,449.1
69.5,123.2,449.1
69.5,114.5,449.1
69.5,123.3,449.1
69.5,114.8,449.1
69.5,123.8,449.3
69.5,114.6,449.3
69.5,122.3,449.3
69.5,114.3,449.3
69.5,122.9,449.3
69.5,114.4,449.3
69.6,123.0,449.3
69.6,114.8,449.3
69.6,123.6,449.3
69.6,115.0,449.3
69.6,123.9,449.3
69.6,116.0,449.3
69.6,124.9,449.3
69.6,116.0,449.3
69.6,125.1,449.3
69.6,114.9,449.3
69.6,123.5,449.3
69.6,115.0,449.3
69.7,123.7,449.3
69.7,115.4,449.3
69.7,123.1,449.4
69.7,116.3,449.3
69.7,125.1,449.4
69.7,116.2,449.4
69.7,124.0,449.4
69.7,115.8,449.4
69.7,123.9,449.4
69.7,115.4,449.4
69.7,123.2,449.4
69.7,115.6,449.4
69.8,123.6,449.4
69.8,115.9,449.4
69.8,124.8,449.4
69.8,115.8,449.4
69.8,124.5,449.4
69.8,115.8,449.4
69.8,123.8,449.4
69.8,116.3,449.4
69.8,124.9,449.4
69.8,115.9,449.4
69.8,124.6,449.4
69.8,115.8,449.4
69.9,124.2,449.4
69.9,115.8,449.4
69.9,124.3,449.4
69.9,116.8,449.4
69.9,122.9,449.4
69.9,115.8,449.4
69.9,123.0,449.4
69.9,116.0,449.4
69.9,122.8,449.4
69.9,116.0,449.4
69.9,123.2,449.4
69.9,116.1,449.5
70.0,122.8,449.5
70.0,116.3,449.5
70.0,123.0,449.5
70.0,116.5,449.5
70.0,123.6,449.5
70.0,116.4,449.5
70.0,123.4,449.5
70.0,116.4,449.5
70.0,123.6,449.5
70.0,116.6,449.5
70.0,122.6,449.5
70.0,116.7,449.5
70.1,122.1,449.6
70.1,116.7,449.6
70.1,123.3,449.6
70.1,116.6,449.6
70.1,121.5,449.6
70.1,117.0,449.6
70.1,119.7,449.6
70.1,117.6,449.5
70.1,116.6,449.5
70.1,115.5,449.5
70.1,113.1,449.5
70.2,111.7,449.5
70.2,112.3,449.5
70.2,111.6,449.6
70.2,112.7,449.6
70.2,112.6,449.6
70.2,114.1,449.6
70.2,115.2,449.6
70.2,112.5,449.6
70.2,116.8,449.6
70.2,113.6,449.6
70.2,117.2,449.6
70.2,114.3,449.6
70.3,118.5,449.6
70.3,115.1,449.6
70.3,119.2,449.6
70.3,115.6,449.6
70.3,119.7,449.6
70.3,116.5,449.6
70.3,120.0,449.6
70.3,116.7,449.6
70.3,120.4,449.6
70.3,117.2,449.6
70.3,120.6,449.6
70.3,117.4,449.6
70.4,120.7,449.6
70.4,117.8,449.6
70.4,121.0,449.6
70.4,117.8,449.6
70.4,120.9,449.6
70.4,118.8,449.6
70.4,120.6,449.6
70.4,117.8,449.6
70.4,120.5,449.6
70.4,118.0,449.6
70.4,121.1,449.6
70.4,118.2,449.6
70.5,122.2,449.6
70.5,118.4,449.6
70.5,121.7,449.6
70.5,118.0,449.6
70.5,121.1,449.6
70.5,118.3,449.6
70.5,121.8,449.6
70.5,118.0,449.6
70.5,120.5,449.6
70.5,118.4,449.6
70.5,121.8,449.6
70.5,118.2,449.6
70.6,120.6,449.6
70.6,118.5,449.6
70.6,121.4,449.6
70.6,118.5,449.5
70.6,121.4,449.5
70.6,119.4,449.5
70.6,121.3,449.5
70.6,119.2,449.5
70.6,121.4,449.5
70.6,119.2,449.5
70.6,121.3,449.5
70.6,119.2,449.5
70.7,121.3,449.5
70.7,118.9,449.5
70.7,120.8,449.5
70.7,119.0,449.5
70.7,120.7,449.5
70.7,118.8,449.5
70.7,120.5,449.5
70.7,118.7,449.5
70.7,120.8,449.5
70.7,118.8,449.5
70.7,120.6,449.5
70.7,118.4,449.5
70.8,120.0,449.5
70.8,118.7,449.5
70.8,108.0,449.5
70.8,115.4,449.5
70.8,122.3,449.5
70.8,121.5,449.5
70.8,121.9,449.5
70.8,122.2,449.5
70.8,121.4,449.5
70.8,122.0,449.5
70.8,120.8,449.5
70.8,121.6,449.5
70.9,122.2,449.5
70.9,119.9,449.5
70.9,122.1,449.5
70.9,119.4,449.5
70.9,121.3,449.5
70.9,119.1,449.5
70.9,108.6,449.5
70.9,116.4,449.5
70.9,109.2,449.5
70.9,116.7,449.5
70.9,125.1,449.5
70.9,123.0,449.5
71.0,123.9,449.5
71.0,121.5,449.6
71.0,122.7,449.6
71.0,119.9,449.6
71.0,122.4,449.6
71.0,122.0,449.6
71.0,120.7,449.6
71.0,121.2,449.6
71.0,121.0,449.6
71.0,121.4,449.6
71.0,120.9,449.6
71.0,120.6,449.6
71.1,122.5,449.6
71.1,120.7,449.6
71.1,122.2,449.6
71.1,118.2,449.6
71.1,120.4,449.6
71.1,119.6,449.6
71.1,121.0,449.6
71.1,119.6,449.6
71.1,118.5,449.8
71.1,116.5,449.8
71.1,114.4,449.8
71.2,113.8,449.8
71.2,111.6,449.8
71.2,100.9,449.8
71.2,107.3,449.8
71.2,103.2,449.8
71.2,111.2,449.8
71.2,105.5,449.8
71.2,112.6,449.8
71.2,107.8,449.8
71.2,114.1,449.8
71.2,109.5,449.8
71.3,116.5,449.8
71.3,111.8,449.8
71.3,118.9,449.8
71.3,111.5,449.8
71.3,118.4,449.8
71.3,111.6,449.2
71.3,119.0,449.2
71.3,113.6,449.0
71.3,121.0,449.0
71.3,114.5,449.0
71.3,120.2,449.0
71.3,114.8,449.0
71.4,120.0,449.0
71.4,115.3,449.0
71.4,120.2,449.0
71.4,115.8,449.0
71.4,120.3,449.0
71.4,115.7,449.0
71.4,121.4,449.0
71.4,116.2,449.0
71.4,120.6,449.0
71.4,116.8,448.9
71.4,121.0,448.9
71.4,117.1,448.9
71.5,121.1,449.0
71.5,117.3,449.0
71.5,121.2,449.0
71.5,117.1,449.0
71.5,121.3,449.0
71.5,117.1,449.0
71.5,121.7,449.0
71.5,117.2,449.0
71.5,121.1,449.0
71.5,117.5,449.0
71.5,121.4,449.0
71.5,117.5,449.2
71.6,121.6,449.2
71.6,118.0,449.2
71.6,122.5,449.2
71.6,117.9,449.2
71.6,121.2,449.2
71.6,118.1,449.2
71.6,121.3,449.2
71.6,118.1,449.2
71.6,120.9,449.2
71.6,119.1,449.2
71.6,121.0,449.2
71.6,118.0,449.2
71.7,122.0,449.2
71.7,117.8,449.2
71.7,120.6,449.2
71.7,119.2,449.2
71.7,120.4,449.2
71.7,118.2,449.2
71.7,120.6,449.2
71.7,118.4,449.2
71.7,120.6,449.2
71.7,118.1,449.2
71.7,107.7,449.2
71.8,115.0,449.2
71.8,109.9,449.2
71.8,118.3,449.2
71.8,110.7,449.2
71.8,118.2,449.2
71.8,124.6,449.2
71.8,123.1,449.2
71.8,123.8,449.2
71.8,123.5,449.2
71.8,122.4,449.2
71.8,122.9,449.2
71.8,121.7,449.2
71.8,122.3,449.2
71.9,122.6,449.2
71.9,120.4,449.2
71.9,109.3,449.2
71.9,116.8,449.2
71.9,111.1,449.2
71.9,119.9,449.2
71.9,111.8,449.2
71.9,120.6,449.2
71.9,112.5,449.2
71.9,120.2,449.2
71.9,113.1,449.2
72.0,121.8,449.2
72.0,113.4,449.3
72.0,121.8,449.3
72.0,113.7,449.3
72.0,121.5,449.3
72.0,114.2,449.3
72.0,122.3,449.3
72.0,114.7,449.3
72.0,122.9,449.3
72.0,114.7,449.3
72.0,123.3,449.3
72.0,114.8,449.3
72.1,122.6,449.3
72.1,115.5,449.3
72.1,123.5,449.3
72.1,115.9,449.3
72.1,123.8,449.3
72.1,115.9,449.3
72.1,125.0,449.3
72.1,115.7,449.3
72.1,123.7,449.3
72.1,116.0,449.4
72.1,121.4,449.4
72.1,116.2,449.4
72.2,105.7,449.4
72.2,113.1,449.4
72.2,107.8,449.2
72.2,115.0,449.2
72.2,109.5,449.2
72.2,115.6,449.2
72.2,110.7,449.2
72.2,116.8,449.2
72.2,112.0,449.2
72.2,117.9,449.2
72.2,112.9,449.2
72.3,119.7,449.2
72.3,113.4,449.2
72.3,120.7,449.2
72.3,114.2,449.2
72.3,120.6,449.2
72.3,114.7,449.2
72.3,121.0,449.2
72.3,115.1,449.2
72.3,121.7,449.2
72.3,115.4,449.2
72.3,122.1,449.2
72.3,115.5,449.2
72.4,123.5,449.2
72.4,115.4,449.2
72.4,122.5,449.2
72.4,116.0,449.2
72.4,124.0,449.2
72.4,115.5,449.2
72.4,123.1,449.2
72.4,116.6,449.2
72.4,123.3,449.2
72.4,116.8,449.2
72.4,124.2,449.2
72.4,115.7,449.2
72.5,124.0,449.2
72.5,115.8,449.2
72.5,124.2,449.2
72.5,115.7,449.2
72.5,123.2,449.2
72.5,116.3,449.2
72.5,124.8,449.2
72.5,116.2,449.2
72.5,124.5,449.2
72.5,116.1,449.2
72.5,124.7,449.2
72.5,116.1,449.2
72.6,123.4,449.2
72.6,116.0,449.2
72.6,124.7,449.2
72.6,116.2,449.2
72.6,123.6,449.2
72.6,116.7,449.2
72.6,123.9,449.2
72.6,116.0,449.2
72.6,124.6,449.2
72.6,117.2,449.2
72.6,123.7,449.1
72.6,117.2,449.1
72.7,124.1,449.1
72.7,116.9,449.1
72.7,124.5,449.1
72.7,116.6,449.1
72.7,124.2,449.1
72.7,112.9,449.1
72.7,121.0,449.1
72.7,114.1,449.1
72.7,122.6,449.1
72.7,114.8,449.1
72.7,123.6,449.1
72.8,115.4,449.1
72.8,124.0,449.1
72.8,115.1,449.1
72.8,123.9,449.1
72.8,115.5,449.1
72.8,124.5,449.1
72.8,118.7,449.1
72.8,126.3,449.1
72.8,118.4,449.1
72.8,125.7,449.1
72.8,117.5,449.1
72.8,125.0,449.1
72.8,116.6,449.1
72.9,124.5,449.1
72.9,116.9,449.1
72.9,123.4,449.1
72.9,117.2,449.1
72.9,124.5,449.1
72.9,116.8,449.1
72.9,124.1,449.1
72.9,116.5,449.1
72.9,124.3,449.1
72.9,116.6,449.1
72.9,123.9,449.1
72.9,116.6,449.1
73.0,123.6,449.1
73.0,116.3,449.2
73.0,123.7,449.2
73.0,114.9,449.2
73.0,123.1,449.2
73.0,116.7,449.2
73.0,123.4,449.2
73.0,116.4,449.2
73.0,123.1,449.2
73.0,116.5,449.2
73.0,121.6,449.2
73.0,116.5,449.2
73.1,124.5,449.2
73.1,116.0,449.2
73.1,121.7,449.2
73.1,116.1,449.2
73.1,120.7,449.2
73.1,113.3,449.2
73.1,120.4,449.2
73.1,115.4,449.2
73.1,105.4,449.2
73.1,113.2,449.2
73.1,110.3,449.2
73.2,114.2,449.2
73.2,111.3,449.2
73.2,113.3,449.2
73.2,111.9,449.2
73.2,112.0,449.2
73.2,113.3,449.2
73.2,112.8,449.2
73.2,114.5,449.2
73.2,113.5,449.2
73.2,115.0,449.2
73.2,115.0,449.2
73.2,116.2,449.2
73.3,116.0,449.2
73.3,116.5,449.2
73.3,116.4,449.2
73.3,118.1,449.2
73.3,116.9,449.2
73.3,117.2,449.2
73.3,117.0,449.2
73.3,118.0,449.2
73.3,117.5,449.2
73.3,118.4,449.2
73.3,117.4,449.2
73.3,119.2,449.3
73.4,117.5,449.3
73.4,118.2,449.3
73.4,117.5,449.3
73.4,118.4,449.3
73.4,118.9,449.3
73.4,118.1,449.3
73.4,118.9,449.3
73.4,117.0,449.3
73.4,119.2,449.2
73.4,118.2,449.2
73.4,119.1,449.2
73.5,118.4,449.2
73.5,118.9,449.2
73.5,117.8,449.2
73.5,117.4,449.2
73.5,118.5,449.2
73.5,119.1,449.2
73.5,118.2,449.2
73.5,118.9,449.2
73.5,117.9,449.2
73.5,118.9,449.2
73.5,118.0,449.2
73.5,118.9,449.2
73.6,118.1,449.2
73.6,119.0,449.2
73.6,118.0,449.2
73.6,119.1,449.2
73.6,116.5,449.2
73.6,119.2,449.2
73.6,118.3,449.2
73.6,119.3,449.2
73.6,118.3,449.2
73.6,119.1,449.2
73.6,117.7,449.2
73.6,118.6,449.2
73.7,118.6,449.2
73.7,117.6,449.2
73.7,118.1,449.2
73.7,118.3,449.2
73.7,118.5,449.2
73.7,118.6,449.2
73.7,118.5,449.2
73.7,119.0,449.2
73.7,118.1,449.2
73.7,118.9,449.2
73.7,118.4,449.2
73.7,119.2,449.2
73.8,118.1,449.2
73.8,118.3,449.2
73.8,118.0,449.2
73.8,118.9,449.2
73.8,119.4,449.2
73.8,117.5,449.2
73.8,119.1,449.2
73.8,117.7,449.2
73.8,119.1,449.2
73.8,119.0,449.2
73.8,117.1,449.2
73.8,119.5,449.2
73.9,118.8,449.2
73.9,119.3,449.2
73.9,118.5,449.2
73.9,119.0,449.2
73.9,118.6,449.2
73.9,118.1,449.2
73.9,117.6,449.2
73.9,118.7,449.2
73.9,118.2,449.2
73.9,118.5,449.2
73.9,117.9,449.2
73.9,118.5,449.2
74.0,117.8,449.2
74.0,118.2,449.2
74.0,117.6,449.2
74.0,118.1,449.3
74.0,117.3,449.3
74.0,115.2,449.3
74.0,116.9,449.3
74.0,116.5,449.3
74.0,117.7,449.3
74.0,116.7,449.3
74.0,117.6,449.3
74.1,116.4,449.3
74.1,117.6,449.3
74.1,116.7,449.3
74.1,117.6,449.3
74.1,116.8,449.3
74.1,117.1,449.3
74.1,115.2,449.3
74.1,116.5,449.3
74.1,116.8,449.3
74.1,115.7,449.3
74.1,115.6,449.3
74.1,115.8,449.3
74.2,105.3,449.3
74.2,112.1,449.3
74.2,106.5,449.3
74.2,110.6,449.3
74.2,109.8,449.3
74.2,99.8,449.3
74.2,107.4,449.3
74.2,103.2,449.3
74.2,111.0,449.3
74.2,105.5,449.3
74.3,112.5,449.3
74.3,107.5,449.3
74.3,115.1,449.3
74.3,109.3,449.3
74.3,116.2,449.3
74.3,110.4,449.3
74.3,117.1,449.3
74.3,111.8,449.3
74.3,117.9,449.3
74.3,112.6,449.3
74.3,117.2,449.3
74.3,113.7,449.3
74.4,117.1,449.4
74.4,114.4,449.4
74.4,117.2,449.4
74.4,115.1,449.4
74.4,117.5,449.4
74.4,116.4,449.4
74.4,118.5,449.4
74.4,119.2,449.4
74.4,117.2,449.4
74.4,118.9,449.4
74.4,117.0,449.4
74.4,117.9,449.3
74.5,117.9,449.3
74.5,118.2,449.3
74.5,117.6,449.3
74.5,117.9,449.3
74.5,117.3,449.3
74.5,117.0,449.3
74.5,116.5,449.3
74.5,116.1,449.3
74.5,116.6,449.5
74.5,116.3,449.5
74.5,115.4,449.5
74.6,116.2,449.5
74.6,116.9,449.5
74.6,115.2,449.5
74.6,117.3,449.5
74.6,115.3,449.5
74.6,116.3,449.5
74.6,115.3,449.5
74.6,117.4,449.5
74.6,115.9,449.5
74.6,116.2,449.5
74.6,118.3,449.5
74.6,112.9,449.5
74.7,117.7,449.5
74.7,114.3,449.5
74.7,117.4,449.5
74.7,116.4,449.5
74.7,117.1,449.5
74.7,115.7,449.5
74.7,105.7,449.5
74.7,112.8,449.6
74.7,108.0,449.6
74.7,116.1,449.6
74.7,108.9,449.6
74.8,116.4,449.6
74.8,110.5,449.6
74.8,118.0,449.6
74.8,111.7,449.6
74.8,120.0,449.6
74.8,112.3,449.6
74.8,119.5,449.6
74.8,113.4,449.6
74.8,120.0,449.6
74.8,114.1,449.6
74.8,120.0,449.6
74.8,114.4,449.6
74.9,118.0,449.6
74.9,114.6,449.6
74.9,118.2,449.6
74.9,117.2,449.6
74.9,118.9,449.6
74.9,119.3,449.6
74.9,116.9,449.6
74.9,117.6,449.6
74.9,117.0,449.6
74.9,117.3,449.6
74.9,116.5,449.6
74.9,116.9,449.6
75.0,116.4,449.6
75.0,116.9,449.6
75.0,116.5,449.6
75.0,116.2,449.7
75.0,116.2,449.7
75.0,115.1,449.7
75.0,116.2,449.7
75.0,114.9,449.7
75.0,117.1,449.7
75.0,115.1,449.7
75.0,115.8,449.7
75.1,115.1,449.7
75.1,116.3,449.8
75.1,115.6,449.8
75.1,117.3,449.8
75.1,115.3,449.8
75.1,116.1,449.8
75.1,115.5,449.2
75.1,114.1,449.2
75.1,117.0,449.0
75.1,114.8,449.0
75.1,104.7,449.0
75.2,112.0,449.0
75.2,107.2,449.0
75.2,112.9,449.0
75.2,109.0,449.0
75.2,109.8,449.0
75.2,109.3,448.9
75.2,108.1,448.9
75.2,108.0,448.9
75.2,109.2,448.9
75.2,109.6,448.9
75.2,110.9,448.9
75.3,110.9,448.9
75.3,112.5,448.9
75.3,112.4,449.0
75.3,113.7,449.0
75.3,113.5,449.0
75.3,114.6,449.0
75.3,113.8,449.0
75.3,115.0,449.0
75.3,113.9,449.0
75.3,115.5,449.0
75.3,114.6,449.0
75.3,115.6,449.0
75.4,115.1,449.0
75.4,115.7,449.0
75.4,104.1,449.0
75.4,111.3,449.0
75.4,118.4,449.0
75.4,117.6,449.0
75.4,118.0,449.0
75.4,118.9,449.0
75.4,117.7,449.0
75.4,118.4,449.0
75.4,117.8,449.0
75.4,119.0,449.0
75.5,118.6,449.0
75.5,117.7,449.0
75.5,117.9,449.0
75.5,117.2,449.0
75.5,117.9,449.0
75.5,117.2,449.0
75.5,117.8,449.0
75.5,116.0,449.0
75.5,117.1,449.0
75.5,115.4,449.0
75.5,117.5,449.0
75.6,115.2,449.0
75.6,117.3,449.0
75.6,116.2,449.0
75.6,116.0,449.0
75.6,115.0,448.8
75.6,117.1,448.8
75.6,116.0,448.8
75.6,116.7,448.8
75.6,116.0,448.8
75.6,116.4,448.8
75.6,115.6,448.8
75.6,116.6,448.8
75.7,114.3,448.8
75.7,116.6,448.8
75.7,116.8,448.8
75.7,116.1,448.8
75.7,116.7,448.8
75.7,117.3,448.8
75.7,116.4,448.8
75.7,117.1,448.8
75.7,116.3,448.8
75.7,116.8,448.8
75.7,116.0,448.8
75.8,116.5,448.8
75.8,116.2,448.8
75.8,115.8,448.8
75.8,116.1,448.8
75.8,114.1,448.8
75.8,115.4,448.9
75.8,115.0,448.8
75.8,116.0,448.8
75.8,115.1,448.8
75.8,115.9,448.8
75.8,115.0,448.8
75.8,116.0,448.8
75.9,115.1,448.8
75.9,115.9,448.8
75.9,116.3,448.8
75.9,114.4,448.8
75.9,116.3,448.8
75.9,114.8,448.8
75.9,116.1,448.8
75.9,116.8,448.9
75.9,115.6,448.8
75.9,116.5,448.9
75.9,115.6,448.8
76.0,115.1,448.9
76.0,116.0,448.9
76.0,116.3,448.9
76.0,116.0,448.9
76.0,114.5,448.9
76.0,115.6,448.9
76.0,113.2,448.9
76.0,115.8,448.9
76.0,113.4,448.9
76.0,115.6,448.9
76.0,114.6,448.9
76.0,115.7,448.9
76.1,114.0,448.9
76.1,114.5,448.9
76.1,114.8,448.9
76.1,115.7,448.9
76.1,114.9,448.9
76.1,115.8,448.9
76.1,114.8,448.9
76.1,114.2,448.9
76.1,116.6,448.9
76.1,116.5,448.9
76.1,113.4,449.1
76.2,112.9,449.1
76.2,111.9,449.1
76.2,110.7,449.1
76.2,109.6,449.1
76.2,99.3,449.1
76.2,107.1,449.1
76.2,102.7,449.1
76.2,108.4,449.1
76.2,105.3,449.1
76.2,110.2,449.2
76.2,107.4,449.2
76.3,112.6,449.2
76.3,109.3,449.2
76.3,112.6,449.2
76.3,111.1,449.2
76.3,114.5,449.2
76.3,113.3,449.2
76.3,103.0,449.2
76.3,110.1,449.2
76.3,105.3,449.2
76.3,112.6,449.2
76.3,107.3,449.2
76.4,114.6,449.2
76.4,108.9,449.2
76.4,116.2,449.2
76.4,110.3,449.2
76.4,116.9,449.2
76.4,111.6,449.1
76.4,116.9,449.1
76.4,112.8,449.1
76.4,116.5,449.1
76.4,113.9,449.2
76.4,116.5,449.2
76.4,114.4,449.2
76.5,104.4,449.2
76.5,111.6,449.2
76.5,106.9,449.2
76.5,115.4,449.2
76.5,108.3,449.2
76.5,115.9,449.2
76.5,109.6,449.2
76.5,118.2,449.2
76.5,110.9,449.2
76.5,118.1,449.2
76.5,112.2,449.2
76.6,117.8,449.2
76.6,113.1,449.4
76.6,118.9,449.4
76.6,113.9,449.4
76.6,117.2,449.4
76.6,115.4,449.4
76.6,116.9,449.4
76.6,117.6,449.4
76.6,116.5,449.4
76.6,117.2,449.4
76.6,116.6,449.4
76.6,116.9,449.4
76.7,116.2,449.4
76.7,116.3,449.4
76.7,115.8,449.4
76.7,116.1,449.4
76.7,115.6,449.4
76.7,114.6,449.4
76.7,115.6,449.4
76.7,115.1,449.4
76.7,114.7,449.4
76.7,114.0,449.4
76.7,115.2,449.4
76.8,113.8,449.4
76.8,114.9,449.4
76.8,115.0,449.5
76.8,112.3,449.5
76.8,115.5,449.5
76.8,113.4,449.4
76.8,115.3,449.4
76.8,116.1,449.4
76.8,114.7,449.4
76.8,115.6,449.4
76.8,114.8,449.4
76.9,115.0,449.4
76.9,114.7,449.4
76.9,113.3,449.4
76.9,114.4,449.4
76.9,113.6,449.4
76.9,114.5,449.4
76.9,113.4,449.4
76.9,114.5,449.4
76.9,113.1,449.4
76.9,114.4,449.4
76.9,113.2,449.4
76.9,114.1,449.5
77.0,113.4,449.5
77.0,114.6,449.5
77.0,114.8,449.5
77.0,113.8,449.5
77.0,114.6,449.5
77.0,115.4,449.5
77.0,114.5,449.5
77.0,115.2,449.5
77.0,114.4,449.5
77.0,114.7,449.5
77.0,115.1,449.5
77.1,113.0,449.5
77.1,114.4,449.6
77.1,113.3,449.6
77.1,114.5,449.6
77.1,113.5,449.6
77.1,114.5,449.6
77.1,113.8,449.6
77.1,114.6,449.6
77.1,115.0,449.6
77.1,112.3,449.6
77.1,115.2,449.6
77.1,113.1,449.6
77.2,103.7,449.6
77.2,110.8,449.6
77.2,106.4,449.6
77.2,111.8,449.6
77.2,103.1,449.5
77.2,98.5,449.5
77.2,99.9,449.5
77.2,100.9,449.4
77.2,108.4,449.4
77.2,113.1,449.4
77.3,113.1,449.4
77.3,114.4,449.4
77.3,113.8,449.4
77.3,114.7,449.4
77.3,114.5,449.4
77.3,115.6,449.4
77.3,115.2,449.4
77.3,116.4,449.4
77.3,116.0,449.4
77.3,116.8,449.4
77.3,116.5,449.4
77.3,117.4,449.4
77.4,116.7,449.4
77.4,117.8,449.5
77.4,117.1,449.5
77.4,118.0,449.5
77.4,117.5,449.5
77.4,117.1,449.5
77.4,117.4,449.5
77.4,117.7,449.5
77.4,117.6,449.5
77.4,118.3,449.5
77.4,119.1,449.5
77.4,116.6,449.5
77.5,117.9,449.5
77.5,117.3,449.5
77.5,118.0,449.5
77.5,116.4,449.4
77.5,119.3,449.4
77.5,116.9,449.4
77.5,118.3,449.4
77.5,117.3,449.4
77.5,118.1,449.4
77.5,118.0,449.4
77.5,118.2,449.4
77.5,118.9,449.4
77.6,118.0,449.5
77.6,119.9,449.5
77.6,117.9,449.5
77.6,118.4,449.5
77.6,118.7,449.5
77.6,117.3,449.5
77.6,117.2,449.5
77.6,116.4,449.5
77.6,117.6,449.3
77.6,117.4,449.3
77.6,118.6,449.3
77.7,116.8,449.3
77.7,118.6,449.3
77.7,117.1,449.3
77.7,117.2,449.3
77.7,116.5,449.3
77.7,117.7,449.4
77.7,117.5,449.4
77.7,117.6,449.4
77.7,117.1,449.4
77.7,117.6,449.4
77.7,117.1,449.4
77.7,117.4,449.4
77.8,116.7,449.4
77.8,117.6,449.4
77.8,116.9,449.4
77.8,118.6,449.4
77.8,116.4,449.4
77.8,113.1,449.4
77.8,118.4,449.4
77.8,117.2,449.4
77.8,117.9,449.4
77.8,115.1,449.4
77.8,117.9,449.4
77.8,115.8,449.4
77.9,105.5,449.4
77.9,113.4,449.4
77.9,108.9,449.4
77.9,117.8,449.4
77.9,110.0,449.4
77.9,119.1,449.4
77.9,110.8,449.4
77.9,119.8,449.4
77.9,110.7,449.4
77.9,119.6,449.4
77.9,112.7,449.4
78.0,120.7,449.4
78.0,113.0,449.4
78.0,121.4,449.4
78.0,113.9,449.4
78.0,121.5,449.4
78.0,114.3,449.4
78.0,121.0,449.5
78.0,114.5,449.5
78.0,119.3,449.5
78.0,115.4,449.5
78.0,118.2,449.5
78.0,114.6,449.5
78.1,118.1,449.5
78.1,115.8,449.5
78.1,118.3,449.5
78.1,116.8,449.5
78.1,106.1,449.5
78.1,114.4,449.5
78.1,107.0,449.5
78.1,115.4,449.5
78.1,108.6,449.5
78.1,115.3,449.5
78.1,110.2,449.5
78.2,116.9,449.5
78.2,111.4,449.5
78.2,117.7,449.5
78.2,112.7,449.5
78.2,103.1,449.5
78.2,110.2,449.5
78.2,105.8,449.5
78.2,109.8,449.5
78.2,107.3,449.0
78.2,111.7,449.0
78.2,109.9,448.8
78.3,101.1,448.8
78.3,108.4,448.8
78.3,114.9,448.8
78.3,115.8,448.8
78.3,105.6,448.8
78.3,112.7,448.8
78.3,100.6,448.8
78.3,103.1,448.8
78.3,106.0,448.8
78.3,109.1,448.8
78.4,102.3,448.8
78.4,109.1,448.8
78.4,117.0,448.8
78.4,126.1,448.8
78.4,124.7,448.8
78.4,125.1,448.8
78.4,123.2,448.8
78.4,122.2,448.8
78.4,121.9,448.9
78.4,120.6,448.9
78.4,119.8,448.8
78.4,119.1,448.8
78.4,120.1,448.8
78.5,119.8,448.8
78.5,119.9,448.8
78.5,118.7,448.8
78.5,119.7,448.8
78.5,118.7,448.8
78.5,118.6,448.8
78.5,117.6,448.8
78.5,116.1,448.8
78.5,117.3,448.8
78.5,114.7,448.8
78.5,117.2,448.8
78.5,116.4,448.8
78.6,106.3,448.8
78.6,114.3,448.8
78.6,108.0,448.8
78.6,116.7,448.8
78.6,109.3,448.8
78.6,117.6,448.8
78.6,110.1,448.8
78.6,117.8,448.8
78.6,108.4,448.8
78.6,116.2,448.8
78.6,111.6,448.8
78.7,119.8,448.8
78.7,112.9,448.8
78.7,119.6,448.8
78.7,113.3,448.8
78.7,119.7,448.8
78.7,113.6,448.8
78.7,107.0,448.8
78.7,107.7,448.8
78.7,107.9,448.8
78.7,100.4,448.8
78.8,108.4,448.8
78.8,117.7,448.8
78.8,113.4,448.8
78.8,121.3,448.8
78.8,113.6,448.8
78.8,122.7,448.8
78.8,114.9,448.8
78.8,122.4,448.8
78.8,114.3,448.8
78.8,121.7,448.8
78.8,114.7,448.8
78.8,119.6,448.8
78.8,114.9,448.8
78.9,118.5,448.8
78.9,115.5,448.8
78.9,118.7,448.9
78.9,116.5,448.8
78.9,106.0,448.9
78.9,106.4,448.8
78.9,108.1,448.9
78.9,100.0,448.8
78.9,107.9,448.9
78.9,116.9,448.9
78.9,113.1,448.8
79.0,122.0,448.9
79.0,114.0,448.8
79.0,120.7,448.9
79.0,114.4,448.8
79.0,119.4,448.9
79.0,107.2,448.9
79.0,106.5,448.9
79.0,106.8,448.9
79.0,99.5,448.9
79.0,106.1,448.9
79.0,111.9,448.9
79.1,110.6,448.9
79.1,112.0,448.9
79.1,111.5,448.9
79.1,112.5,448.9
79.1,121.3,448.9
79.1,123.3,448.9
79.1,123.1,448.9
79.1,122.3,448.9
79.1,119.1,448.9
79.1,119.8,448.9
79.1,118.2,448.9
79.1,118.5,448.9
79.2,116.1,448.9
79.2,115.9,448.9
79.2,104.9,448.9
79.2,112.2,448.9
79.2,105.8,448.9
79.2,98.3,448.9
79.2,90.9,448.9
79.2,97.5,448.9
79.2,97.3,448.9
79.3,104.9,449.0
79.3,105.7,449.0
79.3,106.0,449.0
79.3,103.4,449.0
79.3,110.4,449.0
79.3,118.3,449.0
79.3,116.9,449.0
79.3,118.5,449.0
79.3,115.5,449.0
