Time,FPS, Memory
0.0,29.7,474.7
0.0,28.7,479.5
0.0,30.4,479.5
0.0,32.8,479.5
0.1,35.4,479.4
0.1,38.9,479.4
0.1,42.8,479.4
0.1,46.9,479.4
0.1,47.8,479.4
0.1,51.4,479.3
0.1,56.3,479.3
0.1,61.8,479.3
0.1,67.7,479.3
0.1,71.3,479.3
0.1,75.6,479.2
0.1,79.7,479.2
0.1,83.5,479.2
0.1,87.3,479.2
0.1,91.5,479.2
0.1,95.7,479.1
0.1,99.6,479.1
0.1,102.6,479.1
0.2,106.3,479.1
0.2,105.6,479.1
0.2,111.3,479.1
0.2,116.6,479.1
0.2,119.4,479.1
0.2,122.4,479.1
0.2,124.8,479.0
0.2,127.0,479.0
0.2,128.0,479.0
0.2,130.7,479.0
0.2,131.8,479.0
0.2,133.7,478.9
0.2,135.6,478.9
0.2,135.4,478.9
0.2,137.1,478.9
0.3,139.9,478.9
0.3,141.4,478.8
0.3,141.9,478.8
0.3,143.0,478.8
0.3,144.0,478.8
0.3,145.2,478.7
0.3,146.0,478.7
0.3,145.7,478.7
0.3,146.9,478.7
0.3,146.7,478.7
0.3,148.1,478.6
0.3,148.5,478.6
0.3,146.6,478.6
0.3,148.9,478.6
0.3,149.3,478.5
0.4,149.9,478.5
0.4,150.1,478.5
0.4,150.2,478.5
0.4,149.6,478.5
0.4,150.6,478.4
0.4,150.8,478.4
0.4,151.3,478.4
0.4,150.5,478.4
0.4,151.2,478.4
0.4,151.3,478.3
0.4,151.4,478.3
0.4,151.6,478.3
0.4,151.2,478.3
0.4,151.5,478.2
0.4,151.7,478.2
0.5,151.5,478.2
0.5,150.6,478.2
0.5,151.6,478.2
0.5,151.5,478.1
0.5,152.0,478.1
0.5,151.6,478.1
0.5,152.2,478.1
0.5,151.8,478.1
0.5,152.3,478.0
0.5,151.4,478.0
0.5,152.0,478.0
0.5,151.8,478.0
0.5,151.8,477.9
0.5,152.3,477.9
0.5,152.7,477.9
0.6,151.1,477.9
0.6,150.7,477.9
0.6,150.6,477.8
0.6,152.2,477.8
0.6,148.5,477.8
0.6,151.8,477.8
0.6,151.1,477.7
0.6,151.5,477.7
0.6,139.0,477.7
0.6,128.7,477.7
0.6,138.1,477.7
0.6,144.0,477.6
0.6,143.4,477.6
0.6,131.8,477.6
0.7,141.0,477.6
0.7,149.2,477.5
0.7,154.0,477.5
0.7,164.4,477.5
0.7,163.1,477.5
0.7,159.4,477.4
0.7,161.6,477.4
0.7,160.0,477.4
0.7,159.1,477.4
0.7,158.9,477.3
0.7,159.4,477.3
0.7,156.2,477.3
0.7,156.9,477.3
0.7,156.6,477.3
0.7,155.8,477.2
0.7,150.6,477.2
0.7,155.2,477.2
0.8,155.8,477.2
0.8,156.3,477.1
0.8,155.4,477.1
0.8,155.0,477.1
0.8,153.5,477.1
0.8,153.7,477.1
0.8,153.5,477.0
0.8,152.8,477.0
0.8,153.1,477.0
0.8,151.5,477.0
0.8,153.2,476.9
0.8,152.3,476.9
0.8,136.9,476.9
0.9,127.9,476.9
0.9,137.5,476.8
0.9,144.3,476.8
0.9,154.7,476.8
0.9,159.5,476.8
0.9,159.4,476.8
0.9,158.2,476.7
0.9,157.8,476.7
0.9,157.2,476.7
0.9,156.2,476.7
0.9,156.0,476.6
0.9,153.5,476.6
0.9,155.4,476.6
0.9,154.7,476.6
0.9,153.9,476.6
0.9,153.5,476.5
0.9,153.7,476.5
1.0,153.7,476.5
1.0,153.8,476.5
1.0,153.4,476.4
1.0,153.7,476.4
1.0,153.2,476.4
1.0,152.7,476.4
1.0,152.0,476.4
1.0,151.2,476.3
1.0,152.7,476.3
1.0,147.4,476.4
1.0,145.9,476.5
1.0,152.5,476.5
1.0,154.1,476.5
1.0,153.4,476.4
1.0,154.0,476.4
1.1,152.9,476.4
1.1,154.1,476.4
1.1,149.9,476.4
1.1,149.1,476.3
1.1,154.2,476.3
1.1,150.0,476.3
1.1,152.8,476.3
1.1,153.9,476.3
1.1,153.6,476.2
1.1,154.0,476.2
1.1,153.4,476.2
1.1,153.6,476.2
1.1,153.2,476.1
1.1,153.6,476.1
1.1,153.1,476.1
1.1,153.0,476.1
1.2,153.9,476.1
1.2,154.3,476.0
1.2,152.5,476.0
1.2,153.0,476.0
1.2,154.0,476.0
1.2,154.0,475.9
1.2,154.2,475.9
1.2,154.1,475.9
1.2,154.4,475.9
1.2,154.0,475.9
1.2,154.3,475.8
1.2,154.7,475.8
1.2,153.4,475.8
1.2,154.2,475.8
1.2,154.1,475.7
1.3,153.1,475.7
1.3,154.4,475.7
1.3,154.2,475.7
1.3,152.5,475.7
1.3,152.5,475.6
1.3,152.9,475.6
1.3,153.4,475.6
1.3,151.6,475.6
1.3,152.7,475.6
1.3,152.9,475.5
1.3,152.9,475.5
1.3,152.4,475.5
1.3,151.6,475.5
1.3,152.4,475.4
1.3,153.2,475.4
1.4,152.1,475.4
1.4,153.2,475.4
1.4,152.6,475.4
1.4,153.0,475.3
1.4,153.5,475.3
1.4,152.8,475.3
1.4,152.9,475.3
1.4,153.2,475.3
1.4,153.2,475.2
1.4,153.1,475.2
1.4,151.4,475.2
1.4,152.6,475.2
1.4,150.6,475.1
1.4,153.5,475.1
1.4,153.4,475.1
1.4,152.3,475.1
1.5,152.8,475.1
1.5,152.5,475.0
1.5,153.2,474.9
1.5,152.9,474.9
1.5,152.7,474.9
1.5,152.7,474.9
1.5,153.1,474.9
1.5,151.8,474.8
1.5,152.4,474.8
1.5,152.7,474.8
1.5,152.7,474.8
1.5,153.4,474.7
1.5,153.0,474.7
1.5,152.6,474.7
1.5,152.8,474.7
1.6,153.0,474.7
1.6,153.4,474.6
1.6,152.6,474.6
1.6,153.3,474.6
1.6,152.6,474.6
1.6,151.5,474.6
1.6,153.6,474.5
1.6,153.0,474.5
1.6,152.5,474.5
1.6,152.0,474.5
1.6,152.8,474.5
1.6,152.5,474.4
1.6,152.6,474.4
1.6,152.6,474.4
1.6,152.6,474.4
1.7,153.1,474.3
1.7,152.5,474.3
1.7,152.5,474.3
1.7,152.8,474.3
1.7,152.6,474.3
1.7,152.8,474.2
1.7,152.5,474.2
1.7,152.4,474.2
1.7,152.7,474.2
1.7,152.7,474.2
1.7,152.5,474.1
1.7,152.9,474.1
1.7,152.4,474.1
1.7,152.8,474.1
1.7,152.9,474.0
1.8,152.6,474.0
1.8,152.9,474.0
1.8,152.3,474.0
1.8,152.8,474.0
1.8,152.8,473.9
1.8,152.5,473.9
1.8,152.6,473.9
1.8,152.3,473.9
1.8,152.8,473.8
1.8,152.6,473.8
1.8,152.1,473.8
1.8,152.5,473.8
1.8,152.5,473.8
1.8,152.7,473.7
1.8,152.7,473.7
1.8,152.2,473.7
1.9,152.4,473.7
1.9,152.2,473.7
1.9,153.1,473.6
1.9,152.2,473.6
1.9,152.3,473.6
1.9,152.6,473.6
1.9,153.3,473.6
1.9,149.0,473.5
1.9,151.9,473.5
1.9,153.2,473.5
1.9,153.4,473.5
1.9,153.2,473.4
1.9,153.4,473.4
1.9,153.4,473.4
1.9,151.9,473.4
2.0,153.4,473.4
2.0,153.3,473.3
2.0,152.3,473.3
2.0,152.9,473.3
2.0,152.8,473.3
2.0,152.5,473.3
2.0,153.2,473.2
2.0,153.0,473.2
2.0,152.5,473.2
2.0,152.7,473.2
2.0,153.5,473.2
2.0,153.1,473.2
2.0,152.8,473.1
2.0,153.9,473.1
2.0,153.8,473.1
2.1,153.6,473.1
2.1,152.6,473.1
2.1,153.3,473.0
2.1,153.3,473.0
2.1,154.2,473.0
2.1,153.5,473.0
2.1,154.0,472.9
2.1,153.4,472.9
2.1,153.8,472.9
2.1,154.1,472.9
2.1,153.3,472.9
2.1,154.0,472.9
2.1,153.9,472.9
2.1,153.4,472.9
2.1,153.4,472.8
2.1,152.7,472.8
2.2,153.4,472.8
2.2,153.2,472.8
2.2,154.0,472.8
2.2,153.2,472.7
2.2,152.6,472.7
2.2,153.1,472.7
2.2,153.8,472.7
2.2,153.3,472.7
2.2,152.5,472.6
2.2,152.7,472.6
2.2,152.9,472.6
2.2,153.3,472.6
2.2,153.1,472.5
2.2,153.3,472.5
2.2,152.7,472.5
2.3,153.3,472.5
2.3,154.3,472.5
2.3,152.3,472.4
2.3,153.1,472.4
2.3,153.2,472.4
2.3,153.3,472.4
2.3,153.6,472.4
2.3,152.9,472.3
2.3,153.1,472.3
2.3,153.7,472.3
2.3,154.0,472.3
2.3,146.6,474.4
2.3,153.4,474.3
2.3,154.3,474.3
2.3,153.7,474.2
2.4,153.8,474.2
2.4,153.2,474.2
2.4,153.2,474.1
2.4,153.2,474.1
2.4,153.5,474.1
2.4,152.8,474.1
2.4,151.6,474.1
2.4,151.9,474.0
2.4,152.4,474.0
2.4,152.8,474.0
2.4,152.5,474.0
2.4,152.5,473.9
2.4,151.9,473.9
2.4,151.8,473.9
2.4,152.9,473.9
2.5,152.1,473.9
2.5,153.0,473.8
2.5,152.6,473.8
2.5,153.3,473.8
2.5,153.1,473.8
2.5,153.1,473.8
2.5,153.1,473.7
2.5,153.4,473.7
2.5,153.5,473.7
2.5,153.7,473.7
2.5,153.4,473.6
2.5,153.8,473.6
2.5,154.1,473.6
2.5,153.2,473.6
2.5,152.2,473.6
2.5,153.4,473.6
2.6,153.7,473.6
2.6,154.1,473.6
2.6,153.2,473.5
2.6,153.3,473.5
2.6,152.9,473.5
2.6,152.9,473.5
2.6,153.8,473.4
2.6,152.4,473.4
2.6,153.0,473.3
2.6,152.4,473.3
2.6,153.5,473.3
2.6,153.2,473.3
2.6,152.8,473.2
2.6,153.2,473.2
2.6,153.1,473.2
2.7,153.5,473.2
2.7,154.0,473.2
2.7,153.1,473.1
2.7,153.5,473.1
2.7,154.1,473.1
2.7,153.1,473.1
2.7,152.7,473.1
2.7,152.9,473.0
2.7,153.0,473.0
2.7,154.0,473.0
2.7,153.1,473.0
2.7,153.4,472.9
2.7,153.2,472.9
2.7,153.5,472.9
2.7,153.6,472.9
2.8,153.2,472.9
2.8,153.7,472.9
2.8,153.1,472.9
2.8,154.3,472.9
2.8,154.0,472.8
2.8,153.0,472.8
2.8,153.6,472.8
2.8,153.3,472.8
2.8,153.3,472.7
2.8,153.4,472.7
2.8,152.9,472.6
2.8,153.4,472.6
2.8,152.4,472.6
2.8,153.8,472.6
2.8,152.9,472.5
2.8,153.0,472.5
2.9,153.0,472.5
2.9,153.8,472.5
2.9,153.3,472.5
2.9,153.4,472.4
2.9,153.2,472.4
2.9,153.4,472.4
2.9,153.9,472.4
2.9,153.0,472.4
2.9,153.1,472.3
2.9,153.0,472.3
2.9,153.5,472.3
2.9,153.6,472.3
2.9,152.8,472.2
2.9,153.6,472.2
2.9,153.0,472.2
3.0,153.5,472.2
3.0,153.6,472.2
3.0,152.9,472.2
3.0,153.0,472.2
3.0,153.2,472.2
3.0,153.2,472.1
3.0,152.8,472.1
3.0,152.8,472.1
3.0,152.8,472.0
3.0,153.5,472.0
3.0,152.8,472.0
3.0,153.0,471.9
3.0,152.8,471.9
3.0,153.3,471.9
3.0,153.6,471.9
3.1,153.2,471.8
3.1,153.6,471.8
3.1,153.2,471.8
3.1,153.3,471.8
3.1,153.9,471.8
3.1,153.3,471.8
3.1,153.4,471.8
3.1,153.4,471.8
3.1,153.5,471.7
3.1,153.3,471.7
3.1,153.1,471.7
3.1,153.6,471.7
3.1,153.2,471.6
3.1,153.4,471.6
3.1,153.0,471.6
3.1,153.0,471.6
3.2,153.2,471.5
3.2,153.5,471.5
3.2,153.0,471.5
3.2,153.3,471.5
3.2,152.9,471.5
3.2,152.7,471.4
3.2,152.9,471.4
3.2,152.5,471.4
3.2,152.3,471.4
3.2,151.6,471.3
3.2,152.0,471.3
3.2,152.3,471.3
3.2,152.1,471.3
3.2,152.4,471.3
3.2,151.5,471.3
3.3,152.5,471.3
3.3,152.7,471.3
3.3,150.6,471.3
3.3,151.4,471.3
3.3,151.4,471.2
3.3,151.2,471.2
3.3,151.9,471.2
3.3,151.5,471.2
3.3,151.9,471.2
3.3,151.9,471.1
3.3,152.3,471.1
3.3,152.0,471.1
3.3,151.9,471.1
3.3,151.8,471.1
3.3,151.9,471.0
3.4,152.3,471.0
3.4,152.0,471.0
3.4,151.0,471.0
3.4,151.2,471.1
3.4,150.8,471.0
3.4,151.0,471.0
3.4,150.4,470.9
3.4,148.6,470.9
3.4,147.2,470.9
3.4,145.8,470.9
3.4,144.7,470.8
3.4,142.7,470.8
3.4,141.1,470.8
3.4,139.1,470.8
3.5,137.8,470.8
3.5,136.5,470.7
3.5,136.9,470.7
3.5,136.6,470.7
3.5,136.4,470.7
3.5,136.9,470.6
3.5,138.2,470.6
3.5,137.5,470.6
3.5,135.8,470.5
3.5,135.8,470.5
3.5,135.0,470.5
3.5,134.9,470.5
3.5,134.4,470.4
3.6,132.7,470.4
3.6,131.4,470.4
3.6,129.5,470.4
3.6,129.7,470.3
3.6,129.8,470.4
3.6,130.1,470.4
3.6,130.4,470.3
3.6,131.7,470.3
3.6,132.5,470.3
3.6,134.5,470.2
3.6,136.1,470.2
3.6,136.9,470.2
3.6,139.0,470.1
3.6,139.8,470.1
3.7,141.3,470.1
3.7,142.3,470.1
3.7,142.4,470.1
3.7,143.3,470.1
3.7,144.8,470.1
3.7,146.3,470.0
3.7,147.2,470.0
3.7,147.5,469.9
3.7,148.4,469.9
3.7,148.1,469.9
3.7,148.9,469.8
3.7,148.4,469.8
3.7,149.6,469.8
3.7,150.0,469.7
3.7,150.4,469.7
3.8,150.3,469.7
3.8,150.7,469.7
3.8,150.5,469.7
3.8,151.5,469.6
3.8,151.7,469.6
3.8,151.5,469.5
3.8,152.3,469.6
3.8,151.2,469.5
3.8,152.4,469.5
3.8,152.5,469.5
3.8,152.3,469.5
3.8,152.4,469.5
3.8,151.9,469.4
3.8,152.6,469.3
3.8,152.1,469.3
3.8,152.1,469.3
3.9,151.9,469.3
3.9,151.8,469.3
3.9,152.7,469.2
3.9,152.2,469.2
3.9,151.7,469.2
3.9,152.7,469.2
3.9,152.8,469.1
3.9,152.3,469.1
3.9,151.3,469.1
3.9,152.9,469.1
3.9,152.5,469.1
3.9,153.6,469.0
3.9,152.8,469.0
3.9,153.5,469.0
3.9,153.3,469.0
4.0,153.4,469.0
4.0,153.6,468.9
4.0,152.9,468.9
4.0,153.1,468.9
4.0,152.8,468.9
4.0,152.8,468.8
4.0,154.0,468.8
4.0,152.4,468.9
4.0,152.8,468.8
4.0,152.7,468.8
4.0,153.1,468.8
4.0,152.1,468.8
4.0,152.8,468.8
4.0,153.0,468.7
4.0,152.4,468.7
4.1,152.6,468.7
4.1,152.5,468.6
4.1,152.5,468.6
4.1,153.0,468.6
4.1,153.5,468.5
4.1,152.8,468.5
4.1,152.8,468.5
4.1,153.2,468.5
4.1,153.1,468.4
4.1,153.5,468.4
4.1,152.9,468.4
4.1,153.0,468.4
4.1,152.7,468.4
4.1,153.3,468.3
4.1,153.8,468.3
4.2,153.0,468.3
4.2,153.3,468.3
4.2,153.5,468.3
4.2,153.4,468.2
4.2,153.6,468.2
4.2,153.1,468.2
4.2,153.4,468.2
4.2,153.5,468.1
4.2,153.8,468.1
4.2,152.7,468.1
4.2,153.8,468.1
4.2,153.6,468.1
4.2,154.6,468.0
4.2,153.5,468.0
4.2,152.9,468.0
4.2,153.3,468.0
4.3,153.6,467.9
4.3,153.4,467.9
4.3,152.8,467.9
4.3,153.1,467.9
4.3,152.8,467.9
4.3,153.2,467.8
4.3,153.4,467.8
4.3,152.7,467.8
4.3,152.9,467.8
4.3,152.7,467.8
4.3,153.3,467.7
4.3,152.3,467.2
4.3,152.5,467.2
4.3,153.1,467.2
4.3,152.2,467.2
4.4,152.9,467.1
4.4,152.1,467.1
4.4,151.9,467.1
4.4,152.3,467.1
4.4,151.4,467.1
4.4,151.6,467.1
4.4,151.1,467.1
4.4,150.7,467.0
4.4,151.3,467.0
4.4,151.5,467.0
4.4,151.9,467.0
4.4,151.6,467.0
4.4,151.5,466.9
4.4,152.1,466.9
4.4,152.9,466.9
4.5,152.1,466.9
4.5,150.9,466.8
4.5,151.8,466.8
4.5,152.4,466.8
4.5,152.6,466.8
4.5,152.3,466.7
4.5,152.3,466.7
4.5,152.4,466.7
4.5,150.6,466.7
4.5,147.1,466.7
4.5,147.0,466.6
4.5,145.9,466.6
4.5,144.0,466.6
4.5,142.7,466.6
4.6,139.2,466.6
4.6,137.7,466.5
4.6,137.0,466.5
4.6,136.8,466.5
4.6,135.6,466.5
4.6,135.1,466.5
4.6,134.6,466.4
4.6,136.2,466.4
4.6,136.7,466.4
4.6,136.8,466.4
4.6,138.8,466.3
4.6,139.3,466.4
4.6,140.6,466.4
4.6,141.6,466.3
4.7,142.3,466.3
4.7,141.8,466.3
4.7,144.4,466.3
4.7,144.8,466.2
4.7,145.9,466.2
4.7,145.6,466.1
4.7,146.8,466.1
4.7,146.4,466.1
4.7,147.1,466.1
4.7,148.0,466.1
4.7,148.6,466.0
4.7,149.5,466.0
4.7,149.8,466.0
4.7,149.6,466.0
4.7,150.9,465.9
4.8,150.4,465.9
4.8,151.1,465.9
4.8,150.9,465.9
4.8,151.8,465.9
4.8,151.5,465.8
4.8,151.8,465.8
4.8,152.4,465.8
4.8,152.8,465.8
4.8,152.2,465.8
4.8,151.6,465.7
4.8,152.4,465.7
4.8,153.2,465.7
4.8,153.6,465.6
4.8,152.8,465.6
4.8,153.0,465.6
4.8,153.1,465.5
4.9,153.7,465.5
4.9,153.4,465.5
4.9,152.9,465.5
4.9,153.1,465.5
4.9,152.9,465.4
4.9,153.2,465.4
4.9,153.3,465.4
4.9,153.0,465.4
4.9,153.2,465.3
4.9,152.8,465.3
4.9,153.4,465.3
4.9,153.4,465.3
4.9,153.0,465.3
4.9,153.2,465.2
4.9,153.6,465.2
5.0,153.3,465.2
5.0,152.2,465.2
5.0,153.6,465.1
5.0,153.9,465.1
5.0,154.1,465.1
5.0,153.3,465.1
5.0,153.6,465.1
5.0,153.2,465.0
5.0,153.5,465.0
5.0,152.5,465.1
5.0,153.9,465.1
5.0,153.7,465.1
5.0,153.4,465.0
5.0,154.5,465.0
5.0,154.1,465.0
5.0,153.6,465.0
5.1,154.0,465.0
5.1,153.6,465.0
5.1,154.3,465.0
5.1,153.6,465.0
5.1,154.0,464.9
5.1,153.8,464.9
5.1,153.0,464.8
5.1,153.4,464.8
5.1,153.3,464.8
5.1,153.5,464.8
5.1,154.2,464.7
5.1,154.0,464.7
5.1,153.4,464.7
5.1,153.6,464.7
5.1,152.7,464.6
5.2,153.1,464.6
5.2,153.8,464.6
5.2,153.5,464.6
5.2,153.6,464.6
5.2,152.2,464.5
5.2,153.7,464.5
5.2,153.8,464.5
5.2,152.2,464.5
5.2,153.4,464.4
5.2,153.3,464.4
5.2,153.1,464.4
5.2,153.2,464.4
5.2,153.1,464.4
5.2,153.1,464.3
5.2,153.6,464.3
5.3,153.3,464.2
5.3,151.5,464.3
5.3,153.3,464.3
5.3,153.4,464.2
5.3,153.6,464.2
5.3,152.5,464.2
5.3,152.1,464.2
5.3,152.2,464.1
5.3,152.0,464.1
5.3,152.5,464.1
5.3,151.8,464.1
5.3,152.3,464.1
5.3,151.7,464.0
5.3,152.7,464.0
5.3,152.4,464.0
5.4,151.8,464.0
5.4,152.1,464.0
5.4,152.2,463.9
5.4,151.8,463.9
5.4,152.8,463.9
5.4,151.8,463.9
5.4,152.4,463.8
5.4,151.9,463.8
5.4,152.4,463.8
5.4,152.5,463.8
5.4,151.8,463.8
5.4,152.2,463.7
5.4,152.0,463.7
5.4,152.5,463.7
5.4,152.3,463.7
5.4,152.2,463.7
5.5,152.3,463.6
5.5,152.1,463.5
5.5,151.8,463.6
5.5,151.8,463.6
5.5,151.5,463.6
5.5,152.6,463.6
5.5,151.6,463.5
5.5,152.2,463.5
5.5,137.5,463.5
5.5,127.7,463.5
5.5,136.8,463.5
5.5,143.1,463.4
5.5,153.2,463.4
5.5,158.0,463.4
5.5,157.7,463.4
5.6,157.4,463.4
5.6,157.7,463.3
5.6,156.7,463.3
5.6,156.2,463.3
5.6,155.4,463.3
5.6,154.6,463.2
5.6,154.5,463.2
5.6,154.3,463.2
5.6,153.8,463.2
5.6,154.0,463.2
5.6,153.4,463.1
5.6,154.3,463.1
5.6,152.7,463.1
5.6,154.0,463.1
5.6,152.8,463.0
5.7,153.4,463.0
5.7,153.2,463.0
5.7,152.7,463.0
5.7,153.1,463.0
5.7,151.3,463.2
5.7,152.5,463.2
5.7,152.8,463.2
5.7,152.4,463.1
5.7,152.6,463.0
5.7,152.1,463.0
5.7,152.6,463.0
5.7,152.1,463.0
5.7,151.6,463.0
5.7,152.4,462.9
5.7,151.2,462.9
5.8,152.0,462.9
5.8,150.8,462.9
5.8,149.8,462.8
5.8,151.1,462.8
5.8,151.6,462.8
5.8,151.7,462.8
5.8,151.8,462.8
5.8,151.2,462.7
5.8,152.0,462.7
5.8,151.5,462.7
5.8,152.0,462.7
5.8,150.6,462.6
5.8,152.1,462.6
5.8,152.3,462.6
5.8,152.2,462.6
5.9,151.0,462.6
5.9,152.3,462.5
5.9,151.5,462.5
5.9,152.3,462.5
5.9,151.3,462.5
5.9,151.4,462.4
5.9,150.9,462.5
5.9,151.8,462.5
5.9,151.7,462.4
5.9,151.2,462.3
5.9,151.2,462.3
5.9,151.1,462.3
5.9,150.6,462.3
5.9,149.5,462.3
5.9,150.7,462.2
6.0,150.6,462.2
6.0,151.0,462.2
6.0,150.1,462.2
6.0,150.6,462.2
6.0,151.3,462.2
6.0,150.9,462.2
6.0,150.9,462.2
6.0,150.5,462.1
6.0,151.1,462.1
6.0,151.5,462.1
6.0,150.2,462.1
6.0,151.0,462.0
6.0,149.3,462.0
6.0,150.5,462.0
6.0,150.3,462.0
6.1,150.7,462.0
6.1,150.8,461.9
6.1,150.5,461.9
6.1,150.3,461.9
6.1,151.6,461.9
6.1,150.3,461.8
6.1,151.1,461.8
6.1,150.6,461.8
6.1,150.9,461.8
6.1,150.4,461.8
6.1,151.2,461.7
6.1,150.6,461.7
6.1,150.6,461.7
6.1,150.7,461.7
6.1,151.4,461.6
6.2,150.6,461.6
6.2,150.9,461.6
6.2,150.4,461.6
6.2,151.1,461.6
6.2,151.2,461.5
6.2,150.4,461.5
6.2,150.9,461.5
6.2,150.8,461.5
6.2,151.2,461.4
6.2,150.9,461.4
6.2,150.9,461.4
6.2,151.4,461.4
6.2,150.9,461.4
6.2,151.5,461.3
6.2,151.5,461.3
6.2,151.1,461.3
6.3,151.3,461.3
6.3,151.1,461.2
6.3,151.6,461.2
6.3,151.4,461.2
6.3,151.4,461.2
6.3,151.1,461.1
6.3,151.1,461.1
6.3,151.5,461.0
6.3,151.3,461.0
6.3,151.2,461.0
6.3,152.1,461.0
6.3,151.9,461.0
6.3,151.4,460.9
6.3,150.6,460.8
6.3,151.7,460.8
6.4,150.9,460.8
6.4,152.1,460.8
6.4,151.2,460.8
6.4,149.8,460.7
6.4,151.2,460.7
6.4,151.8,460.7
6.4,151.3,460.7
6.4,151.4,460.6
6.4,151.4,460.6
6.4,151.1,460.6
6.4,151.5,460.5
6.4,151.3,460.5
6.4,151.1,460.5
6.4,149.9,460.5
6.4,150.8,460.5
6.5,151.6,460.4
6.5,152.0,460.4
6.5,150.5,460.4
6.5,151.0,460.4
6.5,150.8,460.3
6.5,151.1,460.3
6.5,151.1,460.3
6.5,150.7,460.3
6.5,150.5,460.3
6.5,150.3,460.2
6.5,149.3,460.2
6.5,150.9,460.2
6.5,150.4,460.2
6.5,150.7,460.1
6.5,150.0,460.1
6.6,151.1,460.0
6.6,150.4,460.0
6.6,150.7,460.0
6.6,150.3,460.0
6.6,150.5,460.0
6.6,150.8,459.9
6.6,151.4,459.9
6.6,150.2,459.9
6.6,151.4,459.9
6.6,150.2,459.8
6.6,151.3,459.8
6.6,150.9,459.8
6.6,150.2,459.8
6.6,150.9,459.8
6.6,150.9,459.7
6.7,150.7,459.7
6.7,150.5,459.7
6.7,149.9,459.7
6.7,151.0,459.7
6.7,150.3,459.6
6.7,151.5,459.6
6.7,151.6,459.6
6.7,150.9,459.6
6.7,150.7,459.5
6.7,150.7,459.5
6.7,150.8,459.5
6.7,150.8,459.5
6.7,150.8,459.5
6.7,150.8,459.4
6.7,150.9,459.4
6.8,151.5,459.3
6.8,151.0,459.2
6.8,150.7,459.2
6.8,151.3,459.2
6.8,150.6,459.2
6.8,151.5,459.1
6.8,150.9,459.1
6.8,150.5,459.1
6.8,150.5,459.1
6.8,150.7,459.1
6.8,150.9,459.0
6.8,150.7,459.0
6.8,150.5,459.0
6.8,151.1,459.0
6.8,150.7,459.0
6.9,150.9,458.9
6.9,150.6,458.9
6.9,151.1,458.9
6.9,150.8,458.9
6.9,150.9,458.8
6.9,151.3,458.8
6.9,150.8,458.8
6.9,150.7,458.8
6.9,150.9,458.8
6.9,151.3,458.8
6.9,150.8,458.8
6.9,150.4,458.8
6.9,150.8,458.7
6.9,151.1,458.7
6.9,151.2,458.7
7.0,151.3,458.7
7.0,149.6,458.6
7.0,151.5,458.6
7.0,151.0,458.6
7.0,151.7,458.6
7.0,150.8,458.6
7.0,149.3,458.5
7.0,151.0,458.5
7.0,151.4,458.5
7.0,151.3,458.5
7.0,151.2,458.5
7.0,149.5,458.4
7.0,149.5,458.4
7.0,151.6,458.4
7.0,152.0,458.4
7.1,151.5,458.3
7.1,151.9,458.3
7.1,151.2,458.3
7.1,151.1,458.3
7.1,152.2,458.3
7.1,151.5,458.2
7.1,151.1,458.2
7.1,151.1,458.2
7.1,151.3,458.2
7.1,151.1,458.2
7.1,151.1,458.1
7.1,151.4,458.1
7.1,150.8,458.1
7.1,151.4,458.1
7.1,151.3,458.0
7.2,151.2,458.0
7.2,151.4,458.0
7.2,150.8,458.0
7.2,151.5,458.0
7.2,151.5,457.9
7.2,151.2,457.9
7.2,151.5,457.9
7.2,150.5,457.9
7.2,151.7,457.8
7.2,150.9,457.8
7.2,150.9,457.8
7.2,151.1,457.8
7.2,151.2,457.8
7.2,151.7,457.7
7.2,151.5,457.7
7.2,151.3,457.7
7.3,150.9,457.7
7.3,150.8,457.7
7.3,151.5,457.6
7.3,150.5,457.6
7.3,150.7,457.6
7.3,151.2,457.6
7.3,150.4,457.6
7.3,151.4,457.5
7.3,151.5,457.5
7.3,150.5,457.5
7.3,149.8,457.5
7.3,150.4,457.4
7.3,150.7,457.4
7.3,151.0,457.3
7.3,149.9,457.3
7.4,151.3,457.3
7.4,150.0,457.3
7.4,151.2,457.2
7.4,150.3,457.2
7.4,150.7,457.2
7.4,150.8,457.2
7.4,150.8,457.2
7.4,150.7,457.1
7.4,150.7,457.1
7.4,150.8,457.1
7.4,150.2,457.1
7.4,149.8,457.1
7.4,151.2,457.0
7.4,150.0,457.0
7.4,149.2,457.0
7.5,150.9,457.0
7.5,150.4,456.9
7.5,150.9,456.9
7.5,150.2,456.9
7.5,150.4,456.9
7.5,150.5,456.9
7.5,150.5,456.8
7.5,150.5,456.8
7.5,150.0,456.8
7.5,149.7,456.8
7.5,150.5,456.7
7.5,149.1,456.7
7.5,149.0,456.7
7.5,150.3,456.7
7.5,149.5,456.7
7.6,149.7,456.6
7.6,150.0,456.6
7.6,149.8,456.6
7.6,149.9,456.6
7.6,149.4,456.5
7.6,149.4,456.5
7.6,149.2,456.5
7.6,149.2,456.5
7.6,149.8,456.5
7.6,148.6,456.4
7.6,149.0,456.4
7.6,147.4,456.4
7.6,149.0,456.4
7.6,149.4,456.3
7.6,148.7,456.3
7.7,149.0,456.3
7.7,148.6,456.3
7.7,149.2,456.3
7.7,149.5,456.2
7.7,148.5,456.2
7.7,149.1,456.2
7.7,148.4,456.2
7.7,148.9,456.1
7.7,149.3,456.1
7.7,148.5,456.1
7.7,149.0,456.1
7.7,148.1,456.0
7.7,149.0,456.0
7.7,149.2,456.0
7.8,147.3,456.0
7.8,149.0,456.0
7.8,148.8,456.0
7.8,148.8,456.0
7.8,148.9,456.0
7.8,148.3,455.9
7.8,149.0,455.9
7.8,148.4,455.9
7.8,148.8,455.9
7.8,148.8,455.8
7.8,148.5,455.8
7.8,146.8,455.8
7.8,148.6,455.8
7.8,149.3,455.8
7.8,149.1,455.7
7.9,148.3,455.7
7.9,147.8,455.7
7.9,148.7,455.7
7.9,147.9,455.7
7.9,147.7,455.6
7.9,148.6,455.6
7.9,148.8,455.6
7.9,148.1,455.6
7.9,148.4,455.6
7.9,147.0,455.5
7.9,148.3,455.5
7.9,148.0,455.5
7.9,148.1,455.5
7.9,148.5,455.4
7.9,148.0,455.4
8.0,148.1,455.4
8.0,148.0,455.4
8.0,147.8,455.3
8.0,148.3,455.3
8.0,147.9,455.3
8.0,148.7,455.3
8.0,148.7,455.3
8.0,147.8,455.2
8.0,148.4,455.2
8.0,148.4,455.2
8.0,148.7,455.2
8.0,148.6,455.2
8.0,147.8,455.1
8.0,148.1,455.1
8.0,148.2,455.1
8.1,149.2,455.1
8.1,149.5,455.0
8.1,148.9,455.0
8.1,149.3,455.0
8.1,149.3,455.0
8.1,149.9,454.9
8.1,150.0,454.9
8.1,149.5,454.9
8.1,150.0,454.9
8.1,150.0,454.9
8.1,150.2,454.8
8.1,150.0,454.8
8.1,150.0,454.8
8.1,149.9,454.8
8.1,150.1,454.8
8.2,150.2,454.7
8.2,150.5,454.7
8.2,146.0,454.6
8.2,149.5,454.7
8.2,149.3,454.7
8.2,149.6,454.6
8.2,150.2,454.6
8.2,149.6,454.6
8.2,149.9,454.6
8.2,149.5,454.5
8.2,149.7,454.5
8.2,150.5,454.5
8.2,150.5,454.4
8.2,150.6,454.4
8.2,149.5,454.4
8.3,151.1,454.3
8.3,151.6,454.3
8.3,151.0,454.3
8.3,151.7,454.3
8.3,151.5,454.3
8.3,152.2,454.2
8.3,152.0,454.2
8.3,151.8,454.2
8.3,151.9,454.2
8.3,152.5,454.1
8.3,153.0,454.1
8.3,151.9,454.1
8.3,151.6,454.1
8.3,152.6,454.1
8.3,153.5,454.0
8.4,153.0,454.0
8.4,153.3,454.0
8.4,153.2,454.0
8.4,153.3,453.9
8.4,153.8,453.9
8.4,152.7,454.0
8.4,152.9,453.9
8.4,153.1,453.9
8.4,153.4,453.9
8.4,153.6,453.9
8.4,151.8,453.8
8.4,153.1,453.8
8.4,153.2,453.8
8.4,153.5,453.8
8.4,153.5,453.8
8.4,152.4,453.7
8.5,152.7,453.7
8.5,152.6,453.7
8.5,153.0,453.7
8.5,152.8,453.7
8.5,152.6,453.6
8.5,153.0,453.6
8.5,151.7,453.6
8.5,153.6,453.6
8.5,153.9,453.5
8.5,154.0,453.5
8.5,154.1,453.5
8.5,153.5,453.5
8.5,153.4,453.5
8.5,153.4,453.4
8.5,153.2,453.4
8.6,153.3,453.4
8.6,153.1,453.4
8.6,153.3,453.3
8.6,152.7,453.3
8.6,152.8,453.3
8.6,153.2,453.3
8.6,153.0,453.3
8.6,153.3,453.3
8.6,153.6,453.3
8.6,153.5,453.2
8.6,154.0,453.2
8.6,152.7,453.3
8.6,152.8,453.2
8.6,153.2,453.2
8.6,152.7,453.2
8.7,153.3,453.2
8.7,153.4,453.1
8.7,152.9,453.1
8.7,153.0,453.0
8.7,153.8,453.0
8.7,153.2,453.0
8.7,153.7,453.0
8.7,153.3,452.9
8.7,153.7,452.9
8.7,153.5,452.9
8.7,153.2,452.9
8.7,153.5,452.9
8.7,153.3,452.8
8.7,153.9,452.8
8.7,153.2,452.8
8.7,152.5,452.8
8.8,153.2,452.7
8.8,153.0,452.7
8.8,154.1,452.7
8.8,153.0,452.7
8.8,153.9,452.7
8.8,153.8,452.6
8.8,154.4,452.6
8.8,153.2,452.6
8.8,154.2,452.6
8.8,153.5,452.5
8.8,153.9,452.5
8.8,153.6,452.5
8.8,153.0,452.5
8.8,153.2,452.4
8.8,152.9,452.4
8.9,153.0,452.4
8.9,153.3,452.4
8.9,152.3,452.4
8.9,152.4,452.3
8.9,151.7,452.3
8.9,152.9,452.3
8.9,152.7,452.3
8.9,152.8,452.2
8.9,152.7,452.2
8.9,153.0,452.2
8.9,153.6,452.2
8.9,152.9,452.2
8.9,152.5,452.1
8.9,153.0,452.1
8.9,153.0,452.1
9.0,153.4,452.1
9.0,152.1,452.0
9.0,153.4,452.0
9.0,154.6,452.0
9.0,154.7,452.0
9.0,154.0,451.9
9.0,154.1,451.9
9.0,153.2,451.9
9.0,153.9,451.9
9.0,153.7,451.9
9.0,153.2,451.9
9.0,153.4,451.9
9.0,153.7,451.8
9.0,153.4,451.8
9.0,153.7,451.7
9.0,152.7,451.7
9.1,152.9,451.6
9.1,152.8,451.6
9.1,152.7,451.6
9.1,152.3,451.6
9.1,152.6,451.5
9.1,152.4,451.5
9.1,152.4,451.5
9.1,152.9,451.5
9.1,152.6,451.5
9.1,152.4,451.4
9.1,153.2,451.4
9.1,153.9,451.4
9.1,153.6,451.4
9.1,153.3,451.3
9.1,153.1,451.3
9.2,153.8,451.3
9.2,153.6,451.3
9.2,153.6,451.3
9.2,153.8,451.2
9.2,152.9,451.2
9.2,153.8,451.2
9.2,154.0,451.2
9.2,153.4,451.1
9.2,153.6,451.1
9.2,153.8,451.1
9.2,153.7,451.1
9.2,153.7,451.1
9.2,153.2,451.1
9.2,153.7,451.1
9.2,153.4,451.0
9.3,153.3,451.0
9.3,152.2,450.9
9.3,153.0,450.9
9.3,152.8,450.9
9.3,153.5,450.9
9.3,152.8,450.8
9.3,153.2,450.8
9.3,152.8,450.8
9.3,152.9,450.8
9.3,153.0,450.8
9.3,152.6,450.7
9.3,152.0,450.7
9.3,151.7,450.7
9.3,151.5,450.7
9.3,152.7,450.6
9.4,151.8,450.6
9.4,152.2,450.6
9.4,151.3,450.6
9.4,152.3,450.6
9.4,152.4,450.5
9.4,152.5,450.6
9.4,152.6,450.5
9.4,152.4,450.5
9.4,152.9,450.5
9.4,152.6,450.5
9.4,152.3,450.5
9.4,153.6,450.4
9.4,152.5,450.5
9.4,152.9,450.4
9.4,152.4,450.4
9.4,152.9,450.3
9.5,152.6,450.3
9.5,153.4,450.3
9.5,153.0,450.3
9.5,152.7,450.2
9.5,153.1,450.2
9.5,152.8,450.2
9.5,153.1,450.2
9.5,152.7,450.2
9.5,152.6,450.1
9.5,152.6,450.1
9.5,153.1,450.1
9.5,153.3,450.1
9.5,152.6,450.0
9.5,153.2,450.0
9.5,153.6,450.0
9.6,153.8,450.0
9.6,153.8,450.0
9.6,153.4,449.9
9.6,153.8,449.9
9.6,153.3,449.9
9.6,153.8,449.9
9.6,152.9,449.8
9.6,153.4,449.8
9.6,153.4,449.8
9.6,153.1,449.8
9.6,153.9,449.8
9.6,153.9,449.7
9.6,152.5,449.6
9.6,153.4,449.9
9.6,153.6,449.8
9.7,153.3,449.8
9.7,153.2,449.8
9.7,152.7,449.8
9.7,151.5,449.8
9.7,152.2,449.7
9.7,151.5,449.7
9.7,151.4,449.7
9.7,151.2,449.7
9.7,151.2,449.6
9.7,152.2,449.6
9.7,151.8,449.6
9.7,152.1,449.6
9.7,152.1,449.5
9.7,152.5,449.5
9.7,152.1,449.5
9.7,152.2,449.5
9.8,153.0,449.4
9.8,152.4,449.4
9.8,152.5,449.4
9.8,153.1,449.4
9.8,151.9,449.4
9.8,153.0,449.3
9.8,151.9,449.3
9.8,153.1,449.2
9.8,152.0,449.2
9.8,152.9,449.2
9.8,153.0,449.2
9.8,154.0,449.1
9.8,153.3,449.1
9.8,152.5,449.1
9.8,152.5,449.1
9.9,153.9,449.1
9.9,153.2,449.1
9.9,152.6,449.0
9.9,152.8,449.0
9.9,151.8,449.0
9.9,152.4,448.9
9.9,152.9,448.9
9.9,151.3,448.9
9.9,152.1,448.9
9.9,152.1,448.8
9.9,152.0,448.8
9.9,152.0,448.8
9.9,152.0,448.8
9.9,152.2,448.8
9.9,151.8,448.7
10.0,152.5,448.7
10.0,152.3,448.7
10.0,152.4,448.7
10.0,152.9,448.6
10.0,152.3,448.6
10.0,153.3,448.6
10.0,152.9,448.6
10.0,152.3,448.6
10.0,152.4,448.5
10.0,152.1,448.6
10.0,152.5,448.6
10.0,151.2,448.6
10.0,151.7,448.6
10.0,152.0,448.5
10.0,153.1,448.5
10.1,152.7,448.5
10.1,152.7,448.5
10.1,153.0,448.5
10.1,152.9,448.5
10.1,152.9,448.5
10.1,152.1,448.4
10.1,152.4,448.4
10.1,152.2,448.3
10.1,152.7,448.3
10.1,151.8,448.3
10.1,152.0,448.3
10.1,152.3,448.2
10.1,151.7,448.2
10.1,151.2,448.2
10.1,152.2,448.2
10.2,151.7,448.1
10.2,152.2,448.1
10.2,152.4,448.1
10.2,152.6,448.1
10.2,152.3,448.1
10.2,151.9,448.0
10.2,152.1,448.0
10.2,151.2,448.0
10.2,151.9,448.0
10.2,151.4,447.9
10.2,151.4,447.9
10.2,151.5,447.9
10.2,151.4,447.9
10.2,151.5,447.8
10.2,150.8,447.8
10.2,150.6,447.8
10.3,150.0,447.8
10.3,149.6,447.7
10.3,150.6,447.6
10.3,150.5,447.6
10.3,150.6,447.6
10.3,150.2,447.6
10.3,150.9,447.6
10.3,150.5,447.5
10.3,150.6,447.4
10.3,150.4,447.4
10.3,150.7,447.4
10.3,150.3,447.4
10.3,149.4,447.4
10.3,150.3,447.3
10.3,149.8,447.3
10.4,150.3,447.3
10.4,148.7,447.3
10.4,149.9,447.2
10.4,150.2,447.2
10.4,149.4,447.2
10.4,149.0,447.2
10.4,149.0,447.1
10.4,149.2,447.1
10.4,149.4,447.1
10.4,148.7,447.1
10.4,148.7,447.1
10.4,148.5,447.0
10.4,148.7,447.0
10.4,149.0,447.0
10.5,148.3,447.0
10.5,148.6,447.0
10.5,144.1,446.9
10.5,147.9,446.9
10.5,148.5,446.9
10.5,146.4,446.8
10.5,147.1,446.8
10.5,147.3,446.8
10.5,147.6,446.8
10.5,146.9,446.8
10.5,146.8,446.8
10.5,146.9,446.8
10.5,145.7,446.7
10.5,146.3,446.6
10.5,146.4,446.6
10.6,146.9,446.6
10.6,147.7,446.6
10.6,147.4,446.6
10.6,147.9,446.5
10.6,147.6,446.5
10.6,147.8,446.5
10.6,148.1,446.5
10.6,147.8,446.4
10.6,148.6,446.4
10.6,148.2,446.4
10.6,148.8,446.4
10.6,148.6,446.4
10.6,148.5,446.3
10.6,148.9,446.3
10.6,148.2,446.3
10.7,148.3,446.3
10.7,148.1,446.2
10.7,147.1,446.2
10.7,145.9,446.2
10.7,146.2,446.2
10.7,146.0,446.1
10.7,144.7,446.0
10.7,145.8,446.0
10.7,145.7,446.0
10.7,145.0,446.0
10.7,144.9,445.9
10.7,145.0,445.9
10.7,144.5,445.9
10.7,145.6,445.9
10.8,144.7,445.9
10.8,144.8,445.8
10.8,145.2,445.8
10.8,145.8,445.8
10.8,145.9,445.8
10.8,146.6,445.8
10.8,146.7,445.8
10.8,146.5,445.8
10.8,147.5,445.8
10.8,147.5,445.8
10.8,147.7,445.8
10.8,148.5,445.8
10.8,147.3,445.8
10.8,147.8,445.8
10.8,148.3,445.8
10.9,148.2,445.8
10.9,148.7,445.8
10.9,148.3,445.8
10.9,149.2,445.8
10.9,148.1,445.8
10.9,149.8,445.8
10.9,149.5,445.9
10.9,148.6,445.9
10.9,149.6,445.9
10.9,149.1,445.9
10.9,148.9,445.8
10.9,149.3,445.8
10.9,148.5,445.8
10.9,149.0,445.8
10.9,147.5,445.8
11.0,149.2,445.8
11.0,148.9,445.8
11.0,148.5,445.8
11.0,149.0,445.8
11.0,148.9,445.8
11.0,148.1,445.8
11.0,149.5,445.8
11.0,149.1,445.8
11.0,149.7,445.8
11.0,149.0,445.8
11.0,149.6,445.8
11.0,149.5,445.8
11.0,148.7,445.8
11.0,149.1,445.8
11.0,149.0,445.8
11.1,149.1,445.8
11.1,149.6,445.8
11.1,148.0,445.8
11.1,149.1,445.8
11.1,149.1,445.8
11.1,149.5,445.8
11.1,149.6,445.8
11.1,148.6,446.0
11.1,149.0,446.0
11.1,148.9,446.0
11.1,149.1,446.0
11.1,149.1,446.0
11.1,148.6,446.0
11.1,148.7,446.0
11.1,148.5,446.0
11.2,147.6,446.0
11.2,148.5,446.0
11.2,148.1,446.0
11.2,148.2,446.0
11.2,147.9,446.0
11.2,148.3,446.0
11.2,148.8,446.0
11.2,148.2,446.0
11.2,147.9,446.0
11.2,148.0,446.0
11.2,148.3,446.0
11.2,148.4,446.0
11.2,146.9,446.0
11.2,148.1,446.0
11.2,148.1,446.0
11.3,148.7,446.0
11.3,147.5,446.0
11.3,148.8,446.0
11.3,149.2,446.0
11.3,148.3,446.0
11.3,149.0,446.0
11.3,148.3,446.0
11.3,148.7,445.9
11.3,148.4,446.0
11.3,147.4,446.0
11.3,148.5,446.0
11.3,148.3,446.0
11.3,148.7,446.0
11.3,149.2,446.0
11.4,148.0,446.0
11.4,149.0,446.0
11.4,147.9,446.0
11.4,148.6,446.0
11.4,148.6,446.0
11.4,148.3,446.0
11.4,148.7,446.0
11.4,147.8,446.0
11.4,147.4,446.0
11.4,148.8,446.0
11.4,148.3,446.0
11.4,148.3,446.0
11.4,147.9,446.0
11.4,148.0,446.0
11.4,148.5,446.0
11.5,147.8,446.0
11.5,146.5,446.0
11.5,148.0,446.0
11.5,148.0,446.0
11.5,147.5,446.0
11.5,146.4,446.0
11.5,147.3,446.0
11.5,147.4,446.0
11.5,147.8,445.9
11.5,146.5,445.9
11.5,148.2,446.0
11.5,146.9,446.0
11.5,147.4,446.0
11.5,148.0,446.0
11.5,147.8,446.0
11.6,147.5,446.0
11.6,148.0,446.0
11.6,147.0,446.0
11.6,147.0,446.0
11.6,147.2,446.0
11.6,147.2,446.0
11.6,147.3,446.0
11.6,146.9,446.0
11.6,147.3,446.0
11.6,146.7,446.0
11.6,147.1,446.0
11.6,147.9,446.0
11.6,147.0,446.0
11.6,146.1,446.0
11.6,147.1,446.0
11.7,147.4,446.0
11.7,147.2,446.0
11.7,147.5,446.0
11.7,147.5,446.0
11.7,147.0,446.0
11.7,147.3,446.0
11.7,146.2,446.0
11.7,147.6,446.0
11.7,147.9,446.0
11.7,147.3,446.0
11.7,147.6,445.9
11.7,147.4,446.0
11.7,147.4,446.0
11.7,147.7,445.9
11.8,146.9,445.9
11.8,147.7,445.9
11.8,147.1,445.9
11.8,147.4,445.9
11.8,147.3,445.9
11.8,146.9,445.9
11.8,146.9,445.9
11.8,146.6,445.9
11.8,146.8,445.9
11.8,146.8,445.9
11.8,146.8,445.9
11.8,146.6,445.9
11.8,146.7,445.9
11.8,146.6,445.9
11.8,147.1,445.9
11.9,146.7,445.9
11.9,147.4,445.9
11.9,147.0,445.9
11.9,147.2,445.9
11.9,147.2,445.9
11.9,147.8,445.9
11.9,147.6,446.0
11.9,147.4,445.9
11.9,147.6,445.9
11.9,147.7,445.9
11.9,147.7,445.9
11.9,148.0,445.9
11.9,147.6,445.9
11.9,148.0,445.9
11.9,148.0,445.9
12.0,148.2,445.9
12.0,148.5,445.9
12.0,147.6,446.0
12.0,147.7,446.0
12.0,147.9,445.9
12.0,148.2,446.0
12.0,148.2,446.0
12.0,147.2,445.9
12.0,145.9,445.9
12.0,147.6,446.0
12.0,148.1,445.9
12.0,146.2,446.0
12.0,147.7,445.9
12.0,147.3,445.9
12.0,147.1,445.9
12.1,148.0,446.0
12.1,147.6,446.0
12.1,147.7,445.9
12.1,148.1,446.0
12.1,147.6,445.9
12.1,147.6,446.0
12.1,147.6,446.0
12.1,147.7,445.9
12.1,148.1,446.0
12.1,147.6,446.0
12.1,147.6,445.9
12.1,147.8,446.0
12.1,148.5,446.0
12.1,148.1,445.9
12.2,148.0,445.8
12.2,148.3,445.8
12.2,147.6,445.8
12.2,148.3,445.8
12.2,148.4,445.8
12.2,147.8,445.8
12.2,148.2,445.8
12.2,148.1,445.8
12.2,148.0,445.8
12.2,148.2,445.8
12.2,147.7,445.8
12.2,148.0,445.8
12.2,147.7,445.8
12.2,148.5,445.8
12.2,147.4,445.8
12.3,147.6,445.8
12.3,147.0,445.8
12.3,147.3,445.8
12.3,148.3,445.8
12.3,146.4,445.8
12.3,148.1,445.8
12.3,147.5,445.8
12.3,147.4,445.8
12.3,147.6,445.8
12.3,146.9,445.8
12.3,147.8,445.8
12.3,148.2,445.8
12.3,147.0,445.8
12.3,147.5,445.8
12.3,147.6,445.8
12.4,147.7,445.8
12.4,148.1,445.8
12.4,147.9,445.8
12.4,147.8,445.8
12.4,147.6,445.8
12.4,147.9,445.8
12.4,148.0,445.8
12.4,147.5,445.8
12.4,147.6,445.8
12.4,147.4,445.8
12.4,147.3,445.8
12.4,148.0,445.8
12.4,147.7,445.8
12.4,145.8,445.7
12.4,147.3,445.8
12.5,148.0,445.8
12.5,147.7,445.8
12.5,147.9,445.8
12.5,147.7,445.8
12.5,147.9,445.8
12.5,148.0,445.8
12.5,147.9,445.8
12.5,148.5,445.8
12.5,148.2,445.8
12.5,147.7,445.8
12.5,148.0,445.8
12.5,146.5,445.8
12.5,148.4,445.8
12.5,148.0,445.8
12.5,147.7,445.8
12.6,147.9,445.8
12.6,147.3,445.7
12.6,147.5,445.8
12.6,148.5,445.8
12.6,147.7,445.8
12.6,148.2,445.8
12.6,147.5,445.8
12.6,148.0,445.8
12.6,147.6,445.8
12.6,147.2,445.8
12.6,147.1,445.8
12.6,146.8,445.8
12.6,147.1,445.8
12.6,147.0,445.8
12.7,146.2,445.8
12.7,145.9,445.8
12.7,145.5,445.8
12.7,145.2,445.8
12.7,144.6,445.8
12.7,144.7,445.8
12.7,144.6,445.8
12.7,144.6,445.8
12.7,145.0,445.8
12.7,144.6,445.8
12.7,145.5,445.8
12.7,145.8,445.8
12.7,146.0,445.8
12.7,145.1,445.8
12.7,146.8,445.8
12.8,147.0,445.8
12.8,147.1,445.8
12.8,147.0,445.8
12.8,146.8,445.8
12.8,147.0,445.9
12.8,146.4,445.9
12.8,145.8,445.8
12.8,147.5,445.8
12.8,147.7,445.8
12.8,146.9,445.8
12.8,147.2,445.8
12.8,147.4,445.8
12.8,147.3,445.8
12.8,147.4,445.8
12.9,146.7,445.8
12.9,147.4,445.8
12.9,147.0,445.8
12.9,147.3,445.8
12.9,147.6,445.8
12.9,147.0,445.9
12.9,147.5,445.9
12.9,147.2,445.9
12.9,147.7,445.9
12.9,148.1,445.9
12.9,146.4,445.9
12.9,148.3,445.9
12.9,148.1,445.9
12.9,148.1,445.9
12.9,148.8,445.9
13.0,148.2,445.9
13.0,148.6,445.9
13.0,148.1,445.9
13.0,148.8,445.9
13.0,148.1,445.9
13.0,147.8,445.9
13.0,147.3,445.9
13.0,148.4,445.9
13.0,148.6,445.9
13.0,148.9,445.9
13.0,147.6,445.9
13.0,148.1,445.9
13.0,148.1,445.9
13.0,148.0,446.6
13.0,146.9,446.6
13.1,148.0,446.6
13.1,147.9,446.6
13.1,147.7,446.6
13.1,147.8,446.6
13.1,148.0,446.6
13.1,147.9,446.6
13.1,148.1,446.6
13.1,148.1,446.6
13.1,148.1,446.6
13.1,147.7,446.6
13.1,148.2,446.6
13.1,148.1,446.6
13.1,148.0,446.6
13.1,148.2,446.6
13.1,148.0,446.6
13.2,148.3,446.6
13.2,148.6,446.6
13.2,148.5,446.6
13.2,148.9,446.6
13.2,148.0,446.6
13.2,148.7,446.6
13.2,148.6,446.6
13.2,148.2,446.6
13.2,148.3,446.6
13.2,147.9,446.6
13.2,148.3,446.6
13.2,148.4,446.6
13.2,148.0,446.6
13.2,146.5,446.6
13.2,148.0,446.6
13.3,148.5,446.6
13.3,147.8,446.6
13.3,148.1,446.6
13.3,147.7,446.6
13.3,148.1,446.6
13.3,148.2,446.6
13.3,148.0,446.6
13.3,148.6,446.6
13.3,149.0,446.6
13.3,148.5,446.6
13.3,148.5,446.6
13.3,148.5,446.6
13.3,148.7,446.6
13.3,148.8,446.6
13.3,148.1,446.6
13.4,148.9,446.6
13.4,147.2,446.6
13.4,148.9,446.5
13.4,149.2,446.5
13.4,148.4,446.5
13.4,148.8,446.5
13.4,148.5,446.5
13.4,148.7,446.5
13.4,148.6,446.8
13.4,148.4,446.8
13.4,148.4,446.8
13.4,148.2,446.8
13.4,148.4,446.8
13.4,148.7,446.8
13.5,147.9,446.8
13.5,148.3,446.7
13.5,147.6,446.7
13.5,148.1,446.7
13.5,148.2,446.7
13.5,148.1,446.7
13.5,147.9,446.7
13.5,147.8,446.7
13.5,148.1,446.7
13.5,148.4,446.7
13.5,147.9,446.7
13.5,146.9,446.7
13.5,148.4,446.7
13.5,148.9,446.7
13.5,148.3,446.7
13.6,148.4,446.7
13.6,147.7,446.7
13.6,148.7,446.7
13.6,149.0,446.7
13.6,148.5,446.7
13.6,149.0,446.7
13.6,148.6,446.7
13.6,147.0,446.7
13.6,148.3,446.7
13.6,147.2,446.6
13.6,149.2,446.7
13.6,148.7,446.7
13.6,148.3,446.7
13.6,148.6,446.7
13.6,148.4,446.7
13.7,148.3,446.7
13.7,148.3,446.7
13.7,147.9,446.7
13.7,148.0,446.7
13.7,148.0,446.7
13.7,147.7,446.7
13.7,147.8,446.7
13.7,147.9,446.7
13.7,148.3,446.7
13.7,148.1,446.7
13.7,148.3,446.7
13.7,148.1,446.7
13.7,148.0,446.7
13.7,148.4,446.7
13.7,147.1,446.7
13.8,148.0,446.7
13.8,148.6,446.7
13.8,147.8,446.7
13.8,148.4,446.7
13.8,148.4,446.7
13.8,148.4,446.7
13.8,148.3,446.7
13.8,147.8,446.7
13.8,146.7,446.7
13.8,148.2,446.7
13.8,148.3,446.6
13.8,147.8,446.7
13.8,148.2,446.7
13.8,148.1,446.7
13.8,148.2,446.7
13.9,148.9,446.7
13.9,147.0,446.8
13.9,148.0,446.8
13.9,148.6,446.8
13.9,147.8,446.8
13.9,148.5,446.8
13.9,147.7,446.8
13.9,148.2,446.8
13.9,148.5,446.8
13.9,147.5,446.8
13.9,148.3,446.8
13.9,147.9,446.8
13.9,148.1,446.8
13.9,148.1,446.8
14.0,148.0,446.8
14.0,148.3,446.8
14.0,148.3,446.8
14.0,148.4,446.8
14.0,148.6,446.8
14.0,148.0,446.8
14.0,148.5,446.8
14.0,148.0,446.8
14.0,148.0,446.8
14.0,148.4,446.8
14.0,148.0,446.8
14.0,148.1,446.8
14.0,148.2,446.8
14.0,147.8,446.8
14.0,148.4,446.8
14.1,148.3,446.8
14.1,148.6,446.8
14.1,148.2,446.8
14.1,148.0,446.8
14.1,147.8,446.8
14.1,147.8,446.8
14.1,147.3,446.8
14.1,147.9,446.7
14.1,148.4,446.7
14.1,147.1,446.7
14.1,148.2,446.7
14.1,148.2,446.7
14.1,147.5,446.7
14.1,147.9,446.7
14.1,148.1,446.7
14.2,147.9,446.7
14.2,148.2,446.7
14.2,148.1,446.7
14.2,148.2,446.7
14.2,146.9,446.7
14.2,148.5,446.7
14.2,148.8,446.7
14.2,148.1,446.7
14.2,148.3,446.7
14.2,148.0,446.7
14.2,148.5,446.7
14.2,148.5,446.7
14.2,148.0,446.7
14.2,148.5,446.7
14.2,147.8,446.8
14.3,148.5,446.8
14.3,148.7,446.8
14.3,148.2,446.8
14.3,148.3,446.8
14.3,148.1,446.7
14.3,148.4,446.7
14.3,148.4,446.7
14.3,147.9,446.7
14.3,147.7,446.7
14.3,148.1,446.7
14.3,148.3,446.6
14.3,148.6,446.6
14.3,147.9,446.6
14.3,146.8,446.6
14.3,148.1,446.6
14.4,148.7,446.6
14.4,148.9,446.6
14.4,148.2,446.6
14.4,148.0,446.6
14.4,148.3,446.6
14.4,148.5,446.6
14.4,148.7,446.6
14.4,148.7,446.6
14.4,149.0,446.6
14.4,148.7,446.6
14.4,149.0,446.6
14.4,147.2,446.6
14.4,149.1,446.6
14.4,148.9,446.6
14.4,147.9,446.6
14.5,148.5,446.7
14.5,148.1,446.6
14.5,148.3,446.6
14.5,148.4,446.6
14.5,147.8,446.5
14.5,147.8,446.5
14.5,148.1,446.5
14.5,148.1,446.5
14.5,148.2,446.5
14.5,147.5,446.5
14.5,147.9,446.5
14.5,147.8,446.5
14.5,147.8,446.5
14.5,148.3,446.5
14.6,148.0,446.5
14.6,147.8,446.5
14.6,148.1,446.5
14.6,148.0,446.5
14.6,148.3,446.5
14.6,147.9,446.5
14.6,148.6,446.5
14.6,148.7,446.5
14.6,148.7,446.5
14.6,148.9,446.5
14.6,148.8,446.5
14.6,148.4,446.5
14.6,148.4,446.5
14.6,148.9,446.5
14.6,149.5,446.5
14.7,148.6,446.5
14.7,147.6,446.5
14.7,148.5,446.6
14.7,148.5,446.6
14.7,148.9,446.6
14.7,149.1,446.6
14.7,148.1,446.6
14.7,148.7,446.5
14.7,148.7,446.5
14.7,147.8,446.5
14.7,147.8,446.5
14.7,148.1,446.5
14.7,147.3,446.5
14.7,147.8,446.5
14.7,146.6,446.5
14.8,148.5,446.5
14.8,148.6,446.5
14.8,148.4,446.5
14.8,148.6,446.5
14.8,148.5,446.5
14.8,148.8,446.5
14.8,149.1,446.5
14.8,147.9,446.5
14.8,148.6,446.5
14.8,148.1,446.5
14.8,148.3,446.5
14.8,148.3,446.5
14.8,148.2,446.5
14.8,148.5,446.6
14.8,148.1,446.6
14.9,149.0,446.6
14.9,148.7,446.6
14.9,148.4,446.6
14.9,148.7,446.6
14.9,148.2,446.6
14.9,148.8,446.6
14.9,149.1,446.6
14.9,148.6,446.6
14.9,148.6,446.6
14.9,148.3,446.6
14.9,148.6,446.6
14.9,149.0,446.6
14.9,147.9,446.6
14.9,147.8,446.6
14.9,147.5,446.6
15.0,148.2,446.6
15.0,147.5,446.6
15.0,147.9,446.6
15.0,148.2,446.6
15.0,147.4,446.6
15.0,147.7,446.6
15.0,146.7,446.6
15.0,148.6,446.6
15.0,148.5,446.6
15.0,147.7,446.6
15.0,147.9,446.6
15.0,148.5,446.6
15.0,148.2,446.6
15.0,148.7,446.6
15.0,148.1,446.6
15.1,148.2,446.6
15.1,148.0,446.6
15.1,148.6,446.6
15.1,148.3,446.6
15.1,148.1,446.6
15.1,148.6,446.6
15.1,148.1,446.6
15.1,148.5,446.6
15.1,148.3,446.6
15.1,147.8,446.6
15.1,148.5,446.6
15.1,148.3,446.6
15.1,148.7,446.6
15.1,148.7,446.6
15.2,148.0,446.6
15.2,148.9,446.6
15.2,148.0,446.6
15.2,148.5,446.6
15.2,148.5,446.6
15.2,148.0,446.6
15.2,146.4,446.6
15.2,148.2,446.6
15.2,148.2,446.6
15.2,148.2,446.6
15.2,147.8,446.6
15.2,147.6,446.6
15.2,147.3,446.6
15.2,147.5,446.6
15.2,146.3,446.6
15.3,147.8,446.6
15.3,146.7,446.6
15.3,147.1,446.6
15.3,147.7,446.6
15.3,147.5,446.6
15.3,147.3,446.5
15.3,147.5,446.5
15.3,147.0,446.5
15.3,147.3,446.5
15.3,147.2,446.4
15.3,147.5,446.4
15.3,147.7,446.4
15.3,147.4,446.4
15.3,147.3,446.4
15.3,147.2,446.4
15.4,147.5,446.4
15.4,147.5,446.4
15.4,146.8,446.4
15.4,146.2,446.4
15.4,147.3,446.4
15.4,147.5,446.4
15.4,146.9,446.4
15.4,147.1,446.4
15.4,147.3,446.4
15.4,147.0,446.4
15.4,146.8,446.4
15.4,146.3,446.4
15.4,145.5,446.4
15.4,146.9,446.4
15.5,146.6,446.4
15.5,147.6,446.4
15.5,147.0,446.4
15.5,147.5,446.4
15.5,148.0,446.4
15.5,147.4,446.4
15.5,147.3,446.4
15.5,147.5,446.4
15.5,147.7,446.4
15.5,147.7,446.4
15.5,147.2,446.4
15.5,147.6,446.4
15.5,146.6,446.4
15.5,147.2,446.4
15.5,147.4,446.4
15.6,146.6,446.4
15.6,146.6,446.4
15.6,146.1,446.4
15.6,146.7,446.4
15.6,145.3,446.4
15.6,146.6,446.4
15.6,147.5,446.4
15.6,146.6,446.4
15.6,147.6,446.4
15.6,147.2,446.4
15.6,147.4,446.4
15.6,147.6,446.4
15.6,146.9,446.4
15.6,147.4,446.4
15.6,147.2,446.4
15.7,147.3,446.4
15.7,147.6,446.4
15.7,147.1,446.4
15.7,147.5,446.4
15.7,147.2,446.4
15.7,147.4,446.4
15.7,147.5,446.4
15.7,147.5,446.4
15.7,147.3,446.4
15.7,147.2,446.4
15.7,147.6,446.4
15.7,147.7,446.4
15.7,147.5,446.4
15.7,146.9,446.4
15.7,148.1,446.4
15.8,148.2,446.4
15.8,146.3,446.4
15.8,148.3,446.4
15.8,147.0,446.4
15.8,148.1,446.4
15.8,148.5,446.4
15.8,148.0,446.4
15.8,148.3,446.4
15.8,147.9,446.4
15.8,147.8,446.4
15.8,148.0,446.4
15.8,146.8,446.4
15.8,148.5,446.4
15.8,148.4,446.4
15.8,147.8,446.4
15.9,148.5,446.4
15.9,148.0,446.5
15.9,147.8,446.5
15.9,148.7,446.5
15.9,148.1,446.5
15.9,148.4,446.5
15.9,148.3,446.5
15.9,148.6,446.5
15.9,149.0,446.5
15.9,148.4,446.5
15.9,148.6,446.5
15.9,148.3,446.5
15.9,148.6,446.5
15.9,149.0,446.5
16.0,148.5,446.5
16.0,148.7,446.5
16.0,148.1,446.5
16.0,148.4,446.5
16.0,148.9,446.5
16.0,148.4,446.5
16.0,148.9,446.5
16.0,148.7,446.5
16.0,145.1,446.5
16.0,149.1,446.5
16.0,149.2,446.5
16.0,146.9,446.5
16.0,149.3,446.5
16.0,148.5,446.5
16.0,149.7,446.5
16.1,148.3,446.5
16.1,147.6,446.5
16.1,148.6,446.5
16.1,149.5,446.5
16.1,149.7,446.5
16.1,149.3,446.5
16.1,148.7,446.5
16.1,147.4,446.5
16.1,148.4,446.5
16.1,148.8,446.5
16.1,148.8,446.5
16.1,149.1,446.5
16.1,148.4,446.5
16.1,149.2,446.5
16.1,148.2,446.5
16.2,149.3,446.5
16.2,148.9,446.5
16.2,149.1,446.5
16.2,149.1,446.5
16.2,148.7,446.5
16.2,149.2,446.5
16.2,149.0,446.5
16.2,148.5,446.5
16.2,148.9,446.5
16.2,148.4,446.5
16.2,149.0,446.5
16.2,148.5,446.5
16.2,148.2,446.5
16.2,148.9,446.5
16.2,147.8,446.5
16.3,148.9,446.5
16.3,148.9,446.5
16.3,148.4,446.5
16.3,148.5,446.5
16.3,148.4,446.5
16.3,148.1,446.5
16.3,149.1,446.5
16.3,147.6,446.5
16.3,148.7,446.5
16.3,148.1,446.5
16.3,149.1,446.4
16.3,148.4,446.4
16.3,149.5,446.4
16.3,148.5,446.4
16.3,148.8,446.4
16.4,148.3,446.4
16.4,149.7,446.4
16.4,147.7,446.4
16.4,149.2,446.4
16.4,147.7,446.4
16.4,148.3,446.4
16.4,148.5,446.4
16.4,148.8,446.4
16.4,147.3,446.4
16.4,149.0,446.4
16.4,149.1,446.4
16.4,149.3,446.4
16.4,149.1,446.4
16.4,148.1,446.4
16.4,148.9,446.4
16.5,148.8,446.4
16.5,148.6,446.4
16.5,149.2,446.4
16.5,148.9,446.4
16.5,148.8,446.4
16.5,149.3,446.4
16.5,149.6,446.4
16.5,149.1,446.4
16.5,149.0,446.4
16.5,149.1,446.4
16.5,149.0,446.4
16.5,147.2,446.4
16.5,149.2,446.4
16.5,149.5,446.4
16.5,148.8,446.4
16.6,149.1,446.4
16.6,147.9,446.4
16.6,149.1,446.4
16.6,148.5,446.4
16.6,148.9,446.4
16.6,148.4,446.4
16.6,149.0,446.4
16.6,148.1,446.4
16.6,149.0,446.4
16.6,147.7,446.4
16.6,149.3,446.4
16.6,147.8,446.4
16.6,149.0,446.4
16.6,148.3,446.6
16.7,147.9,446.6
16.7,148.8,446.6
16.7,148.5,446.6
16.7,148.1,446.6
16.7,148.9,446.6
16.7,147.6,446.6
16.7,148.4,446.6
16.7,147.9,446.6
16.7,148.4,446.6
16.7,148.4,446.6
16.7,147.9,446.6
16.7,148.2,446.6
16.7,147.9,446.6
16.7,148.7,446.6
16.7,148.1,446.6
16.8,147.7,446.6
16.8,147.7,446.6
16.8,147.7,446.6
16.8,147.5,446.6
16.8,147.7,446.6
16.8,148.0,446.6
16.8,147.4,446.6
16.8,147.0,446.6
16.8,147.5,446.6
16.8,146.8,446.6
16.8,147.0,446.6
16.8,146.4,446.6
16.8,145.5,446.6
16.8,145.6,446.7
16.8,145.0,446.7
16.9,144.9,446.7
16.9,143.7,446.7
16.9,144.1,446.7
16.9,143.9,446.7
16.9,143.1,446.9
16.9,143.4,446.9
16.9,143.2,446.9
16.9,143.3,446.9
16.9,143.7,446.9
16.9,143.5,446.9
16.9,143.4,446.9
16.9,143.9,446.9
16.9,143.9,446.9
16.9,144.3,446.9
17.0,144.6,446.9
17.0,144.8,446.9
17.0,144.9,446.9
17.0,145.3,446.9
17.0,145.4,446.9
17.0,145.9,446.9
17.0,145.8,446.9
17.0,145.8,446.9
17.0,146.3,446.9
17.0,145.9,446.9
17.0,146.6,446.9
17.0,145.1,446.9
17.0,145.9,446.9
17.0,144.5,446.9
17.0,146.4,446.9
17.1,146.1,446.9
17.1,145.3,446.9
17.1,145.2,446.9
17.1,145.5,446.9
17.1,144.4,446.9
17.1,144.5,446.9
17.1,142.9,446.9
17.1,142.8,446.9
17.1,139.7,446.9
17.1,141.8,446.9
17.1,141.2,446.9
17.1,140.5,446.9
17.1,139.6,446.9
17.1,139.4,446.9
17.2,139.4,446.9
17.2,138.1,446.9
17.2,138.1,446.9
17.2,138.0,446.9
17.2,138.1,446.9
17.2,138.6,446.9
17.2,137.6,446.9
17.2,139.3,446.9
17.2,139.7,446.9
17.2,140.3,446.9
17.2,140.9,446.9
17.2,140.5,446.9
17.2,141.0,446.9
17.2,141.2,446.9
17.3,141.6,446.8
17.3,142.4,446.8
17.3,143.5,446.8
17.3,143.7,446.8
17.3,143.8,446.8
17.3,144.2,446.8
17.3,144.2,446.7
17.3,144.9,446.7
17.3,144.9,446.7
17.3,144.9,446.7
17.3,145.8,446.7
17.3,145.2,446.7
17.3,145.8,446.7
17.3,145.5,446.7
17.4,146.1,446.7
17.4,145.9,446.7
17.4,145.7,446.7
17.4,146.2,446.7
17.4,147.1,446.7
17.4,147.0,446.7
17.4,145.1,446.7
17.4,147.2,446.7
17.4,147.4,446.7
17.4,145.6,446.7
17.4,147.7,446.7
17.4,147.1,446.7
17.4,147.2,446.7
17.4,147.8,446.7
17.4,147.3,446.7
17.5,147.8,446.7
17.5,147.8,446.7
17.5,147.4,446.7
17.5,147.9,446.7
17.5,146.3,446.7
17.5,148.2,446.7
17.5,147.3,446.7
17.5,148.0,446.7
17.5,147.2,446.7
17.5,148.0,446.7
17.5,148.5,446.7
17.5,148.3,446.7
17.5,148.1,446.7
17.5,148.1,446.7
17.5,148.0,446.7
17.6,148.5,446.7
17.6,148.5,446.7
17.6,147.9,446.7
17.6,148.5,446.7
17.6,148.2,446.7
17.6,148.7,446.7
17.6,148.5,446.7
17.6,148.3,446.7
17.6,148.4,446.7
17.6,148.3,446.7
17.6,148.7,446.7
17.6,148.9,446.7
17.6,148.5,446.7
17.6,148.6,446.8
17.6,148.0,446.8
17.7,148.9,446.9
17.7,149.1,446.8
17.7,148.4,446.9
17.7,148.9,446.9
17.7,148.2,446.8
17.7,147.1,446.9
17.7,149.1,446.9
17.7,148.9,446.9
17.7,147.5,446.9
17.7,148.7,446.9
17.7,148.7,446.7
17.7,147.4,446.7
17.7,149.2,446.7
17.7,148.7,446.7
17.7,148.8,446.7
17.8,149.1,446.7
17.8,148.2,446.7
17.8,148.9,446.7
17.8,148.7,446.7
17.8,148.3,446.7
17.8,148.1,446.7
17.8,147.7,446.7
17.8,148.0,446.7
17.8,147.3,446.7
17.8,146.5,446.7
17.8,146.4,446.7
17.8,145.6,446.7
17.8,145.9,446.7
17.8,145.8,446.7
17.9,144.2,446.7
17.9,143.2,446.7
17.9,141.6,446.7
17.9,139.8,446.7
17.9,138.7,446.7
17.9,138.0,446.7
17.9,137.1,446.7
17.9,137.5,446.7
17.9,137.5,446.7
17.9,138.7,446.7
17.9,138.7,446.7
17.9,139.3,446.6
17.9,140.1,446.6
17.9,140.2,446.6
18.0,141.4,446.6
18.0,142.3,446.6
18.0,142.3,446.6
18.0,142.4,446.6
18.0,143.5,446.6
18.0,143.9,446.6
18.0,144.9,446.6
18.0,144.2,446.6
18.0,143.8,446.6
18.0,145.4,446.6
18.0,145.8,446.6
18.0,144.1,446.6
18.0,146.2,446.6
18.0,146.5,446.6
18.0,145.7,446.6
18.1,146.6,446.6
18.1,146.4,446.6
18.1,146.7,446.6
18.1,146.5,446.6
18.1,146.6,446.6
18.1,146.6,446.6
18.1,146.8,446.6
18.1,147.4,446.6
18.1,147.5,446.6
18.1,147.1,446.6
18.1,146.8,446.6
18.1,146.6,446.6
18.1,147.6,446.6
18.1,147.2,446.6
18.2,147.1,446.6
18.2,147.1,446.6
18.2,147.1,446.6
18.2,147.3,446.6
18.2,147.7,446.6
18.2,147.2,446.6
18.2,147.8,446.6
18.2,147.2,446.6
18.2,147.3,446.6
18.2,147.7,446.6
18.2,147.7,446.6
18.2,147.2,446.6
18.2,148.1,446.6
18.2,148.4,446.6
18.2,147.4,446.6
18.3,147.8,446.6
18.3,147.6,446.6
18.3,147.5,446.6
18.3,147.6,446.6
18.3,146.5,446.6
18.3,148.2,446.6
18.3,147.8,446.6
18.3,147.9,446.6
18.3,148.5,446.6
18.3,147.3,446.5
18.3,134.5,446.5
18.3,135.4,446.5
18.3,137.9,446.5
18.3,146.8,446.5
18.3,153.0,446.5
18.4,153.1,446.5
18.4,153.7,446.5
18.4,153.4,446.5
18.4,152.2,446.5
18.4,152.6,446.5
18.4,153.9,446.5
18.4,153.3,446.5
18.4,153.5,446.5
18.4,153.2,446.5
18.4,153.8,446.5
18.4,153.1,446.5
18.4,151.2,446.5
18.4,152.6,446.5
18.4,153.4,446.5
18.4,153.7,446.5
18.5,153.4,446.5
18.5,153.3,446.5
18.5,153.8,446.5
18.5,153.4,446.5
18.5,153.7,446.5
18.5,153.4,446.5
18.5,153.9,446.5
18.5,153.4,446.5
18.5,154.1,446.5
18.5,153.3,446.5
18.5,154.1,446.5
18.5,154.1,446.5
18.5,153.3,446.5
18.5,154.7,446.5
18.5,154.7,446.5
18.5,154.2,446.5
18.6,154.8,446.5
18.6,155.5,446.5
18.6,155.2,446.5
18.6,155.1,446.5
18.6,155.2,446.5
18.6,155.5,446.5
18.6,155.0,446.5
18.6,154.0,446.5
18.6,155.5,446.5
18.6,154.6,446.5
18.6,155.3,446.5
18.6,154.3,446.5
18.6,155.4,446.5
18.6,155.4,446.5
18.6,155.8,446.5
18.7,155.2,446.5
18.7,155.8,446.5
18.7,156.1,446.5
18.7,156.0,446.5
18.7,155.8,446.5
18.7,155.4,446.5
18.7,155.9,446.5
18.7,155.2,446.6
18.7,155.7,446.4
18.7,154.9,446.4
18.7,155.8,446.4
18.7,156.0,446.4
18.7,156.4,446.4
18.7,156.2,446.4
18.7,156.2,446.5
18.7,155.8,446.5
18.8,156.6,446.5
18.8,156.2,446.5
18.8,156.2,446.5
18.8,156.7,446.5
18.8,157.0,446.5
18.8,156.5,446.5
18.8,154.2,446.5
18.8,156.7,446.5
18.8,156.7,446.5
18.8,156.6,446.5
18.8,156.4,446.5
18.8,156.4,446.5
18.8,155.9,446.5
18.8,156.6,446.5
18.8,156.1,446.5
18.8,156.4,446.5
18.9,156.3,446.5
18.9,156.7,446.5
18.9,156.3,446.5
18.9,156.5,446.5
18.9,156.3,446.5
18.9,156.2,446.5
18.9,156.4,446.5
18.9,156.2,446.5
18.9,156.2,446.5
18.9,155.8,446.5
18.9,154.7,446.5
18.9,156.4,446.5
18.9,156.5,446.5
18.9,156.9,446.5
18.9,157.1,446.5
19.0,156.8,446.5
19.0,156.8,446.5
19.0,155.8,446.5
19.0,156.9,446.5
19.0,156.9,446.5
19.0,156.3,446.5
19.0,156.8,446.5
19.0,155.9,446.5
19.0,156.5,446.5
19.0,156.3,446.5
19.0,156.4,446.5
19.0,156.3,446.5
19.0,157.1,446.5
19.0,156.9,446.5
19.0,156.3,446.5
19.0,155.8,446.5
19.1,156.8,446.5
19.1,157.0,446.5
19.1,156.2,446.5
19.1,156.4,446.5
19.1,156.4,446.5
19.1,156.9,446.5
19.1,156.1,446.5
19.1,156.2,446.5
19.1,156.7,446.5
19.1,157.0,446.5
19.1,156.3,446.5
19.1,156.8,446.5
19.1,152.3,446.5
19.1,156.1,446.6
19.1,156.7,446.6
19.1,156.1,446.6
19.2,156.4,446.6
19.2,156.2,446.6
19.2,156.9,446.6
19.2,155.4,446.6
19.2,156.4,446.6
19.2,156.6,446.6
19.2,157.1,446.6
19.2,156.4,446.6
19.2,156.7,446.6
19.2,156.6,446.5
19.2,156.8,446.5
19.2,156.9,446.5
19.2,156.2,446.5
19.2,156.6,446.5
19.2,156.0,446.5
19.3,156.2,446.5
19.3,155.3,446.5
19.3,156.1,446.5
19.3,156.5,446.5
19.3,156.7,446.5
19.3,155.9,446.5
19.3,156.2,446.6
19.3,156.1,446.6
19.3,155.7,446.5
19.3,156.5,446.6
19.3,155.9,446.6
19.3,155.9,446.6
19.3,155.6,446.6
19.3,155.9,446.6
19.3,155.1,446.6
19.3,156.0,446.6
19.4,156.2,446.6
19.4,156.8,446.6
19.4,156.2,446.6
19.4,156.1,446.6
19.4,156.1,446.6
19.4,156.2,446.6
19.4,156.3,446.6
19.4,156.0,446.6
19.4,156.3,446.6
19.4,156.0,446.6
19.4,155.7,446.6
19.4,155.1,446.6
19.4,156.2,446.6
19.4,156.7,446.6
19.4,156.6,446.6
19.5,156.4,446.6
19.5,156.9,446.6
19.5,156.2,446.6
19.5,156.0,446.6
19.5,156.4,446.6
19.5,156.2,446.6
19.5,156.3,446.6
19.5,156.3,446.6
19.5,156.5,446.6
19.5,154.3,446.6
19.5,156.8,446.6
19.5,157.1,446.6
19.5,156.4,446.6
19.5,156.2,446.6
19.5,156.8,446.6
19.5,156.2,446.6
19.6,156.2,446.6
19.6,156.2,446.6
19.6,156.2,446.6
19.6,156.1,446.6
19.6,155.8,446.6
19.6,156.4,446.5
19.6,156.6,446.5
19.6,156.2,446.5
19.6,156.9,446.6
19.6,156.7,446.6
19.6,156.1,446.6
19.6,156.6,446.6
19.6,155.9,446.6
19.6,156.6,446.6
19.6,156.1,446.6
19.6,155.8,446.6
19.7,156.2,446.6
19.7,156.8,446.6
19.7,156.6,446.6
19.7,155.5,446.6
19.7,156.2,446.7
19.7,156.2,446.7
19.7,156.9,446.7
19.7,154.7,446.7
19.7,156.5,446.7
19.7,156.4,446.7
19.7,156.9,446.7
19.7,156.2,446.8
19.7,156.2,446.8
19.7,156.6,446.8
19.7,157.0,446.8
19.8,156.3,446.8
19.8,156.5,446.8
19.8,156.2,446.8
19.8,156.8,446.8
19.8,156.6,446.8
19.8,155.8,446.8
19.8,156.4,446.8
19.8,156.3,446.8
19.8,156.1,446.8
19.8,156.1,446.8
19.8,155.9,446.8
19.8,156.1,446.8
19.8,155.3,446.8
19.8,155.9,446.8
19.8,156.5,446.8
19.8,155.9,446.8
19.9,156.4,446.8
19.9,156.0,446.8
19.9,155.6,446.8
19.9,155.9,446.8
19.9,155.5,446.8
19.9,156.1,446.8
19.9,155.1,446.8
19.9,154.7,446.8
19.9,155.0,446.8
19.9,154.5,446.8
19.9,155.6,446.8
19.9,155.4,446.8
19.9,154.6,446.8
19.9,155.2,446.8
19.9,155.7,446.8
20.0,155.1,446.8
20.0,155.3,446.8
20.0,155.1,446.8
20.0,155.5,446.8
20.0,155.6,446.8
20.0,154.7,446.8
20.0,154.9,446.8
20.0,154.6,446.8
20.0,155.3,446.8
20.0,154.3,446.8
20.0,154.6,446.8
20.0,154.3,446.9
20.0,154.9,446.9
20.0,154.8,446.9
20.0,154.9,446.9
20.0,154.4,446.9
20.1,154.5,446.9
20.1,154.4,447.0
20.1,153.7,447.0
20.1,153.9,447.0
20.1,153.9,447.0
20.1,153.6,447.0
20.1,153.6,447.0
20.1,153.7,447.0
20.1,154.0,447.0
20.1,153.9,447.0
20.1,154.4,447.0
20.1,154.4,447.0
20.1,154.5,447.0
20.1,154.8,447.0
20.1,153.9,446.9
20.2,154.4,446.9
20.2,155.0,446.9
20.2,153.1,446.9
20.2,155.0,446.9
20.2,154.9,446.9
20.2,155.1,446.9
20.2,155.4,446.9
20.2,153.7,446.9
20.2,155.1,446.9
20.2,155.0,446.9
20.2,154.7,446.9
20.2,154.9,446.9
20.2,154.1,446.9
20.2,154.9,446.9
20.2,154.4,446.9
20.2,153.8,446.9
20.3,153.7,446.9
20.3,153.8,446.9
20.3,153.8,446.9
20.3,152.5,446.9
20.3,152.6,446.9
20.3,153.9,446.9
20.3,154.4,446.9
20.3,153.9,446.9
20.3,154.3,446.9
20.3,154.2,446.9
20.3,154.5,446.9
20.3,154.2,446.9
20.3,154.2,446.9
20.3,154.5,446.9
20.3,154.5,446.9
20.4,154.6,446.9
20.4,155.0,446.9
20.4,153.2,446.9
20.4,154.8,446.9
20.4,155.5,446.9
20.4,155.1,446.9
20.4,155.2,446.9
20.4,154.7,446.9
20.4,154.6,446.9
20.4,154.7,446.9
20.4,154.0,446.9
20.4,155.2,446.9
20.4,154.2,446.9
20.4,154.9,446.9
20.4,155.4,446.9
20.4,153.5,446.9
20.5,155.0,446.9
20.5,155.5,446.9
20.5,155.3,446.9
20.5,154.1,446.9
20.5,155.4,446.9
20.5,155.4,446.9
20.5,155.7,446.9
20.5,155.5,446.9
20.5,155.4,446.9
20.5,155.2,446.9
20.5,155.7,446.9
20.5,155.8,446.9
20.5,153.7,446.8
20.5,155.1,446.8
20.5,155.7,446.8
20.6,155.1,446.8
20.6,155.2,446.8
20.6,155.0,446.8
20.6,155.1,446.8
20.6,155.0,446.8
20.6,155.1,446.8
20.6,155.7,446.8
20.6,155.1,446.8
20.6,155.1,446.8
20.6,155.2,446.8
20.6,153.5,446.8
20.6,155.0,446.8
20.6,154.5,446.8
20.6,155.4,446.8
20.6,154.7,446.8
20.6,154.7,446.8
20.7,155.1,446.8
20.7,154.7,446.8
20.7,154.8,446.8
20.7,154.0,446.8
20.7,155.3,446.8
20.7,155.2,446.9
20.7,155.7,446.9
20.7,153.8,446.8
20.7,155.1,446.9
20.7,154.6,446.9
20.7,154.3,446.8
20.7,155.0,446.7
20.7,154.8,446.7
20.7,154.6,446.7
20.7,154.6,446.7
20.8,154.9,446.7
20.8,154.9,446.7
20.8,154.5,446.7
20.8,154.7,446.7
20.8,154.3,446.7
20.8,153.7,446.7
20.8,153.5,446.7
20.8,154.7,446.7
20.8,154.9,446.7
20.8,154.7,446.7
20.8,155.0,446.7
20.8,155.2,446.7
20.8,154.9,446.7
20.8,154.6,446.8
20.8,155.3,446.8
20.8,154.8,446.8
20.9,154.6,446.8
20.9,153.3,446.8
20.9,154.9,446.8
20.9,155.1,446.8
20.9,154.6,446.8
20.9,154.9,446.8
20.9,154.9,446.8
20.9,154.6,446.8
20.9,154.8,446.8
20.9,154.4,446.8
20.9,154.9,446.8
20.9,154.6,446.8
20.9,153.4,446.8
20.9,154.0,446.8
20.9,152.3,446.8
21.0,154.4,446.8
21.0,154.7,446.8
21.0,153.9,446.8
21.0,154.7,446.8
21.0,153.8,446.8
21.0,154.6,446.8
21.0,154.5,446.8
21.0,154.8,446.8
21.0,154.3,446.8
21.0,154.3,446.8
21.0,154.9,446.8
21.0,155.0,446.8
21.0,152.7,446.8
21.0,154.3,446.8
21.0,154.8,446.8
21.1,154.5,446.8
21.1,154.7,446.8
21.1,154.2,446.8
21.1,154.9,446.8
21.1,154.8,446.8
21.1,154.1,446.8
21.1,154.6,446.8
21.1,154.2,446.8
21.1,154.8,446.8
21.1,154.4,446.8
21.1,153.1,446.8
21.1,154.2,446.8
21.1,154.8,446.8
21.1,154.2,446.8
21.1,155.1,446.8
21.1,153.6,446.8
21.2,154.3,446.8
21.2,154.9,446.8
21.2,154.5,446.8
21.2,153.8,446.8
21.2,154.0,446.8
21.2,153.8,446.8
21.2,154.2,446.8
21.2,152.7,446.8
21.2,153.7,446.8
21.2,153.8,446.8
21.2,154.2,446.8
21.2,153.7,446.8
21.2,153.7,446.8
21.2,154.0,446.8
21.2,154.1,446.8
21.3,154.0,446.8
21.3,153.1,446.8
21.3,153.8,446.8
21.3,154.2,446.8
21.3,154.3,446.8
21.3,152.9,446.8
21.3,154.0,446.8
21.3,154.1,446.8
21.3,154.2,446.8
21.3,154.6,446.8
21.3,153.9,446.8
21.3,154.0,446.8
21.3,153.7,446.8
21.3,154.3,446.8
21.3,154.4,446.8
21.3,152.9,446.8
21.4,153.3,446.8
21.4,152.8,446.8
21.4,152.2,446.8
21.4,154.1,446.8
21.4,153.6,446.8
21.4,153.9,446.8
21.4,153.3,446.8
21.4,153.8,446.8
21.4,152.1,446.8
21.4,153.4,446.8
21.4,153.5,446.8
21.4,153.3,446.8
21.4,153.9,446.8
21.4,154.2,446.8
21.4,153.6,446.8
21.5,151.8,446.8
21.5,154.2,446.8
21.5,153.8,446.8
21.5,153.7,446.8
21.5,153.4,446.8
21.5,154.0,446.8
21.5,154.1,446.8
21.5,152.7,446.8
21.5,153.8,446.8
21.5,152.3,446.8
21.5,153.4,446.8
21.5,153.2,446.8
21.5,152.7,446.8
21.5,148.9,446.9
21.5,152.1,447.2
21.6,153.0,447.2
21.6,152.9,447.2
21.6,153.6,447.2
21.6,153.1,447.2
21.6,153.9,447.2
21.6,153.4,447.2
21.6,153.8,447.2
21.6,153.8,447.2
21.6,153.5,447.2
21.6,154.2,447.2
21.6,152.4,447.2
21.6,153.5,447.2
21.6,153.6,447.2
21.6,153.9,447.2
21.6,153.8,447.2
21.6,152.5,447.2
21.7,152.9,447.2
21.7,153.3,447.2
21.7,153.4,447.2
21.7,153.6,447.2
21.7,152.5,447.2
21.7,153.0,447.2
21.7,152.1,447.2
21.7,151.7,447.2
21.7,152.2,447.2
21.7,152.5,447.2
21.7,152.5,447.2
21.7,152.3,447.2
21.7,152.6,447.2
21.7,148.3,447.2
21.7,152.3,447.2
21.8,152.8,447.2
21.8,152.3,447.2
21.8,152.0,447.2
21.8,151.1,447.2
21.8,152.6,447.2
21.8,151.4,447.2
21.8,152.1,447.2
21.8,152.1,447.2
21.8,152.4,447.2
21.8,151.3,447.2
21.8,152.6,447.2
21.8,152.4,447.2
21.8,152.4,447.2
21.8,152.7,447.2
21.8,152.0,447.2
21.9,152.9,447.2
21.9,152.2,447.2
21.9,151.1,447.2
21.9,152.1,447.2
21.9,152.7,447.2
21.9,153.0,447.2
21.9,153.0,447.2
21.9,152.0,447.2
21.9,152.2,447.2
21.9,151.6,447.2
21.9,152.2,447.2
21.9,152.1,447.2
21.9,152.0,447.2
21.9,151.9,447.2
21.9,152.0,447.2
22.0,151.4,447.2
22.0,152.5,447.2
22.0,152.2,447.2
22.0,152.7,447.2
22.0,151.8,447.2
22.0,152.7,447.2
22.0,151.3,447.1
22.0,152.0,447.1
22.0,152.4,447.1
22.0,153.0,447.2
22.0,152.4,447.2
22.0,152.4,447.1
22.0,152.6,447.1
22.0,151.3,447.1
22.0,152.4,447.1
22.1,152.3,447.1
22.1,151.9,447.1
22.1,152.2,447.1
22.1,152.7,447.1
22.1,152.7,447.1
22.1,152.1,447.1
22.1,152.7,447.1
22.1,151.7,447.1
22.1,152.2,447.1
22.1,152.5,447.1
22.1,151.5,447.1
22.1,152.8,447.1
22.1,151.2,447.1
22.1,152.7,447.1
22.1,151.7,447.1
22.1,151.8,447.1
22.2,151.3,447.1
22.2,151.8,447.1
22.2,151.5,447.1
22.2,152.1,447.1
22.2,151.1,447.1
22.2,151.8,447.1
22.2,151.2,447.1
22.2,151.9,447.1
22.2,151.0,447.1
22.2,151.6,447.1
22.2,151.1,447.1
22.2,151.3,447.1
22.2,151.6,447.1
22.2,152.3,447.1
22.2,151.8,447.1
22.3,152.4,447.1
22.3,152.0,447.1
22.3,151.9,447.1
22.3,150.5,447.1
22.3,152.3,447.1
22.3,152.6,447.1
22.3,152.6,447.1
22.3,152.3,447.1
22.3,152.2,447.1
22.3,152.0,447.1
22.3,152.4,447.1
22.3,152.5,447.1
22.3,151.8,447.1
22.3,152.3,447.1
22.3,152.2,447.1
22.4,151.9,447.1
22.4,152.3,447.1
22.4,151.9,447.1
22.4,152.1,447.1
22.4,151.8,447.1
22.4,151.8,447.1
22.4,152.6,447.1
22.4,151.3,447.1
22.4,152.5,447.1
22.4,151.3,447.1
22.4,152.4,447.1
22.4,151.8,447.1
22.4,152.1,447.1
22.4,151.9,447.1
22.4,152.4,447.1
22.5,151.8,447.1
22.5,153.0,447.1
22.5,151.7,447.1
22.5,152.7,447.1
22.5,152.3,447.1
22.5,152.7,447.1
22.5,151.2,447.1
22.5,153.0,447.1
22.5,152.4,447.1
22.5,153.4,447.1
22.5,152.6,447.1
22.5,153.1,447.1
22.5,152.5,447.1
22.5,153.0,447.1
22.5,153.4,447.1
22.6,152.2,447.1
22.6,152.7,447.1
22.6,152.5,447.1
22.6,152.9,447.1
22.6,152.6,447.1
22.6,152.1,447.1
22.6,152.4,447.1
22.6,152.2,447.0
22.6,152.2,447.0
22.6,152.7,447.0
22.6,152.3,447.0
22.6,152.4,447.0
22.6,151.9,447.0
22.6,152.9,447.0
22.6,152.6,447.0
22.6,152.4,447.0
22.7,152.3,447.0
22.7,152.7,447.0
22.7,152.0,447.0
22.7,151.8,447.0
22.7,151.5,447.0
22.7,152.7,447.0
22.7,152.2,447.0
22.7,152.2,447.0
22.7,150.7,447.0
22.7,152.2,447.0
22.7,151.8,447.0
22.7,152.5,447.0
22.7,151.3,447.0
22.7,151.7,447.0
22.7,151.1,447.0
22.8,152.1,447.0
22.8,151.5,447.0
22.8,151.2,447.0
22.8,151.3,447.0
22.8,151.5,447.0
22.8,151.5,447.0
22.8,151.4,447.0
22.8,151.5,447.0
22.8,151.9,447.0
22.8,151.8,447.0
22.8,148.8,447.0
22.8,152.0,447.0
22.8,152.0,447.0
22.8,152.7,447.0
22.8,152.3,447.0
22.9,152.5,447.0
22.9,152.4,447.0
22.9,152.1,447.0
22.9,152.5,447.0
22.9,152.8,447.0
22.9,152.7,447.0
22.9,152.6,447.0
22.9,152.3,447.0
22.9,152.4,447.0
22.9,151.7,447.0
22.9,153.0,447.0
22.9,152.1,447.0
22.9,152.6,447.0
22.9,152.0,447.0
22.9,152.5,447.1
23.0,152.3,447.1
23.0,152.9,447.1
23.0,152.1,447.1
23.0,152.7,447.1
23.0,152.2,447.1
23.0,152.8,447.1
23.0,152.4,447.1
23.0,149.0,447.1
23.0,152.6,447.1
23.0,152.6,447.1
23.0,152.0,447.1
23.0,153.2,447.1
23.0,152.2,447.1
23.0,153.1,447.1
23.0,153.8,447.1
23.0,152.4,447.1
23.1,153.2,447.1
23.1,152.3,447.1
23.1,153.1,447.1
23.1,153.0,447.1
23.1,152.8,447.1
23.1,152.9,447.1
23.1,153.1,447.1
23.1,153.3,447.1
23.1,152.9,447.1
23.1,152.7,447.1
23.1,152.8,447.1
23.1,152.0,447.1
23.1,152.9,447.1
23.1,151.5,447.1
23.1,152.4,447.1
23.2,153.1,447.1
23.2,149.7,447.1
23.2,152.5,447.1
23.2,153.5,447.1
23.2,152.1,447.1
23.2,153.1,447.1
23.2,152.9,447.1
23.2,153.2,447.1
23.2,152.1,447.1
23.2,153.1,447.1
23.2,152.0,447.1
23.2,152.8,447.1
23.2,151.8,447.1
23.2,153.1,447.1
23.2,152.0,447.1
23.3,152.9,447.1
23.3,152.3,447.1
23.3,152.1,447.1
23.3,152.1,447.1
23.3,152.3,447.1
23.3,152.4,447.1
23.3,152.6,447.1
23.3,152.4,447.1
23.3,152.6,447.1
23.3,148.2,447.1
23.3,153.5,447.1
23.3,153.0,447.1
23.3,152.3,447.1
23.3,152.7,447.1
23.3,152.1,447.1
23.4,152.7,447.1
23.4,151.4,447.1
23.4,153.0,447.1
23.4,153.1,447.1
23.4,153.6,447.1
23.4,152.4,447.1
23.4,152.9,447.1
23.4,152.4,447.1
23.4,153.1,447.1
23.4,153.3,447.1
23.4,152.3,447.1
23.4,152.7,447.1
23.4,152.5,447.1
23.4,152.0,447.1
23.4,153.0,447.1
23.5,148.1,447.1
23.5,153.1,447.1
23.5,151.9,447.1
23.5,153.1,447.1
23.5,152.6,447.1
23.5,152.8,447.1
23.5,152.0,447.1
23.5,152.0,447.1
23.5,151.4,447.1
23.5,152.3,447.1
23.5,151.9,447.1
23.5,152.5,447.1
23.5,151.8,447.1
23.5,152.2,447.1
23.5,152.4,447.1
23.5,152.5,447.1
23.6,152.1,447.1
23.6,152.0,447.1
23.6,152.0,447.1
23.6,151.5,447.1
23.6,152.2,447.1
23.6,152.1,447.1
23.6,151.4,447.1
23.6,148.7,447.1
23.6,152.2,447.2
23.6,152.5,447.2
23.6,153.1,447.2
23.6,152.9,447.2
23.6,152.4,447.2
23.6,152.2,447.2
23.6,151.7,447.2
23.7,152.0,447.2
23.7,152.3,447.2
23.7,151.6,447.2
23.7,151.9,447.2
23.7,151.1,447.2
23.7,151.3,447.2
23.7,150.1,447.2
23.7,150.4,447.2
23.7,149.4,447.2
23.7,150.5,447.3
23.7,150.8,447.2
23.7,151.2,447.3
23.7,150.4,447.3
23.7,151.3,447.4
23.7,147.0,447.4
23.8,152.0,447.4
23.8,151.0,447.4
23.8,151.5,447.4
23.8,151.2,447.4
23.8,151.9,447.4
23.8,151.5,447.4
23.8,152.1,447.4
23.8,151.2,447.4
23.8,151.8,447.4
23.8,150.7,447.4
23.8,150.3,447.4
23.8,149.3,447.4
23.8,147.8,447.4
23.8,146.4,447.4
23.8,145.1,447.4
23.9,144.2,447.4
23.9,142.0,447.4
23.9,140.7,447.4
23.9,139.1,447.4
23.9,139.0,447.5
23.9,134.2,447.5
23.9,137.7,447.4
23.9,137.4,447.5
23.9,137.5,447.5
23.9,137.0,447.4
23.9,138.7,447.5
23.9,140.3,447.5
23.9,140.2,447.5
24.0,140.6,447.5
24.0,141.4,447.5
24.0,141.4,447.5
24.0,141.9,447.5
24.0,142.3,447.5
24.0,143.1,447.5
24.0,143.0,447.5
24.0,143.6,447.5
24.0,144.2,447.5
24.0,144.8,447.5
24.0,145.2,447.5
24.0,146.0,447.5
24.0,145.4,447.5
24.0,146.8,447.5
24.0,146.4,447.5
24.1,147.4,447.5
24.1,146.9,447.5
24.1,147.2,447.5
24.1,147.4,447.5
24.1,147.8,447.5
24.1,148.1,447.5
24.1,149.2,447.4
24.1,147.7,447.4
24.1,148.6,447.4
24.1,148.3,447.4
24.1,148.7,447.4
24.1,148.5,447.4
24.1,148.0,447.4
24.1,147.8,447.4
24.1,145.9,447.4
24.2,147.0,447.4
24.2,147.4,447.4
24.2,147.2,447.4
24.2,147.2,447.4
24.2,148.4,447.4
24.2,149.1,447.4
24.2,149.1,447.4
24.2,149.5,447.4
24.2,149.9,447.4
24.2,149.9,447.4
24.2,150.9,447.4
24.2,150.1,447.4
24.2,150.3,447.4
24.2,150.6,447.4
24.2,150.7,447.4
24.3,151.7,447.4
24.3,151.4,447.4
24.3,150.8,447.4
24.3,151.2,447.4
24.3,151.4,447.4
24.3,151.8,447.4
24.3,151.7,447.4
24.3,151.8,447.4
24.3,151.7,447.4
24.3,151.7,447.4
24.3,152.2,447.4
24.3,152.4,447.4
24.3,151.9,447.4
24.3,152.2,447.4
24.3,151.6,447.4
24.4,152.6,447.4
24.4,152.4,447.4
24.4,152.6,447.4
24.4,152.5,447.4
24.4,153.4,447.4
24.4,152.6,447.4
24.4,153.1,447.4
24.4,152.6,447.3
24.4,152.9,447.3
24.4,152.8,447.3
24.4,152.4,447.3
24.4,152.5,447.3
24.4,152.8,447.3
24.4,153.1,447.3
24.4,153.0,447.3
24.5,152.7,447.3
24.5,153.0,447.3
24.5,152.7,447.3
24.5,153.2,447.3
24.5,153.6,447.3
24.5,152.9,447.3
24.5,153.1,447.3
24.5,153.0,447.3
24.5,153.4,447.3
24.5,153.3,447.3
24.5,153.2,447.3
24.5,153.2,447.3
24.5,153.6,447.3
24.5,153.4,447.3
24.5,153.5,447.3
24.5,153.4,447.3
24.6,154.0,447.3
24.6,153.6,447.3
24.6,153.4,447.3
24.6,153.5,447.3
24.6,153.6,447.3
24.6,153.7,447.3
24.6,153.9,447.3
24.6,153.4,447.3
24.6,153.9,447.3
24.6,153.2,447.3
24.6,153.7,447.3
24.6,153.2,447.3
24.6,153.1,447.3
24.6,153.1,447.3
24.6,152.6,447.3
24.7,153.5,447.3
24.7,153.2,447.3
24.7,153.3,447.3
24.7,153.4,447.3
24.7,152.9,447.3
24.7,153.7,447.3
24.7,153.9,447.3
24.7,153.4,447.3
24.7,153.7,447.4
24.7,149.8,447.4
24.7,152.6,447.4
24.7,153.0,447.4
24.7,152.3,447.4
24.7,153.0,447.4
24.7,153.6,447.4
24.8,153.1,447.4
24.8,153.5,447.4
24.8,153.3,447.4
24.8,153.6,447.4
24.8,153.6,447.4
24.8,153.4,447.4
24.8,152.9,447.4
24.8,153.1,447.4
24.8,153.7,447.3
24.8,152.4,447.3
24.8,152.9,447.3
24.8,153.9,447.3
24.8,153.2,447.3
24.8,153.6,447.3
24.8,152.0,447.3
24.8,151.8,447.3
24.9,150.8,447.3
24.9,148.5,447.3
24.9,147.1,447.3
24.9,144.7,447.3
24.9,143.0,447.3
24.9,142.0,447.3
24.9,140.2,447.3
24.9,135.8,447.3
24.9,138.1,447.3
24.9,138.6,447.3
24.9,138.1,447.3
24.9,139.8,447.3
24.9,139.8,447.3
25.0,141.4,447.3
25.0,141.8,447.3
25.0,143.5,447.3
25.0,144.3,447.3
25.0,146.0,447.3
25.0,145.7,447.3
25.0,146.0,447.3
25.0,147.2,447.3
25.0,148.0,447.3
25.0,148.7,447.3
25.0,149.0,447.3
25.0,148.9,447.4
25.0,149.4,447.4
25.0,150.4,447.4
25.0,151.1,447.4
25.0,150.7,447.4
25.1,151.3,447.4
25.1,151.1,447.4
25.1,151.0,447.4
25.1,151.8,447.4
25.1,151.8,447.4
25.1,147.7,447.4
25.1,151.7,447.4
25.1,152.8,447.4
25.1,151.9,447.4
25.1,153.1,447.4
25.1,153.2,447.4
25.1,153.7,447.3
25.1,153.0,447.4
25.1,153.3,447.4
25.1,152.9,447.4
25.2,153.4,447.4
25.2,151.9,447.4
25.2,152.8,447.4
25.2,153.1,447.4
25.2,152.8,447.4
25.2,153.1,447.4
25.2,152.9,447.4
25.2,152.6,447.4
25.2,153.4,447.4
25.2,153.5,447.4
25.2,153.9,447.4
25.2,153.5,447.4
25.2,153.4,447.4
25.2,153.3,447.4
25.2,152.8,447.4
25.3,153.7,447.4
25.3,148.8,447.4
25.3,154.5,447.4
25.3,154.9,447.4
25.3,154.4,447.4
25.3,154.2,447.4
25.3,154.1,447.4
25.3,153.8,447.4
25.3,154.1,447.4
25.3,154.1,447.4
25.3,153.6,447.4
25.3,153.9,447.4
25.3,152.9,447.4
25.3,153.8,447.4
25.3,154.0,447.4
25.3,153.5,447.4
25.4,153.9,447.4
25.4,153.2,447.4
25.4,153.9,447.4
25.4,153.7,447.4
25.4,153.5,447.4
25.4,153.4,447.4
25.4,154.0,447.4
25.4,153.2,447.4
25.4,154.1,447.4
25.4,149.2,447.4
25.4,154.2,447.4
25.4,153.1,447.4
25.4,153.8,447.4
25.4,153.8,447.4
25.4,153.8,447.4
25.5,153.3,447.4
25.5,154.3,447.4
25.5,153.2,447.4
25.5,153.9,447.4
25.5,152.6,447.4
25.5,153.8,447.4
25.5,153.5,447.4
25.5,153.6,447.4
25.5,153.8,447.4
25.5,153.0,447.4
25.5,153.6,447.4
25.5,153.6,447.4
25.5,153.4,447.4
25.5,153.8,447.4
25.5,154.4,447.4
25.6,153.9,447.4
25.6,154.0,447.4
25.6,153.6,447.4
25.6,154.0,447.4
25.6,154.2,447.4
25.6,149.8,447.4
25.6,154.1,447.4
25.6,153.3,447.4
25.6,153.9,447.4
25.6,153.9,447.4
25.6,153.1,447.6
25.6,153.4,447.6
25.6,153.2,447.7
25.6,154.0,447.7
25.6,152.4,447.7
25.6,153.0,447.7
25.7,153.2,447.7
25.7,152.6,447.7
25.7,153.4,447.7
25.7,153.5,447.7
25.7,152.5,447.7
25.7,153.0,447.7
25.7,153.4,447.7
25.7,152.9,447.7
25.7,151.6,447.7
25.7,153.0,447.7
25.7,153.6,447.7
25.7,153.0,447.7
25.7,152.7,447.7
25.7,146.6,447.7
25.7,153.4,447.7
25.8,154.1,447.7
25.8,154.0,447.7
25.8,153.1,447.7
25.8,152.9,447.7
25.8,152.9,447.7
25.8,153.2,447.7
25.8,153.2,447.7
25.8,152.8,447.7
25.8,153.1,447.7
25.8,151.9,447.7
25.8,153.1,447.7
25.8,153.3,447.7
25.8,152.5,447.7
25.8,151.8,447.7
25.8,150.2,447.7
25.9,149.6,447.7
25.9,148.5,447.7
25.9,146.6,447.7
25.9,145.0,447.7
25.9,143.2,447.7
25.9,140.8,447.7
25.9,140.5,447.7
25.9,133.0,447.7
25.9,140.9,447.7
25.9,141.8,447.7
25.9,142.4,447.7
25.9,142.6,447.7
25.9,143.2,447.7
25.9,142.0,447.7
26.0,144.0,447.7
26.0,143.6,447.7
26.0,144.9,447.8
26.0,143.7,447.8
26.0,146.3,447.7
26.0,147.0,447.8
26.0,147.3,447.8
26.0,147.7,447.7
26.0,148.3,447.8
26.0,148.4,447.8
26.0,149.3,447.8
26.0,148.4,447.8
26.0,149.4,447.8
26.0,150.5,447.8
26.0,150.2,447.8
26.1,151.0,447.8
26.1,151.4,447.8
26.1,150.5,447.8
26.1,151.2,447.8
26.1,151.2,447.8
26.1,151.7,447.7
26.1,152.2,447.7
26.1,151.6,447.7
26.1,152.5,447.7
26.1,152.6,447.7
26.1,152.2,447.7
26.1,152.0,447.7
26.1,151.7,447.7
26.1,152.0,447.7
26.1,152.8,447.7
26.2,151.6,447.7
26.2,150.7,447.7
26.2,151.7,447.7
26.2,151.0,447.7
26.2,149.9,447.7
26.2,150.8,447.7
26.2,150.1,447.7
26.2,152.1,447.7
26.2,152.1,447.7
26.2,152.5,447.7
26.2,151.0,447.7
26.2,152.2,447.6
26.2,152.0,447.6
26.2,152.1,447.6
26.2,151.8,447.6
26.3,151.7,447.6
26.3,152.0,447.6
26.3,151.7,447.6
26.3,151.8,447.6
26.3,151.8,447.6
26.3,150.0,447.6
26.3,151.8,447.6
26.3,151.4,447.6
26.3,151.6,447.6
26.3,151.4,447.6
26.3,151.0,447.6
26.3,151.7,447.6
26.3,151.1,447.6
26.3,151.5,447.6
26.3,150.9,447.6
26.4,150.9,447.6
26.4,151.1,447.6
26.4,150.7,447.6
26.4,151.0,447.6
26.4,151.0,447.6
26.4,150.8,447.6
26.4,150.9,447.6
26.4,150.6,447.6
26.4,150.6,447.6
26.4,150.6,447.6
26.4,150.4,447.6
26.4,150.7,447.6
26.4,150.4,447.6
26.4,150.6,447.6
26.4,150.7,447.6
26.4,150.1,447.6
26.5,150.5,447.6
26.5,150.3,447.6
26.5,150.5,447.6
26.5,150.9,447.6
26.5,150.3,447.6
26.5,150.6,447.7
26.5,150.2,447.7
26.5,150.6,447.6
26.5,150.7,447.7
26.5,150.1,447.7
26.5,150.2,447.7
26.5,149.9,447.7
26.5,150.5,447.7
26.5,150.7,447.7
26.5,150.2,447.7
26.6,150.3,447.7
26.6,150.1,447.7
26.6,150.4,447.7
26.6,150.4,447.7
26.6,150.4,447.7
26.6,150.5,447.7
26.6,150.1,447.7
26.6,150.7,447.7
26.6,150.5,447.7
26.6,150.2,447.7
26.6,150.7,447.7
26.6,149.9,447.7
26.6,150.8,447.7
26.6,150.7,447.7
26.6,150.3,447.7
26.7,150.4,447.7
26.7,150.6,447.7
26.7,150.7,447.7
26.7,150.5,447.5
26.7,150.0,447.5
26.7,150.2,447.5
26.7,149.9,447.5
26.7,150.4,447.5
26.7,149.6,447.5
26.7,150.5,447.5
26.7,150.8,447.5
26.7,150.2,447.5
26.7,150.7,447.5
26.7,151.0,447.5
26.7,149.5,447.5
26.8,150.9,447.5
26.8,150.5,447.5
26.8,151.0,447.5
26.8,151.1,447.5
26.8,150.9,447.5
26.8,151.5,447.5
26.8,151.0,447.5
26.8,151.4,447.6
26.8,150.8,447.6
26.8,150.7,447.6
26.8,151.0,447.6
26.8,150.8,447.6
26.8,151.1,447.6
26.8,151.2,447.6
26.8,150.5,447.6
26.9,150.9,447.6
26.9,150.7,447.6
26.9,149.7,447.6
26.9,150.1,447.6
26.9,150.8,447.6
26.9,150.6,447.6
26.9,151.3,447.6
26.9,150.6,447.6
26.9,149.6,447.6
26.9,150.2,447.6
26.9,150.9,447.6
26.9,150.8,447.6
26.9,150.6,447.6
26.9,149.3,447.6
26.9,150.5,447.6
27.0,150.5,447.6
27.0,151.0,447.6
27.0,150.7,447.6
27.0,150.7,447.6
27.0,150.4,447.6
27.0,151.5,447.6
27.0,151.2,447.6
27.0,150.8,447.6
27.0,150.6,447.6
27.0,151.0,447.6
27.0,152.0,447.6
27.0,151.7,447.6
27.0,151.1,447.6
27.0,151.4,447.8
27.0,150.6,447.8
27.1,151.8,447.8
27.1,152.0,447.8
27.1,151.4,447.8
27.1,151.8,447.8
27.1,151.1,447.8
27.1,151.9,447.8
27.1,151.6,447.8
27.1,150.9,447.8
27.1,151.2,447.8
27.1,151.0,447.8
27.1,151.4,447.8
27.1,151.2,447.8
27.1,150.8,447.8
27.1,151.2,447.8
27.1,150.6,447.8
27.2,151.3,447.8
27.2,150.9,447.8
27.2,150.4,447.8
27.2,150.8,447.8
27.2,150.5,447.8
27.2,150.7,447.8
27.2,151.1,447.8
27.2,150.0,447.8
27.2,150.3,447.8
27.2,149.6,447.8
27.2,150.4,447.8
27.2,150.0,447.8
27.2,149.6,447.8
27.2,150.1,447.8
27.2,149.7,447.8
27.3,150.0,447.8
27.3,150.2,447.8
27.3,149.5,447.8
27.3,150.2,447.8
27.3,149.2,447.8
27.3,150.2,447.8
27.3,150.2,447.8
27.3,149.8,447.8
27.3,149.8,447.8
27.3,149.6,447.8
27.3,150.1,447.8
27.3,150.1,447.8
27.3,149.7,447.8
27.3,150.2,447.8
27.3,150.1,447.8
27.4,150.3,447.8
27.4,150.7,447.8
27.4,149.7,447.8
27.4,150.9,447.8
27.4,151.0,447.8
27.4,151.7,447.8
27.4,151.3,447.8
27.4,151.3,447.8
27.4,151.5,447.8
27.4,151.6,447.8
27.4,152.2,447.8
27.4,151.7,447.8
27.4,152.1,447.8
27.4,152.7,447.8
27.4,152.3,447.8
27.5,151.5,447.8
27.5,153.2,447.8
27.5,153.1,447.8
27.5,153.3,447.8
27.5,153.9,447.8
27.5,153.3,447.8
27.5,153.7,447.8
27.5,153.6,447.8
27.5,154.1,447.8
27.5,153.8,447.8
27.5,153.7,447.8
27.5,153.8,447.8
27.5,153.4,447.8
27.5,152.8,447.8
27.5,154.1,447.8
27.5,153.9,447.8
27.6,154.1,447.8
27.6,154.8,447.8
27.6,154.2,447.8
27.6,154.4,447.8
27.6,154.6,447.8
27.6,154.7,447.8
27.6,154.8,447.8
27.6,154.4,447.8
27.6,154.7,447.8
27.6,154.1,447.8
27.6,153.5,447.8
27.6,154.6,447.8
27.6,154.4,447.8
27.6,154.5,447.8
27.6,153.9,447.8
27.7,155.0,447.8
27.7,153.7,447.8
27.7,155.0,447.8
27.7,154.8,447.8
27.7,155.3,447.8
27.7,154.7,447.8
27.7,155.2,447.8
27.7,154.3,447.8
27.7,153.9,447.8
27.7,154.8,447.8
27.7,154.9,447.8
27.7,155.2,447.8
27.7,154.7,447.8
27.7,155.2,447.8
27.7,154.6,447.8
27.7,154.8,447.8
27.8,155.1,447.8
27.8,154.8,447.8
27.8,155.1,447.8
27.8,155.4,447.8
27.8,154.9,447.8
27.8,154.8,447.8
27.8,155.7,447.8
27.8,154.4,447.8
27.8,155.0,447.8
27.8,154.7,447.8
27.8,155.4,447.9
27.8,155.3,447.9
27.8,154.8,447.9
27.8,155.3,447.9
27.8,154.3,447.9
27.9,155.5,447.9
27.9,154.2,447.9
27.9,155.3,447.9
27.9,155.3,447.9
27.9,156.0,447.9
27.9,155.3,447.9
27.9,155.6,447.9
27.9,155.0,447.9
27.9,155.4,447.9
27.9,155.6,447.9
27.9,154.9,447.9
27.9,155.2,447.9
27.9,155.0,447.9
27.9,155.0,447.9
27.9,155.4,447.9
27.9,151.5,447.9
28.0,154.4,450.0
28.0,154.8,450.0
28.0,155.6,450.0
28.0,155.4,450.0
28.0,157.3,450.0
28.0,158.9,450.0
28.0,160.7,450.0
28.0,162.0,450.0
28.0,163.0,450.0
28.0,164.4,450.0
28.0,166.0,450.0
28.0,167.0,450.0
28.0,167.5,450.0
28.0,168.6,450.0
28.0,169.0,450.0
28.0,170.2,450.0
28.0,170.3,450.0
28.1,171.0,450.0
28.1,172.0,450.0
28.1,171.6,450.0
28.1,171.4,450.1
28.1,173.6,450.1
28.1,157.1,450.1
28.1,159.8,450.1
28.1,160.8,449.9
28.1,171.8,449.9
28.1,179.7,449.9
28.1,179.9,449.9
28.1,178.1,449.9
28.1,179.0,449.9
28.1,179.3,449.9
28.1,178.1,449.9
28.1,178.0,449.9
28.1,178.4,449.9
28.1,177.5,449.9
28.2,177.1,449.9
28.2,177.9,449.9
28.2,177.0,449.9
28.2,177.6,449.9
28.2,176.6,449.9
28.2,177.1,449.9
28.2,176.6,449.9
28.2,176.3,449.9
28.2,176.6,449.9
28.2,176.7,449.9
28.2,175.8,449.9
28.2,175.9,449.9
28.2,176.8,449.9
28.2,175.8,449.9
28.2,176.9,449.9
28.2,177.4,449.9
28.2,176.1,449.9
28.3,176.4,449.9
28.3,177.3,449.9
28.3,177.0,449.9
28.3,177.0,449.9
28.3,177.5,449.9
28.3,177.2,449.9
28.3,177.2,449.9
28.3,176.1,449.9
28.3,177.3,449.9
28.3,177.4,449.9
28.3,177.4,449.9
28.3,177.3,449.9
28.3,177.4,449.9
28.3,177.9,449.9
28.3,177.9,449.9
28.3,177.2,449.9
28.3,178.4,449.9
28.3,177.8,449.9
28.4,178.0,449.9
28.4,178.8,449.9
28.4,178.2,449.9
28.4,178.0,449.9
28.4,178.6,449.9
28.4,178.0,449.9
28.4,178.0,449.9
28.4,178.4,449.9
28.4,177.4,449.9
28.4,177.9,449.9
28.4,178.8,449.9
28.4,177.4,449.9
28.4,178.1,449.9
28.4,177.8,449.9
28.4,177.7,449.9
28.4,177.3,449.9
28.4,179.5,449.9
28.4,178.3,449.9
28.5,178.4,449.9
28.5,178.9,449.9
28.5,178.1,449.9
28.5,178.0,449.9
28.5,179.3,449.9
28.5,178.0,449.9
28.5,178.8,449.9
28.5,178.7,449.9
28.5,178.4,449.9
28.5,178.3,449.9
28.5,179.5,449.9
28.5,178.5,449.9
28.5,178.2,449.9
28.5,178.8,449.9
28.5,178.4,449.9
28.5,178.7,449.9
28.5,180.3,449.9
28.5,178.8,449.9
28.6,178.5,449.9
28.6,174.4,449.9
28.6,179.0,450.5
28.6,179.2,450.5
28.6,179.7,450.5
28.6,179.5,450.5
28.6,179.3,450.5
28.6,179.7,450.5
28.6,179.3,450.5
28.6,178.6,450.5
28.6,179.7,450.5
28.6,178.3,450.5
28.6,178.3,450.5
28.6,177.0,450.5
28.6,176.5,450.5
28.6,175.8,450.5
28.6,174.9,450.5
28.7,173.8,450.5
28.7,173.5,450.5
28.7,170.7,450.7
28.7,170.4,450.7
28.7,171.8,450.7
28.7,169.5,450.7
28.7,169.7,450.7
28.7,169.9,450.7
28.7,168.1,450.7
28.7,166.8,450.7
28.7,164.8,450.7
28.7,164.5,450.7
28.7,163.7,450.7
28.7,162.3,450.7
28.7,161.7,450.7
28.7,157.0,450.7
28.8,161.0,450.7
28.8,160.5,450.7
28.8,160.8,450.7
28.8,161.0,450.7
28.8,161.7,450.7
28.8,161.2,450.7
28.8,161.2,450.7
28.8,161.4,450.7
28.8,161.7,450.7
28.8,162.5,450.7
28.8,162.3,450.7
28.8,163.0,450.7
28.8,162.8,450.7
28.8,162.5,450.7
28.8,162.0,450.7
28.8,163.7,450.7
28.9,163.4,450.7
28.9,164.5,450.7
28.9,164.2,450.7
28.9,164.9,450.7
28.9,165.7,450.7
28.9,165.4,450.7
28.9,166.2,450.7
28.9,165.2,450.7
28.9,166.4,450.7
28.9,166.4,450.7
28.9,167.0,450.7
28.9,166.8,450.7
28.9,166.7,450.7
28.9,167.3,450.7
28.9,166.6,450.7
28.9,166.9,450.7
28.9,166.9,450.7
29.0,166.5,450.7
29.0,166.6,450.7
29.0,166.3,450.7
29.0,167.3,450.7
29.0,166.1,450.7
29.0,165.4,450.7
29.0,165.4,450.7
29.0,167.1,450.7
29.0,163.9,450.7
29.0,165.1,450.7
29.0,165.3,450.7
29.0,165.5,450.7
29.0,165.3,450.7
29.0,164.1,450.7
29.0,163.5,450.7
29.0,162.7,450.7
29.1,160.8,450.7
29.1,161.0,450.7
29.1,159.7,450.7
29.1,159.8,450.7
29.1,159.2,450.7
29.1,158.2,450.7
29.1,158.3,450.7
29.1,156.8,450.7
29.1,157.5,450.7
29.1,156.3,450.7
29.1,156.8,450.7
29.1,156.9,450.7
29.1,157.0,450.7
29.1,156.1,450.7
29.1,155.3,450.7
29.1,155.5,450.7
29.2,156.2,450.7
29.2,156.3,450.7
29.2,155.7,450.7
29.2,155.6,450.8
29.2,155.1,450.8
29.2,155.6,450.7
29.2,155.0,450.8
29.2,154.9,450.8
29.2,155.1,450.8
29.2,155.2,450.8
29.2,154.6,450.8
29.2,154.0,450.8
29.2,154.7,450.8
29.2,154.8,450.8
29.2,155.0,450.8
29.3,153.9,450.8
29.3,154.7,450.8
29.3,153.5,450.8
29.3,154.3,450.8
29.3,154.4,450.8
29.3,152.9,450.8
29.3,153.3,450.8
29.3,152.7,450.8
29.3,154.2,450.8
29.3,154.1,450.8
29.3,152.9,450.8
29.3,153.9,450.8
29.3,153.5,450.8
29.3,154.2,450.8
29.3,154.6,450.8
29.3,153.7,450.8
29.4,155.0,450.7
29.4,154.9,450.7
29.4,154.7,450.7
29.4,154.3,450.7
29.4,154.9,450.7
29.4,155.1,450.7
29.4,155.2,450.7
29.4,153.4,450.7
29.4,153.8,450.7
29.4,152.9,450.7
29.4,153.2,450.8
29.4,152.2,450.8
29.4,151.7,450.7
29.4,151.1,450.7
29.4,151.0,450.7
29.5,151.7,450.7
29.5,152.1,450.7
29.5,151.8,450.7
29.5,152.3,450.7
29.5,152.0,450.7
29.5,152.8,450.7
29.5,152.9,450.7
29.5,152.6,450.7
29.5,152.9,450.7
29.5,152.8,450.7
29.5,152.9,450.7
29.5,153.3,450.7
29.5,153.0,450.7
29.5,153.4,450.7
29.5,154.3,450.7
29.6,153.5,450.7
29.6,153.7,450.7
29.6,153.7,450.7
29.6,153.8,450.7
29.6,154.1,450.7
29.6,153.2,450.8
29.6,153.7,450.7
29.6,153.4,450.7
29.6,153.9,450.7
29.6,153.7,450.7
29.6,152.6,450.7
29.6,153.0,450.7
29.6,152.3,450.7
29.6,152.5,450.7
29.6,152.2,450.7
29.6,151.9,450.7
29.7,151.5,450.7
29.7,150.5,450.7
29.7,150.9,450.7
29.7,150.9,450.7
29.7,150.5,450.7
29.7,150.5,450.6
29.7,150.3,450.6
29.7,150.5,450.6
29.7,150.6,450.6
29.7,149.4,450.5
29.7,149.8,450.5
29.7,149.0,450.5
29.7,149.5,450.5
29.7,149.5,450.5
29.8,148.8,450.5
29.8,146.3,450.5
29.8,148.7,450.5
29.8,148.6,450.5
29.8,147.6,450.5
29.8,148.3,450.5
29.8,147.8,450.5
29.8,148.3,450.5
29.8,148.2,450.5
29.8,147.4,450.5
29.8,147.9,450.5
29.8,147.7,450.5
29.8,147.5,450.5
29.8,147.5,450.5
29.8,147.9,450.5
29.9,147.3,450.5
29.9,148.1,450.5
29.9,146.7,450.5
29.9,147.0,450.5
29.9,146.6,450.7
29.9,146.8,450.7
29.9,146.8,450.7
29.9,146.1,450.7
29.9,144.5,450.7
29.9,146.5,450.7
29.9,146.5,450.7
29.9,146.4,450.7
29.9,146.3,450.7
29.9,146.7,450.7
29.9,147.0,450.7
30.0,146.9,450.7
30.0,146.9,450.7
30.0,146.6,450.7
30.0,147.2,450.7
30.0,146.2,450.7
30.0,146.4,450.7
30.0,146.6,450.7
30.0,147.1,450.7
30.0,146.8,450.7
30.0,146.6,450.7
30.0,145.9,450.8
30.0,145.4,450.8
30.0,145.6,450.8
30.0,144.6,450.8
30.1,144.4,450.8
30.1,143.2,450.8
30.1,143.5,450.8
30.1,142.6,450.8
30.1,142.5,450.8
30.1,142.6,450.8
30.1,141.5,450.8
30.1,141.6,450.8
30.1,141.2,450.8
30.1,140.6,450.8
30.1,140.6,450.8
30.1,140.7,450.8
30.1,141.5,450.8
30.1,140.8,450.8
30.2,141.3,450.8
30.2,141.8,450.8
30.2,141.4,450.8
30.2,142.2,450.8
30.2,142.1,450.8
30.2,143.2,450.8
30.2,143.6,450.8
30.2,143.8,450.8
30.2,144.1,450.8
30.2,143.8,450.8
30.2,144.4,450.8
30.2,144.7,450.8
30.2,144.7,450.8
30.2,143.9,450.8
30.2,145.7,450.8
30.3,146.5,450.8
30.3,146.5,450.8
30.3,146.6,450.8
30.3,146.2,450.8
30.3,147.5,450.8
30.3,148.3,450.8
30.3,148.2,450.8
30.3,148.7,450.8
30.3,149.2,450.8
30.3,148.5,450.8
30.3,149.5,450.8
30.3,149.5,450.8
30.3,149.5,450.8
30.3,150.2,450.8
30.3,150.1,450.8
30.4,150.7,450.8
30.4,150.7,450.8
30.4,149.0,450.8
30.4,151.0,450.8
30.4,150.9,450.8
30.4,151.2,450.8
30.4,151.8,450.8
30.4,151.0,450.8
30.4,151.4,450.8
30.4,151.2,450.8
30.4,151.7,450.8
30.4,151.8,450.8
30.4,151.5,450.8
30.4,151.9,450.8
30.4,151.8,450.8
30.5,152.0,450.8
30.5,151.8,450.8
30.5,152.0,450.8
30.5,152.1,450.8
30.5,151.7,450.8
30.5,152.5,450.8
30.5,152.3,450.8
30.5,152.3,450.7
30.5,152.5,450.7
30.5,152.8,450.7
30.5,153.1,450.7
30.5,153.4,450.7
30.5,152.2,450.7
30.5,152.7,450.7
30.5,153.7,450.7
30.6,152.5,450.7
30.6,152.8,450.7
30.6,153.1,450.7
30.6,152.9,450.2
30.6,153.5,450.2
30.6,153.3,450.2
30.6,153.0,450.2
30.6,152.0,450.2
30.6,153.7,450.2
30.6,152.7,450.2
30.6,152.7,450.2
30.6,153.2,450.2
30.6,152.9,450.2
30.6,153.1,450.2
30.6,153.4,450.2
30.6,152.7,450.2
30.7,153.4,450.2
30.7,153.8,450.2
30.7,153.2,450.2
30.7,153.6,450.2
30.7,153.4,450.2
30.7,153.3,450.2
30.7,153.8,450.2
30.7,153.2,450.2
30.7,153.3,450.2
30.7,153.1,450.2
30.7,153.7,450.2
30.7,153.0,450.2
30.7,153.2,450.2
30.7,153.1,450.2
30.7,152.8,450.2
30.8,153.6,450.2
30.8,153.3,450.2
30.8,153.1,450.2
30.8,153.3,450.2
30.8,153.1,450.2
30.8,153.4,450.2
30.8,153.4,450.2
30.8,153.1,450.2
30.8,153.1,450.2
30.8,153.4,450.2
30.8,153.2,450.2
30.8,151.4,450.2
30.8,153.1,450.2
30.8,153.6,450.2
30.8,153.8,450.2
30.9,152.8,450.2
30.9,153.2,450.2
30.9,153.0,450.2
30.9,153.5,450.2
30.9,153.4,450.2
30.9,153.1,450.2
30.9,153.5,450.2
30.9,153.2,450.2
30.9,152.6,450.2
30.9,153.4,450.2
30.9,153.0,450.2
30.9,152.3,450.2
30.9,152.7,450.2
30.9,153.2,450.2
30.9,152.8,450.1
30.9,152.4,450.1
31.0,152.9,450.1
31.0,152.1,450.1
31.0,153.2,450.1
31.0,151.8,450.1
31.0,152.8,450.1
31.0,152.2,450.1
31.0,153.6,450.1
31.0,153.0,450.1
31.0,153.1,450.1
31.0,152.5,450.1
31.0,153.2,450.1
31.0,152.8,450.1
31.0,152.9,450.1
31.0,153.0,450.1
31.0,152.6,450.1
31.1,153.1,450.1
31.1,153.4,450.1
31.1,153.0,450.1
31.1,153.6,450.1
31.1,152.9,450.1
31.1,153.5,450.1
31.1,153.3,450.1
31.1,152.8,450.1
31.1,153.0,450.1
31.1,153.1,450.1
31.1,153.2,450.1
31.1,153.3,450.1
31.1,153.0,450.1
31.1,153.1,450.1
31.1,153.2,450.1
31.2,153.0,450.1
31.2,153.0,450.1
31.2,152.3,450.1
31.2,153.5,450.1
31.2,153.6,450.1
31.2,152.9,450.1
31.2,153.3,450.1
31.2,153.0,450.1
31.2,153.3,450.1
31.2,153.2,450.1
31.2,153.0,450.1
31.2,153.3,450.1
31.2,153.3,450.1
31.2,154.4,450.1
31.2,153.5,450.1
31.2,152.9,450.1
31.3,153.6,450.1
31.3,153.0,450.0
31.3,154.2,450.1
31.3,153.2,450.1
31.3,153.5,450.0
31.3,154.0,450.1
31.3,153.3,450.1
31.3,153.1,450.0
31.3,151.5,450.1
31.3,153.8,450.1
31.3,153.8,450.0
31.3,153.5,450.0
31.3,153.4,450.0
31.3,153.7,450.0
31.3,154.0,450.0
31.4,154.0,450.0
31.4,154.0,450.0
31.4,153.2,450.1
31.4,153.8,450.1
31.4,153.3,450.1
31.4,154.0,450.1
31.4,153.8,450.1
31.4,153.8,450.1
31.4,154.0,450.1
31.4,154.5,450.1
31.4,154.4,450.1
31.4,152.9,450.1
31.4,153.4,450.1
31.4,154.1,450.1
31.4,153.9,450.1
31.5,153.6,450.1
31.5,154.5,450.1
31.5,153.5,450.1
31.5,150.9,450.1
31.5,154.1,450.1
31.5,153.8,450.1
31.5,153.9,450.1
31.5,154.1,450.1
31.5,154.7,450.1
31.5,154.5,450.1
31.5,153.9,450.1
31.5,154.3,450.1
31.5,153.8,450.1
31.5,154.7,450.1
31.5,153.7,450.1
31.5,153.8,450.1
31.6,154.3,450.1
31.6,155.0,450.1
31.6,154.8,450.1
31.6,155.1,450.1
31.6,154.7,450.1
31.6,155.8,450.1
31.6,156.0,450.1
31.6,155.4,450.1
31.6,155.4,450.1
31.6,154.9,450.1
31.6,155.6,450.1
31.6,155.1,450.1
31.6,155.0,450.1
31.6,155.6,450.1
31.6,156.4,450.1
31.7,155.6,450.1
31.7,154.8,450.1
31.7,155.5,450.1
31.7,155.6,450.1
31.7,156.0,450.1
31.7,154.3,450.1
31.7,155.8,450.3
31.7,155.0,450.3
31.7,155.6,450.3
31.7,155.3,450.3
31.7,154.7,450.3
31.7,155.5,450.3
31.7,154.4,450.3
31.7,155.2,450.3
31.7,155.6,450.3
31.7,155.6,450.3
31.8,155.9,450.3
31.8,155.2,450.3
31.8,154.8,450.3
31.8,155.3,450.3
31.8,155.3,450.3
31.8,155.9,450.3
31.8,155.8,450.3
31.8,155.5,450.3
31.8,155.4,450.3
31.8,156.0,450.3
31.8,155.5,450.3
31.8,156.1,450.3
31.8,155.5,450.3
31.8,155.7,450.3
31.8,156.0,450.3
31.9,155.8,450.3
31.9,156.0,450.3
31.9,155.3,450.3
31.9,156.0,450.3
31.9,155.8,450.3
31.9,155.3,450.3
31.9,155.8,450.3
31.9,155.8,450.3
31.9,155.8,450.3
31.9,156.1,450.3
31.9,155.4,450.3
31.9,155.5,450.3
31.9,156.1,450.3
31.9,155.4,450.3
31.9,155.1,450.3
31.9,155.5,450.3
32.0,155.6,450.3
32.0,155.7,450.3
32.0,155.4,450.3
32.0,155.6,450.3
32.0,155.7,450.3
32.0,155.7,450.3
32.0,154.6,450.3
32.0,155.9,450.3
32.0,156.0,450.3
32.0,156.1,450.3
32.0,155.7,450.3
32.0,156.0,450.3
32.0,155.6,450.3
32.0,156.2,450.3
32.0,156.4,450.3
32.0,155.8,450.3
32.1,155.9,450.3
32.1,155.5,450.3
32.1,156.2,450.3
32.1,154.1,450.3
32.1,156.6,450.3
32.1,156.0,450.3
32.1,157.5,450.3
32.1,156.3,450.3
32.1,156.5,450.3
32.1,156.4,450.3
32.1,156.4,450.3
32.1,156.4,450.3
32.1,155.7,450.3
32.1,155.7,450.3
32.1,155.0,450.3
32.2,155.8,450.3
32.2,154.5,450.3
32.2,155.0,450.3
32.2,155.5,450.3
32.2,156.1,450.3
32.2,155.3,450.3
32.2,155.1,450.3
32.2,153.9,450.3
32.2,155.2,450.3
32.2,155.3,450.3
32.2,154.7,450.3
32.2,155.0,450.4
32.2,153.9,450.4
32.2,155.5,450.4
32.2,155.1,450.4
32.2,154.5,450.4
32.3,155.2,450.4
32.3,155.1,450.4
32.3,155.0,450.4
32.3,153.2,450.4
32.3,154.8,450.4
32.3,155.3,450.4
32.3,155.1,450.4
32.3,154.9,450.4
32.3,154.8,450.4
32.3,155.1,450.4
32.3,154.9,450.5
32.3,154.9,450.5
32.3,154.6,450.4
32.3,155.1,450.4
32.3,154.7,450.4
32.4,155.3,450.4
32.4,155.1,450.4
32.4,154.8,450.4
32.4,155.1,450.4
32.4,156.0,450.4
32.4,155.1,450.4
32.4,155.2,450.4
32.4,154.8,450.4
32.4,155.4,450.4
32.4,155.2,450.4
32.4,154.6,450.4
32.4,154.2,450.4
32.4,153.1,450.4
32.4,153.0,450.4
32.4,151.9,450.4
32.5,150.7,450.4
32.5,148.2,450.4
32.5,147.9,450.4
32.5,147.7,450.4
32.5,145.8,450.4
32.5,145.9,450.4
32.5,146.2,450.4
32.5,145.4,450.4
32.5,143.2,450.4
32.5,145.6,450.4
32.5,146.0,450.4
32.5,147.3,450.4
32.5,146.9,450.4
32.5,147.3,450.4
32.5,147.9,450.4
32.6,148.1,450.4
32.6,149.3,450.4
32.6,148.3,450.4
32.6,149.5,450.4
32.6,148.8,450.4
32.6,150.8,450.4
32.6,151.2,450.4
32.6,151.7,450.4
32.6,151.7,450.4
32.6,152.2,450.4
32.6,152.1,450.4
32.6,152.6,450.4
32.6,153.2,450.4
32.6,153.6,450.4
32.6,154.1,450.4
32.7,154.5,450.4
32.7,154.7,450.4
32.7,154.5,450.4
32.7,154.5,450.4
32.7,155.7,450.4
32.7,154.8,450.4
32.7,155.6,450.4
32.7,155.9,450.4
32.7,156.3,450.4
32.7,155.2,450.4
32.7,156.5,450.4
32.7,157.0,450.4
32.7,155.8,450.4
32.7,156.9,450.4
32.7,157.3,450.4
32.7,157.3,450.4
32.8,157.6,450.3
32.8,157.5,450.3
32.8,157.3,450.3
32.8,157.5,450.3
32.8,157.4,450.3
32.8,157.5,450.3
32.8,157.6,450.3
32.8,157.4,450.3
32.8,157.0,450.3
32.8,157.9,450.3
32.8,157.3,450.3
32.8,157.5,450.3
32.8,157.1,450.3
32.8,157.2,450.3
32.8,155.9,450.2
32.8,158.0,450.2
32.9,158.1,450.2
32.9,157.9,450.2
32.9,157.4,450.2
32.9,157.6,450.2
32.9,157.4,450.2
32.9,157.5,450.2
32.9,157.6,450.2
32.9,157.6,450.2
32.9,157.6,450.2
32.9,158.4,450.2
32.9,157.3,450.2
32.9,157.4,450.2
32.9,157.3,450.2
32.9,158.2,450.2
32.9,158.6,450.2
32.9,158.6,450.2
33.0,158.3,450.2
33.0,158.1,450.2
33.0,158.0,450.2
33.0,159.3,450.2
33.0,158.7,450.2
33.0,158.7,450.2
33.0,158.9,450.2
33.0,158.3,450.2
33.0,158.6,450.2
33.0,157.4,450.2
33.0,158.2,450.2
33.0,158.4,450.2
33.0,158.0,450.2
33.0,158.4,450.2
33.0,158.7,450.2
33.0,158.1,450.2
33.1,158.4,450.2
33.1,157.3,450.2
33.1,157.8,450.2
33.1,157.3,450.2
33.1,157.0,450.2
33.1,157.0,450.2
33.1,156.4,450.2
33.1,156.7,450.2
33.1,157.0,450.2
33.1,156.1,450.2
33.1,156.6,450.2
33.1,156.3,450.2
33.1,155.7,450.2
33.1,155.6,450.2
33.1,155.3,450.2
33.2,155.7,450.2
33.2,155.1,450.2
33.2,154.4,450.2
33.2,155.1,450.2
33.2,153.5,450.2
33.2,154.5,450.2
33.2,154.5,450.2
33.2,153.8,450.2
33.2,153.6,450.2
33.2,153.9,450.2
33.2,153.4,450.2
33.2,151.8,450.2
33.2,152.8,450.2
33.2,152.9,450.2
33.2,152.9,450.2
33.3,152.6,450.2
33.3,151.8,450.2
33.3,152.5,450.2
33.3,152.1,450.2
33.3,152.6,450.0
33.3,152.2,450.0
33.3,150.5,450.0
33.3,151.6,450.0
33.3,151.3,450.0
33.3,150.4,450.0
33.3,150.9,450.0
33.3,150.1,450.0
33.3,150.4,450.0
33.3,151.5,450.0
33.3,150.6,450.0
33.4,151.3,450.0
33.4,149.7,450.0
33.4,151.0,450.0
33.4,151.1,450.0
33.4,150.7,450.0
33.4,150.8,450.0
33.4,149.5,450.0
33.4,149.9,450.0
33.4,151.6,450.0
33.4,151.6,450.0
33.4,151.1,450.0
33.4,150.8,450.0
33.4,150.3,450.0
33.4,150.6,450.0
33.4,151.0,450.0
33.5,150.2,450.0
33.5,148.9,450.0
33.5,150.0,450.0
33.5,150.0,450.0
33.5,148.7,450.0
33.5,150.0,450.0
33.5,151.2,450.0
33.5,149.9,450.0
33.5,149.9,450.0
33.5,150.7,450.0
33.5,150.2,450.0
33.5,150.6,450.0
33.5,150.2,450.0
33.5,151.1,450.0
33.5,150.8,450.0
33.6,150.3,450.0
33.6,150.3,450.0
33.6,149.3,450.0
33.6,150.3,450.0
33.6,150.9,450.0
33.6,149.6,450.0
33.6,150.3,450.0
33.6,149.9,450.0
33.6,150.9,450.0
33.6,150.1,450.0
33.6,150.4,450.0
33.6,150.0,450.0
33.6,150.7,450.0
33.6,151.3,450.0
33.6,150.0,450.0
33.7,150.8,450.0
33.7,151.3,450.0
33.7,151.1,450.0
33.7,151.2,450.0
33.7,151.1,450.0
33.7,150.4,450.0
33.7,150.6,450.0
33.7,150.4,450.0
33.7,151.0,450.0
33.7,150.3,450.0
33.7,150.2,450.0
33.7,150.2,450.0
33.7,149.8,450.0
33.7,150.8,450.0
33.7,151.6,450.0
33.8,150.6,450.0
33.8,151.9,450.0
33.8,151.0,450.0
33.8,151.7,450.0
33.8,152.1,450.0
33.8,151.2,450.0
33.8,151.5,450.0
33.8,150.7,450.0
33.8,151.8,450.0
33.8,151.3,450.0
33.8,150.0,450.0
33.8,151.2,450.0
33.8,151.1,450.0
33.8,150.2,450.0
33.8,151.1,450.0
33.9,149.6,450.0
33.9,150.7,450.0
33.9,149.7,450.0
33.9,150.2,450.0
33.9,150.3,450.2
33.9,149.2,450.0
33.9,149.0,450.2
33.9,147.2,450.0
33.9,148.8,450.0
33.9,148.4,450.0
33.9,147.9,450.0
33.9,146.2,450.0
33.9,147.3,450.0
33.9,147.5,450.0
33.9,146.2,450.0
34.0,147.0,450.0
34.0,147.4,450.0
34.0,146.9,450.0
34.0,146.8,450.0
34.0,146.7,450.0
34.0,147.4,450.0
34.0,147.0,450.0
34.0,146.5,450.0
34.0,146.4,450.2
34.0,146.2,450.0
34.0,146.2,450.0
34.0,146.4,450.0
34.0,146.0,450.2
34.0,144.7,450.0
34.0,145.9,450.2
34.1,146.4,450.1
34.1,145.4,450.0
34.1,146.0,450.1
34.1,145.4,450.0
34.1,145.6,450.0
34.1,145.3,450.0
34.1,145.6,450.1
34.1,146.1,450.0
34.1,145.8,450.1
34.1,145.5,450.2
34.1,145.8,450.0
34.1,145.4,450.0
34.1,145.7,450.1
34.1,145.9,450.0
34.2,145.1,450.2
34.2,145.0,450.0
34.2,144.9,450.0
34.2,145.3,450.2
34.2,144.9,450.0
34.2,145.7,450.0
34.2,144.9,450.0
34.2,144.9,450.0
34.2,144.9,450.0
34.2,144.6,450.0
34.2,144.8,450.0
34.2,145.3,450.0
34.2,144.6,450.0
34.2,145.6,450.0
34.2,144.9,450.0
34.3,145.5,450.0
34.3,144.8,450.0
34.3,145.3,450.0
34.3,145.2,450.0
34.3,145.2,450.0
34.3,145.1,450.0
34.3,145.3,450.0
34.3,145.4,450.0
34.3,146.0,450.0
34.3,145.4,450.0
34.3,146.0,450.0
34.3,145.5,450.0
34.3,146.1,450.0
34.3,145.3,450.0
34.4,146.0,450.0
34.4,143.9,450.0
34.4,146.2,450.0
34.4,145.9,450.0
34.4,146.5,450.0
34.4,145.3,450.0
34.4,146.6,450.0
34.4,145.0,450.0
34.4,146.5,450.0
34.4,142.5,450.0
34.4,146.3,450.1
34.4,145.3,450.1
34.4,145.9,450.1
34.4,145.8,450.1
34.4,145.4,450.1
34.5,146.0,450.1
34.5,146.9,450.1
34.5,145.5,450.1
34.5,146.8,450.1
34.5,146.5,450.1
34.5,146.8,450.1
34.5,146.6,450.1
34.5,146.6,450.1
34.5,145.6,450.1
34.5,147.4,450.1
34.5,147.8,450.1
34.5,146.5,450.1
34.5,147.3,450.1
34.5,147.8,450.1
34.5,147.5,450.1
34.6,147.7,450.1
34.6,147.8,450.1
34.6,148.0,450.1
34.6,148.2,450.1
34.6,147.8,450.1
34.6,148.3,450.1
34.6,148.0,450.1
34.6,148.2,450.1
34.6,147.9,450.1
34.6,147.4,450.1
34.6,147.4,450.1
34.6,148.1,450.2
34.6,147.9,450.2
34.6,148.8,450.2
34.6,147.6,450.2
34.7,148.7,450.2
34.7,147.2,450.2
34.7,148.1,450.2
34.7,147.5,450.2
34.7,147.9,450.2
34.7,147.2,450.2
34.7,146.3,450.2
34.7,147.5,450.2
34.7,148.0,450.2
34.7,146.7,450.2
34.7,147.8,450.2
34.7,147.1,450.2
34.7,148.3,450.2
34.7,148.3,450.2
34.8,147.5,450.2
34.8,147.2,450.2
34.8,147.9,450.2
34.8,148.3,450.2
34.8,147.9,450.2
34.8,147.1,450.2
34.8,148.1,450.2
34.8,148.3,450.2
34.8,148.4,450.2
34.8,147.9,450.2
34.8,148.3,450.2
34.8,148.6,450.2
34.8,147.7,450.2
34.8,148.3,450.4
34.8,147.9,450.4
34.9,148.5,450.4
34.9,148.1,450.4
34.9,148.2,450.4
34.9,147.9,450.4
34.9,148.3,450.4
34.9,147.1,450.4
34.9,148.1,450.4
34.9,146.8,450.4
34.9,147.7,450.3
34.9,147.0,450.3
34.9,148.0,450.3
34.9,147.2,450.3
34.9,147.8,450.3
34.9,147.0,450.3
34.9,147.6,450.3
35.0,147.2,450.3
35.0,148.5,450.3
35.0,146.6,450.3
35.0,146.6,450.3
35.0,146.7,450.3
35.0,147.9,450.4
35.0,147.5,450.3
35.0,148.0,450.3
35.0,147.3,450.3
35.0,147.7,450.4
35.0,147.9,450.3
35.0,147.3,450.4
35.0,148.0,450.4
35.0,147.7,450.4
35.0,147.3,450.5
35.1,147.8,450.5
35.1,147.6,450.5
35.1,148.0,450.5
35.1,148.0,450.5
35.1,147.2,450.4
35.1,147.3,450.4
35.1,147.1,450.4
35.1,147.3,450.4
35.1,147.4,450.4
35.1,147.0,450.4
35.1,147.4,450.4
35.1,146.8,450.4
35.1,147.1,450.4
35.1,147.5,450.4
35.2,146.1,450.4
35.2,146.4,450.4
35.2,146.1,450.4
35.2,146.6,450.4
35.2,145.8,450.4
35.2,146.8,450.4
35.2,146.1,450.4
35.2,146.3,450.4
35.2,145.8,450.4
35.2,146.9,450.4
35.2,146.5,450.4
35.2,147.4,450.4
35.2,145.8,450.4
35.2,147.2,450.4
35.2,145.9,450.4
35.3,146.9,450.4
35.3,146.0,450.4
35.3,146.5,450.4
35.3,145.1,450.3
35.3,146.3,450.4
35.3,146.8,450.4
35.3,146.7,450.4
35.3,147.1,450.3
35.3,147.0,450.4
35.3,146.8,450.4
35.3,146.8,450.4
35.3,147.0,450.4
35.3,146.9,450.4
35.3,146.8,450.3
35.3,146.4,450.4
35.4,146.6,450.4
35.4,146.6,450.3
35.4,147.3,450.3
35.4,147.1,450.3
35.4,145.6,450.3
35.4,146.6,450.3
35.4,146.7,450.3
35.4,146.6,450.3
35.4,147.0,450.3
35.4,146.5,450.3
35.4,146.4,450.3
35.4,146.4,450.3
35.4,147.3,450.3
35.4,145.4,450.3
35.5,147.0,450.3
35.5,145.8,450.3
35.5,146.6,450.3
35.5,146.0,450.3
35.5,146.8,450.3
35.5,145.8,450.4
35.5,147.1,450.4
35.5,145.7,450.4
35.5,146.9,450.4
35.5,145.6,450.4
35.5,147.0,450.4
35.5,146.1,450.4
35.5,146.7,450.4
35.5,143.9,450.4
35.5,146.6,450.4
35.6,146.4,450.4
35.6,147.3,450.4
35.6,146.3,450.4
35.6,146.2,450.4
35.6,146.3,450.4
35.6,146.7,450.4
35.6,146.0,450.4
35.6,146.6,450.4
35.6,146.3,450.4
35.6,146.1,450.4
35.6,146.6,450.4
35.6,146.3,450.4
35.6,146.4,450.4
35.6,146.3,450.4
35.7,145.1,450.4
35.7,145.1,450.4
35.7,145.0,450.4
35.7,144.9,450.4
35.7,143.1,450.4
35.7,142.8,450.4
35.7,138.5,450.4
35.7,139.4,450.5
35.7,138.0,450.5
35.7,136.0,450.5
35.7,135.1,450.5
35.7,132.7,450.5
35.7,131.7,450.5
35.8,130.5,450.5
35.8,130.7,450.5
35.8,130.3,450.5
35.8,132.2,450.5
35.8,131.8,450.5
35.8,133.5,450.5
35.8,132.9,450.5
35.8,134.8,450.5
35.8,135.0,450.5
35.8,136.0,450.5
35.8,136.5,450.5
35.8,137.5,450.5
35.8,137.8,450.5
35.8,138.9,450.5
35.9,139.1,450.5
35.9,138.7,450.5
35.9,140.8,450.5
35.9,141.0,450.5
35.9,141.1,450.5
35.9,141.5,450.5
35.9,142.1,450.5
35.9,141.4,450.5
35.9,142.0,450.5
35.9,142.5,450.5
35.9,143.5,450.4
35.9,143.0,450.4
35.9,143.6,450.4
35.9,143.5,450.4
35.9,142.8,450.4
36.0,144.1,450.4
36.0,144.2,450.4
36.0,144.2,450.4
36.0,144.3,450.4
36.0,144.4,450.4
36.0,144.9,450.4
36.0,144.1,450.4
36.0,145.0,450.4
36.0,144.8,450.4
36.0,145.4,450.4
36.0,144.9,450.4
36.0,145.4,450.4
36.0,145.3,450.4
36.0,146.2,450.4
36.1,143.6,450.4
36.1,146.3,450.4
36.1,145.5,450.4
36.1,146.6,450.4
36.1,145.2,450.4
36.1,146.5,450.4
36.1,145.2,450.4
36.1,146.3,450.4
36.1,146.2,450.4
36.1,145.8,450.4
36.1,146.0,450.4
36.1,146.9,450.3
36.1,146.1,450.3
36.1,146.4,450.3
36.1,146.5,450.3
36.2,146.4,450.3
36.2,146.8,450.3
36.2,146.4,450.3
36.2,146.7,450.3
36.2,146.5,450.3
36.2,147.1,450.3
36.2,146.9,450.3
36.2,146.4,450.3
36.2,146.4,450.3
36.2,146.3,450.3
36.2,146.5,450.3
36.2,146.8,450.3
36.2,146.1,450.3
36.2,145.8,450.3
36.2,145.7,450.3
36.3,146.2,450.3
36.3,145.9,450.3
36.3,146.4,450.3
36.3,146.7,450.3
36.3,145.6,450.3
36.3,144.9,450.3
36.3,144.5,450.3
36.3,146.0,450.3
36.3,145.9,450.3
36.3,145.2,450.3
36.3,145.6,450.2
36.3,145.1,450.2
36.3,145.6,450.2
36.3,145.1,450.2
36.4,145.2,450.2
36.4,145.1,450.2
36.4,144.8,450.2
36.4,144.8,450.2
36.4,144.8,450.2
36.4,145.0,450.2
36.4,145.5,450.2
36.4,144.3,450.2
36.4,144.3,450.2
36.4,144.6,450.2
36.4,144.9,450.2
36.4,144.3,450.2
36.4,144.6,450.2
36.4,145.1,450.2
36.4,144.6,450.2
36.5,144.9,450.2
36.5,144.3,450.2
36.5,145.0,450.2
36.5,144.9,450.2
36.5,145.1,450.2
36.5,144.9,450.2
36.5,144.8,450.2
36.5,145.1,450.2
36.5,145.3,450.2
36.5,144.8,450.2
36.5,144.3,450.2
36.5,145.1,450.2
36.5,145.6,450.2
36.5,144.3,450.1
36.6,145.1,450.1
36.6,145.3,450.1
36.6,144.3,450.1
36.6,144.9,450.1
36.6,144.9,450.1
36.6,145.0,450.1
36.6,145.1,450.1
36.6,144.6,450.1
36.6,144.8,450.1
36.6,144.9,450.1
36.6,145.1,450.1
36.6,144.1,450.1
36.6,144.6,450.1
36.6,144.8,450.1
36.6,144.2,450.1
36.7,144.6,450.1
36.7,144.6,450.1
36.7,144.7,450.1
36.7,144.8,450.1
36.7,144.5,450.1
36.7,144.4,450.1
36.7,144.3,450.1
36.7,144.7,450.1
36.7,144.7,450.1
36.7,144.4,450.1
36.7,144.7,450.1
36.7,144.4,450.1
36.7,144.6,450.1
36.7,144.8,450.1
36.8,144.8,450.1
36.8,145.1,450.1
36.8,144.5,450.1
36.8,144.8,450.1
36.8,144.5,450.1
36.8,145.3,450.1
36.8,145.4,450.1
36.8,144.3,450.1
36.8,144.1,450.1
36.8,144.9,450.1
36.8,145.2,450.1
36.8,144.4,450.1
36.8,144.7,450.1
36.8,144.9,450.1
36.8,144.6,450.1
36.9,145.2,450.1
36.9,144.9,450.1
36.9,145.1,450.1
36.9,145.3,450.1
36.9,144.2,450.2
36.9,143.0,450.2
36.9,144.2,450.2
36.9,144.8,450.2
36.9,143.9,450.2
36.9,144.0,450.2
36.9,144.7,450.2
36.9,144.1,450.2
36.9,144.6,450.2
36.9,144.3,450.2
37.0,144.6,450.2
37.0,144.1,450.2
37.0,140.9,450.2
37.0,143.4,450.3
37.0,144.2,450.3
37.0,144.6,450.3
37.0,144.3,450.3
37.0,144.0,450.3
37.0,144.7,450.3
37.0,143.6,450.3
37.0,144.5,450.3
37.0,143.9,450.3
37.0,144.2,450.3
37.0,144.2,450.3
37.1,143.8,450.3
37.1,143.0,450.3
37.1,144.4,450.3
37.1,144.2,450.3
37.1,144.0,450.3
37.1,143.7,450.3
37.1,144.4,450.3
37.1,143.9,450.3
37.1,143.9,450.3
37.1,143.5,450.3
37.1,143.6,450.3
37.1,143.4,450.3
37.1,143.2,450.3
37.1,142.6,450.3
37.1,142.5,450.4
37.2,142.2,450.3
37.2,141.6,450.3
37.2,142.1,450.3
37.2,142.3,450.3
37.2,141.5,450.4
37.2,141.7,450.4
37.2,142.3,450.4
37.2,142.5,450.4
37.2,141.6,450.4
37.2,142.3,450.4
37.2,142.1,450.4
37.2,142.3,450.4
37.2,142.6,450.4
37.2,142.3,450.4
37.3,142.8,450.4
37.3,142.9,450.4
37.3,142.7,450.4
37.3,142.8,450.4
37.3,142.7,450.4
37.3,143.0,450.4
37.3,143.2,450.4
37.3,143.3,450.4
37.3,143.7,450.4
37.3,143.1,450.4
37.3,144.2,450.4
37.3,143.6,450.4
37.3,143.9,450.4
37.3,143.7,450.4
37.4,143.8,450.4
37.4,143.4,450.4
37.4,143.6,450.4
37.4,144.3,450.4
37.4,144.0,450.4
37.4,144.3,450.4
37.4,144.2,450.4
37.4,143.6,450.4
37.4,144.3,450.4
37.4,143.8,450.4
37.4,144.2,450.4
37.4,143.2,450.4
37.4,143.8,450.4
37.4,143.6,450.4
37.4,143.8,450.5
37.5,143.7,450.4
37.5,143.7,450.4
37.5,143.7,450.5
37.5,143.8,450.4
37.5,143.5,450.4
37.5,141.9,450.4
37.5,143.7,450.4
37.5,143.9,450.3
37.5,143.1,450.3
37.5,144.0,450.3
37.5,144.2,450.3
37.5,143.6,450.3
37.5,144.2,450.3
37.5,143.9,450.3
37.6,144.5,450.3
37.6,144.5,450.3
37.6,144.4,450.3
37.6,144.7,450.3
37.6,144.4,450.3
37.6,144.7,450.3
37.6,145.2,450.3
37.6,144.3,450.3
37.6,144.8,450.3
37.6,144.0,450.3
37.6,144.3,450.3
37.6,143.8,450.3
37.6,144.2,450.3
37.6,143.9,450.3
37.7,143.7,450.3
37.7,143.9,450.3
37.7,144.2,450.3
37.7,144.2,450.3
37.7,143.5,450.3
37.7,143.8,450.3
37.7,144.3,450.3
37.7,142.8,450.3
37.7,143.7,450.3
37.7,143.9,450.3
37.7,144.5,450.3
37.7,144.0,450.3
37.7,143.9,450.3
37.7,144.3,450.3
37.7,144.1,450.3
37.8,144.4,450.3
37.8,144.4,450.3
37.8,143.9,450.3
37.8,144.1,450.3
37.8,143.9,450.3
37.8,143.9,450.3
37.8,144.0,450.3
37.8,144.3,450.3
37.8,144.3,450.4
37.8,144.0,450.4
37.8,144.5,450.4
37.8,144.5,450.4
37.8,145.0,450.4
37.8,145.0,450.3
37.9,144.3,450.3
37.9,144.3,450.3
37.9,143.9,450.3
37.9,144.0,450.3
37.9,144.0,450.3
37.9,144.0,450.3
37.9,144.8,450.3
37.9,143.9,450.3
37.9,144.5,450.3
37.9,144.2,450.3
37.9,144.8,450.3
37.9,145.1,450.3
37.9,144.7,450.3
37.9,143.7,450.2
37.9,145.1,450.2
38.0,145.2,450.2
38.0,144.2,450.2
38.0,144.6,450.2
38.0,144.9,450.2
38.0,144.2,450.2
38.0,144.6,450.2
38.0,144.6,450.2
38.0,144.8,450.1
38.0,144.9,450.1
38.0,144.4,450.2
38.0,142.9,450.2
38.0,144.8,450.2
38.0,145.1,450.2
38.0,144.5,450.2
38.1,144.6,450.2
38.1,144.4,450.2
38.1,143.8,450.2
38.1,144.1,450.2
38.1,143.8,450.2
38.1,144.3,450.2
38.1,145.0,450.2
38.1,144.3,450.2
38.1,144.2,450.2
38.1,144.8,450.2
38.1,145.2,450.2
38.1,144.3,450.2
38.1,145.0,450.2
38.1,145.0,450.2
38.1,144.6,450.2
38.2,144.9,450.2
38.2,145.0,450.2
38.2,145.1,450.2
38.2,145.6,450.2
38.2,145.1,450.2
38.2,145.5,450.2
38.2,145.2,450.2
38.2,145.4,450.3
38.2,145.1,450.3
38.2,145.0,450.3
38.2,144.1,450.4
38.2,144.8,450.4
38.2,145.4,450.4
38.2,144.7,450.4
38.3,144.7,450.4
38.3,145.0,450.4
38.3,144.3,450.4
38.3,144.9,450.3
38.3,144.1,450.3
38.3,144.3,450.3
38.3,144.4,450.3
38.3,143.8,450.3
38.3,143.0,450.3
38.3,144.5,450.3
38.3,144.7,450.3
38.3,144.5,450.3
38.3,144.2,450.3
38.3,144.0,450.3
38.3,144.0,450.3
38.4,144.4,450.3
38.4,144.3,450.3
38.4,144.5,450.3
38.4,145.0,450.3
38.4,143.9,450.3
38.4,143.0,450.3
38.4,144.3,450.3
38.4,144.7,450.3
38.4,144.9,450.3
38.4,143.9,450.3
38.4,143.0,450.3
38.4,142.8,450.4
38.4,142.5,450.3
38.4,142.1,450.3
38.5,142.0,450.3
38.5,141.1,450.3
38.5,140.8,450.3
38.5,140.9,450.3
38.5,140.0,450.3
38.5,139.2,450.3
38.5,139.3,450.3
38.5,139.6,450.3
38.5,138.6,450.3
38.5,138.7,450.3
38.5,139.3,450.3
38.5,139.0,450.3
38.5,139.8,450.3
38.5,139.8,450.3
38.6,140.5,450.3
38.6,140.5,450.3
38.6,139.9,450.3
38.6,141.4,450.3
38.6,141.2,450.3
38.6,142.0,450.3
38.6,141.9,450.3
38.6,142.2,450.3
38.6,141.9,450.3
38.6,142.2,450.3
38.6,142.7,450.3
38.6,142.4,450.3
38.6,143.2,450.3
38.6,142.9,450.3
38.7,143.1,450.3
38.7,143.1,450.3
38.7,142.8,450.3
38.7,143.0,450.3
38.7,143.1,450.3
38.7,143.5,450.3
38.7,142.9,450.3
38.7,142.8,450.3
38.7,143.2,450.3
38.7,143.0,450.3
38.7,143.4,450.3
38.7,142.9,450.3
38.7,143.3,450.3
38.7,143.1,450.3
38.8,142.8,450.3
38.8,142.5,450.3
38.8,143.0,450.3
38.8,143.2,450.3
38.8,142.9,450.3
38.8,143.2,450.3
38.8,143.6,450.3
38.8,142.7,450.3
38.8,143.3,450.3
38.8,143.4,450.3
38.8,144.0,450.3
38.8,143.9,450.3
38.8,143.8,450.3
38.8,143.7,450.3
38.8,143.8,450.3
38.9,143.7,450.3
38.9,144.0,450.3
38.9,143.5,450.3
38.9,144.7,450.3
38.9,143.8,450.3
38.9,144.6,450.3
38.9,142.2,450.2
38.9,144.7,450.2
38.9,145.1,450.1
38.9,144.9,450.2
38.9,143.1,450.1
38.9,145.1,450.1
38.9,146.3,450.2
38.9,146.4,450.2
39.0,146.2,450.1
39.0,145.8,450.1
39.0,146.3,450.1
39.0,147.0,450.2
39.0,146.4,450.2
39.0,146.8,450.1
39.0,147.1,450.1
39.0,146.6,450.1
39.0,147.1,450.1
39.0,146.9,450.1
39.0,147.1,450.2
39.0,147.2,450.1
39.0,146.9,450.2
39.0,146.8,450.2
39.0,147.2,450.1
39.1,147.6,450.2
39.1,147.4,450.2
39.1,147.4,450.1
39.1,147.3,450.1
39.1,146.7,450.1
39.1,147.5,450.1
39.1,146.7,450.1
39.1,147.3,450.1
39.1,147.2,450.1
39.1,146.8,450.1
39.1,147.7,450.1
39.1,147.3,450.1
39.1,146.8,450.1
39.1,146.4,450.1
39.1,146.3,450.1
39.2,147.4,450.1
39.2,145.6,450.1
39.2,147.3,450.1
39.2,147.9,450.1
39.2,147.2,450.1
39.2,147.2,450.1
39.2,147.6,450.1
39.2,147.8,450.1
39.2,147.8,450.1
39.2,147.6,450.1
39.2,147.8,450.1
39.2,147.8,450.1
39.2,147.7,450.1
39.2,148.3,450.1
39.3,147.4,450.1
39.3,148.3,450.1
39.3,146.4,450.0
39.3,147.8,450.0
39.3,148.3,450.0
39.3,148.1,450.0
39.3,148.9,450.0
39.3,148.5,450.0
39.3,148.6,450.0
39.3,148.9,450.0
39.3,148.1,450.0
39.3,149.4,450.0
39.3,148.5,450.0
39.3,149.8,450.0
39.3,148.7,450.0
39.4,149.2,450.0
39.4,148.7,450.0
39.4,149.7,450.0
39.4,149.5,450.0
39.4,149.9,450.0
39.4,149.5,450.0
39.4,149.8,450.0
39.4,149.9,450.0
39.4,150.2,450.0
39.4,150.1,450.0
39.4,149.6,450.0
39.4,150.2,450.0
39.4,148.9,450.0
39.4,150.6,450.0
39.4,149.3,450.0
39.5,149.6,450.0
39.5,150.1,450.0
39.5,150.1,450.0
39.5,149.4,450.0
39.5,150.5,450.0
39.5,149.3,450.0
39.5,150.1,450.0
39.5,149.9,450.0
39.5,150.2,450.0
39.5,150.3,450.0
39.5,149.6,450.0
39.5,150.1,450.0
39.5,149.8,450.0
39.5,150.1,450.0
39.5,150.1,450.0
39.6,149.5,450.0
39.6,150.1,450.0
39.6,149.8,450.0
39.6,149.3,450.0
39.6,150.2,450.0
39.6,149.0,450.0
39.6,150.2,450.0
39.6,148.9,450.0
39.6,150.1,450.0
39.6,149.1,450.0
39.6,149.3,450.0
39.6,149.2,450.0
39.6,149.0,450.0
39.6,149.7,450.0
39.6,149.7,450.0
39.7,149.2,450.0
39.7,149.4,450.0
39.7,149.2,450.0
39.7,149.4,450.0
39.7,149.5,450.0
39.7,149.0,450.0
39.7,149.2,450.0
39.7,148.1,450.0
39.7,149.7,450.0
39.7,147.8,450.0
39.7,148.7,450.0
39.7,148.3,450.0
39.7,148.9,450.0
39.7,149.1,450.0
39.7,149.0,450.0
39.8,148.4,450.0
39.8,148.9,450.0
39.8,148.8,450.0
39.8,149.0,450.0
39.8,145.4,450.0
39.8,148.7,450.1
39.8,148.7,450.1
39.8,148.6,450.1
39.8,149.4,450.1
39.8,148.3,450.1
39.8,148.7,450.1
39.8,149.0,450.1
39.8,148.6,450.1
39.8,148.5,450.1
39.8,149.0,450.1
39.9,148.2,450.1
39.9,149.3,450.1
39.9,148.3,450.1
39.9,149.2,450.1
39.9,148.3,450.1
39.9,149.2,450.1
39.9,148.6,450.1
39.9,148.8,450.1
39.9,149.3,450.1
39.9,149.5,450.1
39.9,149.9,450.1
39.9,150.1,450.1
39.9,149.4,450.1
39.9,150.0,450.1
39.9,149.8,450.1
40.0,149.8,450.1
40.0,150.3,450.1
40.0,149.0,450.1
40.0,150.6,450.1
40.0,149.3,450.1
40.0,149.9,450.1
40.0,150.1,450.1
40.0,149.7,450.1
40.0,149.6,450.1
40.0,150.2,450.1
40.0,149.5,450.1
40.0,150.5,450.1
40.0,149.2,450.2
40.0,149.6,450.2
40.0,149.5,450.2
40.1,149.4,450.2
40.1,149.5,450.2
40.1,149.0,450.2
40.1,149.3,450.2
40.1,149.1,450.2
40.1,148.6,450.2
40.1,149.9,450.2
40.1,149.3,450.2
40.1,149.0,450.2
40.1,149.7,450.2
40.1,149.5,450.2
40.1,150.2,450.2
40.1,149.2,450.2
40.1,150.7,450.2
40.1,149.3,450.2
40.2,150.2,450.2
40.2,150.1,450.2
40.2,150.1,450.2
40.2,150.5,450.2
40.2,150.1,450.2
40.2,150.4,450.2
40.2,150.5,450.2
40.2,149.8,450.2
40.2,149.9,450.2
40.2,149.3,450.2
40.2,149.7,450.2
40.2,150.4,450.2
40.2,148.8,450.2
40.2,149.7,450.2
40.2,148.6,450.2
40.3,149.7,450.2
40.3,149.3,450.2
40.3,149.6,450.2
40.3,149.3,450.2
40.3,149.3,450.2
40.3,149.1,450.2
40.3,149.9,450.2
40.3,149.1,450.2
40.3,149.7,450.2
40.3,148.6,450.2
40.3,149.3,450.2
40.3,149.7,450.2
40.3,149.7,450.2
40.3,150.1,450.2
40.3,149.0,450.2
40.4,150.2,450.2
40.4,150.4,450.2
40.4,149.3,450.2
40.4,149.8,450.2
40.4,149.5,450.2
40.4,148.9,450.2
40.4,150.5,450.2
40.4,149.1,450.2
40.4,150.3,450.2
40.4,149.1,450.2
40.4,150.2,450.2
40.4,149.6,450.2
40.4,149.7,450.2
40.4,150.2,450.2
40.4,149.5,450.2
40.5,149.7,450.2
40.5,150.1,450.2
40.5,149.1,450.2
40.5,149.8,450.2
40.5,149.5,450.2
40.5,149.6,450.2
40.5,149.8,450.2
40.5,148.2,450.2
40.5,149.7,450.2
40.5,149.3,450.2
40.5,150.2,450.2
40.5,149.1,450.2
40.5,149.7,450.2
40.5,147.5,450.2
40.5,149.8,450.2
40.6,149.4,450.2
40.6,150.6,450.2
40.6,149.7,450.2
40.6,150.6,450.2
40.6,150.0,450.2
40.6,150.4,450.2
40.6,150.9,450.2
40.6,150.1,450.2
40.6,150.3,450.2
40.6,149.8,450.2
40.6,150.3,450.2
40.6,150.6,450.2
40.6,149.9,450.2
40.6,149.5,450.2
40.6,149.9,450.2
40.7,149.4,450.2
40.7,150.7,450.2
40.7,148.5,450.2
40.7,149.5,450.2
40.7,149.0,450.2
40.7,150.0,450.2
40.7,149.1,450.2
40.7,149.6,450.2
40.7,148.2,450.2
40.7,149.9,450.2
40.7,150.5,450.2
40.7,149.6,450.2
40.7,149.7,450.2
40.7,148.3,450.2
40.7,149.7,450.2
40.8,150.3,450.2
40.8,150.1,450.2
40.8,149.1,450.2
40.8,148.8,450.2
40.8,148.5,450.2
40.8,150.0,450.2
40.8,148.9,450.2
40.8,149.6,450.2
40.8,148.7,450.2
40.8,149.3,450.2
40.8,148.8,450.2
40.8,149.3,450.2
40.8,149.4,450.2
40.8,149.7,450.2
40.8,149.4,450.2
40.9,149.2,450.2
40.9,148.9,450.2
40.9,148.9,450.2
40.9,148.6,450.2
40.9,148.2,450.2
40.9,148.6,450.2
40.9,148.7,450.2
40.9,148.8,450.2
40.9,148.4,450.2
40.9,148.6,450.2
40.9,148.3,450.2
40.9,149.2,450.2
40.9,148.1,450.2
40.9,149.7,450.2
41.0,148.0,450.2
41.0,149.4,450.2
41.0,148.3,450.2
41.0,148.8,450.2
41.0,149.4,450.2
41.0,148.9,450.2
41.0,149.4,450.2
41.0,149.0,450.2
41.0,149.3,450.2
41.0,149.4,450.2
41.0,149.1,450.2
41.0,149.4,450.2
41.0,149.2,450.2
41.0,148.8,450.2
41.0,150.0,450.2
41.1,148.5,450.2
41.1,149.7,450.2
41.1,148.6,450.2
41.1,149.7,450.2
41.1,149.1,450.2
41.1,149.1,450.2
41.1,148.3,450.2
41.1,149.3,450.2
41.1,149.0,450.2
41.1,149.2,450.2
41.1,148.7,450.2
41.1,149.7,450.2
41.1,149.2,450.2
41.1,149.5,450.2
41.1,149.9,450.2
41.2,148.8,450.2
41.2,150.0,450.2
41.2,149.1,450.2
41.2,149.8,450.2
41.2,149.3,450.2
41.2,149.5,450.2
41.2,148.8,450.2
41.2,149.5,450.2
41.2,149.6,450.2
41.2,150.5,450.2
41.2,148.8,450.2
41.2,150.6,450.2
41.2,149.0,450.2
41.2,149.9,450.2
41.2,150.2,450.2
41.3,149.1,450.2
41.3,149.9,450.2
41.3,149.4,450.2
41.3,149.6,450.2
41.3,150.1,450.2
41.3,149.2,450.2
41.3,149.9,450.2
41.3,149.4,450.2
41.3,148.8,450.2
41.3,148.7,450.2
41.3,148.1,450.2
41.3,147.9,450.2
41.3,148.3,450.2
41.3,149.7,450.2
41.3,148.7,450.2
41.4,149.2,450.2
41.4,148.2,450.2
41.4,149.1,450.2
41.4,149.2,450.2
41.4,149.4,450.2
41.4,149.1,450.2
41.4,149.5,450.2
41.4,148.8,450.2
41.4,149.3,450.2
41.4,149.5,450.2
41.4,149.5,450.2
41.4,149.1,450.2
41.4,148.8,450.2
41.4,149.5,450.2
41.4,148.7,450.2
41.5,149.4,450.2
41.5,148.7,450.2
41.5,149.1,450.2
41.5,148.4,450.2
41.5,149.3,450.2
41.5,148.4,450.2
41.5,148.9,450.2
41.5,148.3,450.2
41.5,148.9,450.2
41.5,148.8,450.2
41.5,149.0,450.2
41.5,149.2,450.2
41.5,148.0,450.2
41.5,148.2,450.2
41.5,148.6,450.2
41.6,148.6,450.2
41.6,148.6,450.2
41.6,148.0,450.2
41.6,148.1,450.2
41.6,148.4,450.2
41.6,147.9,450.2
41.6,149.4,450.2
41.6,147.9,450.2
41.6,149.4,450.2
41.6,148.1,450.2
41.6,149.5,450.2
41.6,148.8,450.2
41.6,148.7,450.2
41.6,148.9,450.2
41.6,148.7,450.2
41.7,149.2,450.2
41.7,149.0,450.2
41.7,148.8,450.2
41.7,149.7,450.2
41.7,149.7,450.2
41.7,149.0,450.2
41.7,149.8,450.2
41.7,148.5,450.2
41.7,148.7,450.2
41.7,148.3,450.2
41.7,149.2,450.2
41.7,147.8,450.2
41.7,148.8,450.2
41.7,148.2,450.2
41.7,148.7,450.2
41.8,148.6,450.2
41.8,149.2,450.2
41.8,148.5,450.2
41.8,148.4,450.2
41.8,148.6,450.2
41.8,148.9,450.2
41.8,148.8,450.2
41.8,149.0,450.2
41.8,148.7,450.2
41.8,149.0,450.2
41.8,149.3,450.2
41.8,148.9,450.2
41.8,149.1,450.2
41.8,148.4,450.2
41.8,149.1,450.2
41.9,148.7,450.2
41.9,149.3,450.2
41.9,148.5,450.2
41.9,149.3,450.2
41.9,147.7,450.1
41.9,148.9,450.1
41.9,148.6,450.1
41.9,149.1,450.1
41.9,149.4,450.1
41.9,148.5,450.1
41.9,148.8,450.1
41.9,148.7,450.1
41.9,149.0,450.1
41.9,149.0,450.1
41.9,148.3,450.1
42.0,148.8,450.1
42.0,148.8,450.1
42.0,148.6,450.1
42.0,148.8,450.1
42.0,147.4,450.1
42.0,148.5,450.1
42.0,147.5,450.1
42.0,148.7,450.1
42.0,148.0,450.1
42.0,148.3,450.1
42.0,145.6,450.1
42.0,148.2,450.1
42.0,147.8,450.1
42.0,148.6,450.1
42.1,147.8,450.1
42.1,147.3,450.1
42.1,148.3,450.1
42.1,148.3,450.1
42.1,147.8,450.1
42.1,147.7,450.1
42.1,147.3,450.1
42.1,147.3,450.1
42.1,147.8,450.1
42.1,146.5,450.1
42.1,147.7,450.1
42.1,147.2,450.1
42.1,147.4,450.1
42.1,147.0,450.1
42.1,147.8,450.1
42.2,146.9,450.1
42.2,147.9,450.1
42.2,146.8,450.1
42.2,148.2,450.1
42.2,147.5,450.1
42.2,148.1,450.1
42.2,148.1,450.1
42.2,147.3,450.1
42.2,148.5,450.1
42.2,148.1,450.1
42.2,148.1,450.1
42.2,147.8,450.1
42.2,147.8,450.1
42.2,148.0,450.1
42.2,147.9,450.1
42.3,147.6,450.1
42.3,148.0,450.1
42.3,147.1,450.1
42.3,147.6,450.1
42.3,146.6,450.1
42.3,148.3,450.1
42.3,146.8,450.1
42.3,148.0,450.1
42.3,147.4,450.1
42.3,147.4,450.1
42.3,148.3,450.1
42.3,147.6,450.1
42.3,148.0,450.1
42.3,148.2,450.1
42.3,147.1,450.0
42.4,147.8,450.1
42.4,147.2,450.1
42.4,147.8,450.1
42.4,148.2,450.1
42.4,146.5,450.1
42.4,147.5,450.1
42.4,147.2,450.1
42.4,148.4,450.1
42.4,147.5,450.1
42.4,148.2,450.1
42.4,147.7,450.1
42.4,148.3,450.1
42.4,147.7,450.1
42.4,148.6,450.0
42.5,147.9,450.1
42.5,148.3,450.1
42.5,148.2,450.0
42.5,148.1,450.1
42.5,147.6,450.1
42.5,148.1,450.1
42.5,148.4,450.1
42.5,147.8,450.1
42.5,148.4,450.1
42.5,147.3,450.1
42.5,148.1,450.1
42.5,147.2,450.2
42.5,147.5,450.2
42.5,147.2,450.2
42.5,147.7,450.2
42.6,147.3,450.2
42.6,147.9,450.2
42.6,146.4,450.2
42.6,147.7,450.2
42.6,146.8,450.2
42.6,144.6,450.2
42.6,146.6,450.2
42.6,147.9,450.2
42.6,147.0,450.2
42.6,148.1,450.2
42.6,148.1,450.2
42.6,148.4,450.2
42.6,147.4,450.2
42.6,147.6,450.2
42.6,147.4,450.2
42.7,147.8,450.2
42.7,147.9,450.2
42.7,147.3,450.2
42.7,146.3,450.2
42.7,147.8,450.2
42.7,146.9,450.2
42.7,147.8,450.2
42.7,148.1,450.2
42.7,147.6,450.2
42.7,147.8,450.2
42.7,146.9,450.2
42.7,147.4,450.2
42.7,147.7,450.2
42.7,147.7,450.2
42.8,146.1,450.2
42.8,147.4,450.2
42.8,144.7,450.2
42.8,146.4,450.2
42.8,145.6,450.2
42.8,146.2,450.2
42.8,144.7,450.2
42.8,145.8,450.2
42.8,145.0,450.2
42.8,145.7,450.2
42.8,144.8,450.2
42.8,145.5,450.2
42.8,144.0,450.2
42.8,145.2,450.2
42.8,144.1,450.2
42.9,145.1,450.2
42.9,144.5,450.2
42.9,144.5,450.2
42.9,143.5,450.2
42.9,144.6,450.2
42.9,143.6,450.2
42.9,143.4,450.2
42.9,144.0,450.2
42.9,143.8,450.2
42.9,143.5,450.2
42.9,143.8,450.2
42.9,143.6,450.2
42.9,143.5,450.2
42.9,143.8,450.2
43.0,143.3,450.2
43.0,143.0,450.2
43.0,142.6,450.2
43.0,143.0,450.2
43.0,142.3,450.2
43.0,142.6,450.2
43.0,142.2,450.2
43.0,142.2,450.2
43.0,142.0,450.2
43.0,142.6,450.2
43.0,142.5,450.2
43.0,142.5,450.2
43.0,142.9,450.2
43.0,142.8,450.2
43.1,142.3,450.2
43.1,142.6,450.4
43.1,142.5,450.2
43.1,142.9,450.2
43.1,142.1,450.2
43.1,142.7,450.2
43.1,142.6,450.2
43.1,142.4,450.2
43.1,142.6,450.2
43.1,142.2,450.2
43.1,142.7,450.2
43.1,142.4,450.2
43.1,142.1,450.2
43.1,142.1,450.2
43.1,141.8,450.2
43.2,142.0,450.2
43.2,141.2,450.2
43.2,142.1,450.3
43.2,142.4,450.2
43.2,141.8,450.2
43.2,140.7,450.2
43.2,142.2,450.2
43.2,142.8,450.2
43.2,141.9,450.2
43.2,142.6,450.2
43.2,142.6,450.2
43.2,142.1,450.2
43.2,142.4,450.2
43.2,142.4,450.2
43.3,142.9,450.3
43.3,142.0,450.2
43.3,142.4,450.2
43.3,142.8,450.2
43.3,142.3,450.2
43.3,142.6,450.2
43.3,142.2,450.2
43.3,143.0,450.2
43.3,143.0,450.2
43.3,142.6,450.3
43.3,142.6,450.3
43.3,142.4,450.4
43.3,142.8,450.4
43.3,142.3,450.4
43.4,142.5,450.4
43.4,142.8,450.4
43.4,142.2,450.4
43.4,142.2,450.5
43.4,142.3,450.4
43.4,142.4,450.4
43.4,141.1,450.3
43.4,142.2,450.4
43.4,142.5,450.4
43.4,142.0,450.4
43.4,142.5,450.4
43.4,142.2,450.4
43.4,142.4,450.4
43.4,142.2,450.3
43.5,142.0,450.4
43.5,141.1,450.3
43.5,142.5,450.4
43.5,141.2,450.3
43.5,141.4,450.4
43.5,141.3,450.4
43.5,141.4,450.4
43.5,140.2,450.3
43.5,140.4,450.4
43.5,139.8,450.4
43.5,139.8,450.4
43.5,138.6,450.4
43.5,138.9,450.4
43.5,137.9,450.4
43.6,137.8,450.4
43.6,136.8,450.3
43.6,137.6,450.4
43.6,136.9,450.3
43.6,138.1,450.4
43.6,137.9,450.4
43.6,137.7,450.4
43.6,137.8,450.3
43.6,137.7,450.4
43.6,137.6,450.4
43.6,137.7,450.2
43.6,137.5,450.2
43.6,136.9,450.2
43.6,137.9,450.2
43.7,138.4,450.2
43.7,138.5,450.2
43.7,138.2,450.2
43.7,138.3,450.2
43.7,138.3,450.2
43.7,138.7,450.2
43.7,135.7,450.2
43.7,138.9,450.2
43.7,138.7,450.2
43.7,138.9,450.2
43.7,138.0,450.2
43.7,138.3,450.2
43.7,138.4,450.2
43.7,138.7,450.2
43.8,139.3,450.2
43.8,139.1,450.2
43.8,139.4,450.2
43.8,139.9,450.2
43.8,139.6,450.2
43.8,139.8,450.2
43.8,140.1,450.2
43.8,140.8,450.2
43.8,139.9,450.2
43.8,140.4,450.2
43.8,141.1,450.2
43.8,141.0,450.2
43.8,141.6,450.2
43.8,141.2,450.2
43.9,141.6,450.2
43.9,141.6,450.2
43.9,141.4,450.2
43.9,141.2,450.2
43.9,141.2,450.2
43.9,142.0,450.2
43.9,140.5,450.2
43.9,142.1,450.2
43.9,141.5,450.2
43.9,142.0,450.2
43.9,140.1,450.2
43.9,142.5,450.2
43.9,142.0,450.2
43.9,142.0,450.2
44.0,142.0,450.2
44.0,142.7,450.2
44.0,141.5,450.1
44.0,142.8,450.1
44.0,141.7,450.1
44.0,142.7,450.1
44.0,142.1,450.1
44.0,142.5,450.1
44.0,142.3,450.1
44.0,142.4,450.1
44.0,142.8,450.1
44.0,142.4,450.1
44.0,142.8,450.1
44.0,143.1,450.1
44.1,142.1,450.1
44.1,140.5,450.1
44.1,142.8,450.1
44.1,143.2,450.1
44.1,142.4,450.1
44.1,142.8,450.1
44.1,142.4,450.1
44.1,142.2,450.1
44.1,142.5,450.1
44.1,142.1,450.1
44.1,143.1,450.1
44.1,141.9,450.1
44.1,142.1,450.1
44.1,142.1,450.1
44.1,141.3,450.1
44.2,141.9,450.1
44.2,142.0,450.1
44.2,141.5,450.1
44.2,142.7,450.1
44.2,141.2,450.1
44.2,141.6,450.1
44.2,141.3,450.1
44.2,142.3,450.1
44.2,141.0,450.1
44.2,142.2,450.1
44.2,141.4,450.1
44.2,141.5,450.1
44.2,140.0,450.1
44.2,141.6,450.1
44.3,141.2,450.1
44.3,141.4,450.1
44.3,140.9,450.1
44.3,142.0,450.1
44.3,140.5,450.1
44.3,141.6,450.1
44.3,140.6,450.1
44.3,141.6,450.1
44.3,141.0,450.1
44.3,141.5,450.1
44.3,141.9,450.1
44.3,141.2,450.1
44.3,141.2,450.1
44.3,141.7,450.1
44.4,141.5,450.1
44.4,140.6,450.1
44.4,141.5,450.1
44.4,141.1,450.0
44.4,141.0,450.0
44.4,141.5,450.0
44.4,142.0,450.0
44.4,141.8,450.0
44.4,141.8,450.0
44.4,141.6,450.0
44.4,141.4,450.0
44.4,142.0,450.0
44.4,142.9,450.0
44.4,141.7,450.0
44.5,142.6,450.0
44.5,142.6,450.0
44.5,142.9,450.0
44.5,142.6,450.0
44.5,142.9,450.0
44.5,143.0,450.0
44.5,143.7,450.0
44.5,139.8,450.0
44.5,135.8,450.0
44.5,143.0,450.0
44.5,144.7,450.0
44.5,143.8,450.0
44.5,144.9,450.0
44.5,138.1,450.0
44.5,137.7,450.0
44.5,136.7,450.0
44.5,139.1,450.0
44.5,139.5,450.0
44.5,130.0,450.0
44.5,139.1,450.0
44.5,148.9,450.0
44.5,148.1,450.0
44.5,147.9,450.0
44.5,147.2,450.0
44.5,147.1,450.0
44.5,146.4,450.0
44.5,144.8,450.0
44.5,144.6,450.0
44.5,144.6,450.0
44.5,144.8,450.0
44.5,144.3,450.0
44.5,144.8,450.0
44.5,144.5,450.0
44.5,143.7,450.0
44.5,143.4,450.0
44.5,143.7,450.0
44.5,143.6,450.0
44.5,143.4,450.0
44.5,143.2,450.0
44.5,143.0,450.0
44.5,142.4,450.0
44.5,143.2,450.0
44.5,142.5,450.0
44.5,143.2,450.0
44.5,141.8,450.0
44.5,142.9,450.0
44.5,142.4,450.0
44.5,142.3,450.0
44.5,142.1,450.0
44.5,142.1,450.0
44.5,142.3,450.0
44.5,143.3,450.0
44.5,142.0,450.0
44.5,143.3,450.0
44.5,142.3,450.0
44.5,143.2,450.0
44.5,142.7,450.0
44.5,142.8,450.0
44.5,141.5,450.0
44.5,142.2,450.0
44.5,142.1,450.0
44.5,142.0,450.0
44.5,142.3,450.0
44.5,142.4,450.0
44.5,142.5,450.0
44.5,142.1,450.0
44.5,142.2,450.0
44.5,142.3,450.0
44.5,141.5,450.0
44.5,142.2,450.0
44.5,139.1,450.0
44.5,142.6,450.0
44.5,142.0,450.0
44.5,142.9,450.0
44.5,142.9,450.0
44.5,142.6,450.0
44.5,143.1,450.0
44.5,139.4,450.0
44.5,143.4,450.0
44.5,143.2,450.0
44.5,142.7,450.0
44.5,142.6,450.0
44.5,142.1,450.0
44.5,143.3,450.0
44.5,143.9,450.0
44.5,143.1,450.0
44.5,143.7,450.0
44.5,142.7,450.0
44.5,143.5,450.0
44.5,140.5,450.0
44.5,143.7,450.0
44.5,142.7,450.0
44.5,143.3,450.0
44.5,143.3,450.0
44.5,143.0,450.0
44.5,143.0,450.0
44.5,138.7,450.0
44.5,143.2,450.0
44.5,143.8,450.0
44.5,143.1,450.0
44.5,143.2,450.0
44.5,140.7,450.0
44.5,143.1,450.0
44.5,143.3,450.0
44.5,144.0,450.0
44.5,130.7,450.0
44.5,132.2,450.0
44.5,132.6,450.0
44.5,133.6,450.0
44.5,134.0,450.0
44.5,123.3,450.0
44.5,132.9,450.0
44.5,138.0,450.0
44.5,148.3,450.0
44.5,138.1,450.0
44.5,138.4,450.0
44.5,139.2,450.0
44.5,149.5,450.0
44.5,153.2,450.0
44.5,152.7,450.0
44.5,151.7,450.0
44.5,150.4,450.0
44.5,148.9,450.0
44.5,144.3,450.0
44.5,134.1,450.0
44.5,123.4,450.0
44.5,132.8,450.0
44.5,136.9,450.0
44.5,138.9,450.0
44.5,138.5,450.0
44.5,139.3,450.0
44.5,149.6,450.0
44.5,152.6,450.0
44.5,153.0,450.0
44.5,151.7,450.0
44.5,150.9,450.0
44.5,149.9,450.0
44.5,148.6,450.0
44.5,147.7,450.0
44.5,144.8,450.0
