Time,FPS, Memory
0.0,52.9,452.8
0.0,43.2,457.4
0.0,44.3,457.4
0.0,48.1,457.4
0.0,52.4,457.4
0.0,57.6,457.3
0.1,62.8,457.3
0.1,68.7,457.3
0.1,72.6,457.3
0.1,76.5,457.2
0.1,80.5,457.2
0.1,84.7,457.2
0.1,88.6,457.2
0.1,93.0,457.2
0.1,96.2,457.1
0.1,100.1,457.1
0.1,104.1,457.1
0.1,107.3,457.1
0.1,111.2,457.1
0.1,113.5,457.0
0.1,116.1,457.0
0.1,118.6,457.0
0.2,121.1,457.0
0.2,124.2,457.0
0.2,125.8,456.9
0.2,128.7,456.9
0.2,131.6,456.9
0.2,132.6,456.9
0.2,134.0,456.8
0.2,136.7,456.8
0.2,136.7,456.8
0.2,139.1,456.8
0.2,139.8,456.8
0.2,141.4,456.7
0.2,142.7,456.7
0.2,142.2,456.7
0.2,144.1,456.7
0.3,143.9,456.7
0.3,146.5,456.6
0.3,146.6,456.6
0.3,146.0,456.6
0.3,147.7,456.6
0.3,147.1,456.5
0.3,146.0,456.5
0.3,149.4,456.5
0.3,148.4,456.5
0.3,150.2,456.5
0.3,149.3,456.4
0.3,149.5,456.4
0.3,150.1,456.4
0.3,149.2,456.4
0.3,151.1,456.4
0.3,150.6,456.3
0.4,151.3,456.3
0.4,151.0,456.3
0.4,151.8,456.3
0.4,151.6,456.3
0.4,151.4,456.2
0.4,151.5,456.2
0.4,150.8,456.2
0.4,151.3,456.2
0.4,151.3,456.1
0.4,150.8,456.1
0.4,151.7,456.1
0.4,151.2,456.1
0.4,151.7,456.1
0.4,150.0,456.0
0.4,148.8,456.0
0.5,150.2,456.0
0.5,150.2,456.0
0.5,150.4,456.0
0.5,150.6,455.9
0.5,149.0,455.9
0.5,150.4,455.9
0.5,150.0,455.9
0.5,151.2,455.8
0.5,148.6,455.8
0.5,148.3,455.8
0.5,151.4,455.8
0.5,150.8,455.8
0.5,151.7,455.7
0.5,152.4,455.7
0.5,152.4,455.7
0.6,150.6,455.7
0.6,153.2,455.7
0.6,151.9,455.6
0.6,151.3,455.6
0.6,152.6,455.6
0.6,151.1,455.6
0.6,152.0,455.5
0.6,151.0,455.5
0.6,150.3,455.5
0.6,150.7,455.5
0.6,151.6,455.5
0.6,151.8,455.4
0.6,151.8,455.4
0.6,152.2,455.4
0.6,152.0,455.4
0.7,150.7,455.4
0.7,152.4,455.3
0.7,151.5,455.3
0.7,151.2,455.3
0.7,151.0,455.3
0.7,150.7,455.2
0.7,152.0,455.2
0.7,151.7,455.2
0.7,150.4,455.2
0.7,151.6,455.2
0.7,150.7,455.1
0.7,152.4,455.1
0.7,150.7,455.1
0.7,151.5,455.1
0.7,151.4,455.1
0.8,151.1,455.0
0.8,151.8,455.0
0.8,151.0,455.0
0.8,150.7,455.0
0.8,150.9,455.0
0.8,150.3,454.9
0.8,150.9,454.9
0.8,150.3,454.9
0.8,151.0,454.9
0.8,150.1,454.8
0.8,149.7,454.8
0.8,151.1,454.8
0.8,147.2,454.8
0.8,151.1,454.8
0.8,151.0,454.7
0.9,150.7,454.7
0.9,150.6,454.7
0.9,149.4,454.7
0.9,149.9,454.6
0.9,151.2,454.6
0.9,150.8,454.6
0.9,152.2,454.6
0.9,150.9,454.6
0.9,148.1,454.5
0.9,150.2,454.5
0.9,149.6,454.5
0.9,147.1,454.4
0.9,152.9,454.4
0.9,151.1,454.4
0.9,151.2,454.4
1.0,151.6,454.4
1.0,146.6,454.3
1.0,151.3,454.3
1.0,150.7,454.3
1.0,151.0,454.3
1.0,151.2,454.2
1.0,147.5,454.2
1.0,150.6,454.2
1.0,151.2,454.2
1.0,151.8,454.2
1.0,151.7,454.2
1.0,146.9,454.2
1.0,151.8,454.2
1.0,151.4,454.2
1.0,152.7,454.1
1.1,151.4,454.1
1.1,152.3,454.1
1.1,152.4,454.1
1.1,151.0,454.1
1.1,152.3,454.0
1.1,150.4,454.0
1.1,151.6,454.0
1.1,150.3,454.0
1.1,150.1,453.9
1.1,150.0,453.9
1.1,150.4,453.9
1.1,149.9,453.9
1.1,149.7,453.8
1.1,149.1,453.8
1.1,148.0,453.8
1.2,149.1,453.8
1.2,144.4,453.7
1.2,148.4,453.7
1.2,150.8,453.7
1.2,149.8,453.7
1.2,148.0,453.6
1.2,147.1,453.6
1.2,152.7,453.6
1.2,151.7,453.6
1.2,151.7,453.5
1.2,152.0,453.5
1.2,147.7,453.5
1.2,153.0,453.5
1.2,149.8,453.4
1.2,151.8,453.4
1.3,151.0,453.4
1.3,146.2,453.4
1.3,151.7,453.3
1.3,150.6,453.3
1.3,151.9,453.3
1.3,150.7,453.3
1.3,145.6,453.2
1.3,151.4,453.2
1.3,149.9,453.2
1.3,149.7,453.2
1.3,150.6,453.1
1.3,145.1,453.1
1.3,150.3,453.1
1.3,150.1,453.1
1.3,151.9,453.0
1.4,151.4,453.0
1.4,146.9,453.0
1.4,152.3,453.0
1.4,150.8,452.9
1.4,153.0,452.9
1.4,151.5,452.9
1.4,146.9,452.9
1.4,152.5,452.8
1.4,150.9,452.8
1.4,152.0,452.8
1.4,149.3,452.8
1.4,149.1,452.9
1.4,153.6,452.9
1.4,152.5,452.9
1.4,153.6,452.9
1.4,153.1,452.8
1.5,150.5,452.8
1.5,152.5,452.8
1.5,152.6,452.8
1.5,151.3,452.8
1.5,152.3,452.7
1.5,150.6,452.7
1.5,151.3,452.7
1.5,148.3,452.7
1.5,134.0,453.0
1.5,140.5,453.0
1.5,143.1,453.0
1.5,148.4,453.0
1.5,153.4,452.9
1.5,152.5,452.9
1.5,154.8,452.9
1.6,152.3,452.9
1.6,155.9,452.8
1.6,155.1,452.8
1.6,152.3,452.8
1.6,156.1,452.8
1.6,153.5,452.7
1.6,153.7,452.7
1.6,152.5,452.7
1.6,149.6,452.7
1.6,152.5,452.6
1.6,154.3,452.6
1.6,151.4,452.6
1.6,152.4,452.6
1.6,149.2,452.6
1.6,154.5,452.5
1.7,152.6,452.5
1.7,153.4,452.5
1.7,152.3,452.5
1.7,147.5,452.5
1.7,154.5,452.5
1.7,153.8,452.4
1.7,154.5,452.4
1.7,152.9,452.4
1.7,153.7,452.4
1.7,153.3,452.3
1.7,151.6,452.3
1.7,152.6,452.3
1.7,152.1,452.3
1.7,155.2,452.2
1.7,153.7,452.2
1.8,152.4,452.2
1.8,154.2,452.2
1.8,152.4,452.2
1.8,153.4,452.1
1.8,153.1,452.1
1.8,153.1,452.1
1.8,152.7,452.1
1.8,151.9,452.1
1.8,151.4,452.1
1.8,152.1,452.0
1.8,150.8,452.0
1.8,150.8,452.0
1.8,150.4,452.0
1.8,150.6,452.0
1.8,149.6,451.9
1.9,150.4,451.9
1.9,149.5,451.9
1.9,150.7,451.9
1.9,147.9,451.9
1.9,151.6,451.8
1.9,148.8,451.8
1.9,150.6,451.7
1.9,151.4,451.7
1.9,152.1,451.7
1.9,150.4,451.7
1.9,150.3,451.7
1.9,150.8,451.6
1.9,150.9,451.6
1.9,150.7,451.6
1.9,151.2,451.6
2.0,150.5,451.5
2.0,152.0,451.5
2.0,150.6,451.5
2.0,150.8,451.5
2.0,150.4,451.4
2.0,148.7,451.4
2.0,148.6,451.4
2.0,149.7,451.4
2.0,150.3,451.3
2.0,148.7,451.3
2.0,148.3,451.3
2.0,150.8,451.3
2.0,150.6,451.3
2.0,152.1,451.2
2.0,152.4,451.2
2.1,150.5,451.2
2.1,151.7,451.2
2.1,150.9,451.2
2.1,150.5,451.1
2.1,151.3,451.1
2.1,150.0,451.1
2.1,152.2,451.1
2.1,150.6,451.1
2.1,150.2,451.1
2.1,151.2,451.0
2.1,150.3,451.0
2.1,151.8,451.0
2.1,150.2,451.0
2.1,151.3,451.0
2.1,149.4,450.9
2.2,150.7,450.9
2.2,149.3,450.9
2.2,150.6,450.9
2.2,148.7,450.9
2.2,150.2,450.8
2.2,150.5,450.8
2.2,150.8,450.8
2.2,147.1,450.8
2.2,151.5,450.8
2.2,150.0,450.7
2.2,150.4,450.7
2.2,151.1,450.7
2.2,150.6,450.7
2.2,151.4,450.7
2.2,152.7,450.6
2.3,151.8,450.6
2.3,151.8,450.6
2.3,151.3,450.6
2.3,150.7,450.5
2.3,151.3,450.5
2.3,150.9,450.5
2.3,151.5,450.5
2.3,151.8,450.5
2.3,150.4,450.4
2.3,150.8,450.4
2.3,150.4,450.4
2.3,149.6,450.4
2.3,149.6,450.4
2.3,149.9,450.3
2.3,149.2,450.3
2.4,150.6,450.3
2.4,151.2,450.3
2.4,151.2,450.3
2.4,150.8,450.2
2.4,151.6,450.2
2.4,150.9,450.2
2.4,150.9,450.2
2.4,151.7,450.1
2.4,150.6,450.1
2.4,152.2,450.1
2.4,150.4,450.1
2.4,151.3,450.1
2.4,151.2,450.0
2.4,150.1,450.0
2.4,152.2,450.0
2.5,150.9,450.0
2.5,150.1,450.0
2.5,151.4,449.9
2.5,149.5,449.9
2.5,151.0,449.9
2.5,149.8,449.9
2.5,149.9,449.8
2.5,149.8,449.8
2.5,150.2,449.8
2.5,150.5,449.8
2.5,149.0,449.8
2.5,150.3,449.7
2.5,150.7,449.7
2.5,150.2,449.7
2.5,150.3,449.7
2.6,149.1,449.7
2.6,150.0,449.6
2.6,151.5,449.6
2.6,150.4,449.6
2.6,144.3,449.6
2.6,151.0,449.6
2.6,150.3,449.6
2.6,152.8,449.5
2.6,150.8,449.5
2.6,152.2,449.5
2.6,150.7,449.5
2.6,150.0,449.5
2.6,150.7,449.4
2.6,149.8,449.4
2.6,151.6,449.5
2.7,149.2,449.4
2.7,148.7,449.4
2.7,148.4,449.4
2.7,148.5,449.4
2.7,148.6,449.4
2.7,148.9,449.3
2.7,148.8,449.3
2.7,148.9,449.3
2.7,149.2,449.3
2.7,149.4,449.2
2.7,150.2,449.2
2.7,150.4,449.2
2.7,149.8,449.2
2.7,147.0,449.2
2.7,150.5,449.1
2.8,150.5,449.1
2.8,149.7,449.1
2.8,150.2,449.1
2.8,148.6,449.1
2.8,150.3,449.0
2.8,149.6,449.0
2.8,148.4,449.0
2.8,149.2,449.0
2.8,147.3,449.0
2.8,148.3,448.9
2.8,145.2,448.9
2.8,148.3,448.9
2.8,146.3,448.9
2.8,144.9,448.9
2.8,146.7,448.8
2.9,145.3,448.8
2.9,144.9,448.8
2.9,143.3,448.8
2.9,142.9,448.8
2.9,142.6,448.7
2.9,142.1,448.7
2.9,143.3,448.7
2.9,142.4,448.7
2.9,141.2,448.7
2.9,141.5,448.7
2.9,144.1,448.6
2.9,140.1,448.6
2.9,144.0,448.6
2.9,144.0,448.6
3.0,144.7,448.6
3.0,146.3,448.5
3.0,148.1,448.5
3.0,147.2,448.5
3.0,148.3,448.5
3.0,147.7,448.5
3.0,148.6,448.4
3.0,149.4,448.4
3.0,147.7,448.4
3.0,148.1,448.4
3.0,148.3,448.4
3.0,149.0,448.4
3.0,148.7,448.4
3.0,148.9,448.4
3.0,148.6,448.3
3.1,149.7,448.3
3.1,150.5,448.3
3.1,150.5,448.3
3.1,149.6,448.3
3.1,151.6,448.2
3.1,150.3,448.2
3.1,150.2,448.2
3.1,151.9,448.2
3.1,150.1,448.1
3.1,151.4,448.1
3.1,149.7,448.1
3.1,151.6,448.0
3.1,151.0,448.0
3.1,150.2,448.0
3.1,150.2,448.0
3.2,149.1,447.9
3.2,150.3,447.9
3.2,149.6,447.9
3.2,149.5,447.9
3.2,151.5,447.9
3.2,150.1,447.8
3.2,150.2,447.8
3.2,149.6,447.8
3.2,149.6,447.8
3.2,149.6,447.8
3.2,148.7,447.7
3.2,147.9,447.7
3.2,150.0,447.7
3.2,148.5,447.7
3.2,144.3,447.6
3.3,151.4,447.6
3.3,150.2,447.6
3.3,149.7,447.6
3.3,150.2,447.6
3.3,150.0,447.5
3.3,151.2,447.5
3.3,150.3,447.5
3.3,149.5,447.5
3.3,150.7,447.5
3.3,151.7,447.5
3.3,149.4,447.4
3.3,151.2,447.4
3.3,151.4,447.4
3.3,150.5,447.4
3.3,151.8,447.3
3.4,150.5,447.3
3.4,149.8,447.3
3.4,150.7,447.3
3.4,149.4,447.3
3.4,150.2,447.3
3.4,149.1,447.2
3.4,149.0,447.2
3.4,148.6,447.2
3.4,150.7,447.2
3.4,147.1,447.2
3.4,150.3,447.1
3.4,150.4,447.1
3.4,149.7,447.1
3.4,150.5,447.1
3.4,151.8,447.0
3.5,150.9,447.0
3.5,151.2,447.0
3.5,150.1,447.0
3.5,150.7,447.0
3.5,152.0,446.9
3.5,149.2,446.9
3.5,150.7,446.9
3.5,151.7,446.9
3.5,150.6,446.9
3.5,147.0,446.8
3.5,150.8,446.8
3.5,151.5,446.8
3.5,151.8,446.8
3.5,150.2,446.7
3.5,152.5,446.7
3.6,149.8,446.7
3.6,150.4,446.7
3.6,149.4,446.7
3.6,149.9,446.6
3.6,150.2,446.6
3.6,150.1,446.6
3.6,149.8,446.6
3.6,148.1,446.6
3.6,149.9,446.5
3.6,149.0,446.5
3.6,148.6,446.5
3.6,150.5,446.5
3.6,149.6,446.5
3.6,149.1,446.4
3.6,150.1,446.4
3.7,150.6,446.4
3.7,151.5,446.4
3.7,151.6,446.3
3.7,150.2,446.3
3.7,151.5,446.3
3.7,150.1,446.3
3.7,150.3,446.3
3.7,150.7,446.2
3.7,150.0,446.2
3.7,151.8,446.2
3.7,150.3,446.2
3.7,150.6,446.2
3.7,149.9,446.1
3.7,148.5,446.1
3.7,149.4,446.1
3.8,150.2,446.1
3.8,150.3,446.1
3.8,148.9,446.0
3.8,148.7,446.0
3.8,151.1,446.0
3.8,149.4,446.0
3.8,150.3,446.0
3.8,152.0,445.9
3.8,150.1,445.9
3.8,151.7,445.9
3.8,150.6,445.9
3.8,150.3,445.9
3.8,151.0,445.8
3.8,150.0,445.8
3.8,151.0,445.8
3.9,150.4,445.8
3.9,150.0,445.7
3.9,150.1,445.7
3.9,149.0,445.7
3.9,152.0,445.7
3.9,149.2,445.7
3.9,150.2,445.6
3.9,152.3,445.6
3.9,149.3,445.6
3.9,150.9,445.6
3.9,148.7,445.6
3.9,150.1,445.6
3.9,149.9,445.5
3.9,150.5,445.5
3.9,149.8,445.5
4.0,150.3,445.5
4.0,149.7,445.4
4.0,149.1,445.4
4.0,150.5,445.4
4.0,150.5,445.4
4.0,149.7,445.4
4.0,150.5,445.3
4.0,150.2,445.3
4.0,150.2,445.3
4.0,151.7,445.3
4.0,150.6,445.3
4.0,150.6,445.2
4.0,149.1,445.2
4.0,150.7,445.2
4.0,151.5,445.2
4.0,150.8,445.2
4.1,149.0,445.1
4.1,151.2,445.1
4.1,148.3,445.1
4.1,151.4,445.1
4.1,149.6,445.1
4.1,149.1,445.0
4.1,150.5,445.0
4.1,150.0,445.0
4.1,150.4,445.0
4.1,150.0,445.0
4.1,149.0,444.9
4.1,150.8,444.9
4.1,150.6,444.9
4.1,151.2,444.9
4.1,151.2,444.9
4.2,148.6,444.8
4.2,150.8,444.8
4.2,146.6,444.8
4.2,151.9,444.8
4.2,150.5,444.7
4.2,149.0,444.7
4.2,151.6,444.7
4.2,150.6,444.7
4.2,151.5,444.7
4.2,149.1,444.6
4.2,151.1,444.6
4.2,151.7,444.6
4.2,150.4,444.6
4.2,152.0,444.6
4.2,150.1,444.5
4.3,150.6,444.5
4.3,151.1,444.5
4.3,150.4,444.5
4.3,150.5,444.5
4.3,148.8,444.4
4.3,151.2,444.4
4.3,149.3,444.4
4.3,148.2,444.4
4.3,150.6,444.4
4.3,150.0,444.3
4.3,150.9,444.3
4.3,149.6,444.3
4.3,150.4,444.3
4.3,150.0,444.3
4.4,148.9,444.3
4.4,145.2,444.3
4.4,150.6,444.3
4.4,149.1,444.2
4.4,150.6,444.2
4.4,148.9,444.2
4.4,148.6,444.2
4.4,149.2,444.2
4.4,149.1,444.1
4.4,152.5,444.1
4.4,151.9,444.1
4.4,151.7,444.1
4.4,151.4,444.0
4.4,150.4,444.0
4.4,151.2,444.0
4.4,149.7,444.0
4.5,148.1,444.0
4.5,150.3,443.9
4.5,150.8,443.9
4.5,146.3,443.8
4.5,151.3,443.9
4.5,148.4,443.9
4.5,151.4,443.8
4.5,150.1,444.0
4.5,152.7,443.9
4.5,151.7,443.9
4.5,151.0,443.9
4.5,151.5,443.9
4.5,150.8,443.9
4.5,152.5,443.8
4.5,151.6,443.8
4.6,150.0,443.8
4.6,151.4,443.8
4.6,150.8,443.7
4.6,151.9,443.7
4.6,151.6,443.7
4.6,150.8,443.7
4.6,150.1,443.7
4.6,149.9,443.6
4.6,151.0,443.6
4.6,150.7,443.6
4.6,152.1,443.6
4.6,150.5,443.6
4.6,151.6,443.5
4.6,150.5,443.5
4.6,150.6,443.5
4.7,150.8,443.5
4.7,150.1,443.5
4.7,151.8,443.4
4.7,150.5,443.4
4.7,147.4,443.4
4.7,150.8,443.4
4.7,151.0,443.4
4.7,152.1,443.4
4.7,151.3,443.3
4.7,148.9,443.3
4.7,151.4,443.3
4.7,152.9,443.3
4.7,151.4,443.3
4.7,152.6,443.2
4.7,152.5,443.2
4.8,151.7,443.2
4.8,153.1,443.2
4.8,150.9,443.2
4.8,151.6,443.2
4.8,150.7,443.1
4.8,151.2,443.1
4.8,151.0,443.1
4.8,150.6,443.1
4.8,151.2,443.1
4.8,149.8,443.0
4.8,150.6,443.0
4.8,151.8,443.0
4.8,150.7,442.9
4.8,151.1,442.9
4.8,151.2,442.9
4.9,150.2,442.9
4.9,151.7,442.9
4.9,150.1,442.8
4.9,150.7,442.8
4.9,151.4,442.8
4.9,150.5,442.8
4.9,151.3,442.7
4.9,150.0,442.7
4.9,150.1,442.7
4.9,150.9,442.7
4.9,150.3,442.6
4.9,152.8,442.6
4.9,151.2,442.5
4.9,152.3,442.4
4.9,151.9,442.4
5.0,150.9,442.4
5.0,150.5,442.4
5.0,148.5,442.4
5.0,149.1,442.3
5.0,149.4,442.3
5.0,151.1,442.3
5.0,149.7,442.3
5.0,149.2,442.3
5.0,148.1,442.4
5.0,149.9,442.3
5.0,149.5,442.3
5.0,149.9,442.3
5.0,149.4,442.3
5.0,151.2,442.3
5.0,149.9,442.2
5.1,149.8,442.2
5.1,146.1,442.2
5.1,148.9,442.2
5.1,150.0,442.2
5.1,151.6,442.2
5.1,151.1,442.1
5.1,152.3,442.1
5.1,150.9,442.1
5.1,149.4,442.1
5.1,151.3,442.1
5.1,150.5,442.0
5.1,151.7,442.0
5.1,150.0,442.0
5.1,150.9,442.0
5.1,150.6,442.0
5.2,150.0,442.0
5.2,151.4,441.9
5.2,149.6,441.9
5.2,148.9,441.9
5.2,148.9,441.9
5.2,149.9,441.9
5.2,149.7,441.8
5.2,150.0,441.8
5.2,149.1,441.8
5.2,149.4,441.8
5.2,150.0,441.8
5.2,151.5,441.7
5.2,150.3,441.7
5.2,149.2,441.7
5.2,152.1,441.7
5.3,149.4,441.7
5.3,151.9,441.6
5.3,149.1,441.6
5.3,151.4,441.6
5.3,151.7,441.6
5.3,150.1,441.6
5.3,151.8,441.5
5.3,150.2,441.5
5.3,150.7,441.5
5.3,149.5,441.5
5.3,147.8,441.5
5.3,151.0,441.4
5.3,149.2,441.4
5.3,150.0,441.4
5.3,150.5,441.4
5.4,149.5,441.4
5.4,151.1,441.3
5.4,149.0,441.3
5.4,148.5,441.3
5.4,148.9,441.3
5.4,149.0,441.3
5.4,149.5,441.2
5.4,148.7,441.2
5.4,148.4,441.2
5.4,148.0,441.2
5.4,148.9,441.1
5.4,148.4,441.1
5.4,148.7,441.1
5.4,148.8,441.1
5.4,148.0,441.1
5.5,148.7,441.0
5.5,149.9,441.1
5.5,148.9,441.1
5.5,148.6,441.1
5.5,149.8,441.1
5.5,149.1,441.1
5.5,150.3,441.1
5.5,149.1,441.0
5.5,149.6,441.0
5.5,149.2,441.0
5.5,148.6,441.0
5.5,148.6,440.9
5.5,149.3,440.9
5.5,148.0,440.9
5.5,149.2,440.9
5.6,149.6,440.9
5.6,148.9,440.8
5.6,148.4,440.8
5.6,148.2,440.8
5.6,149.0,440.8
5.6,149.4,440.8
5.6,148.6,440.7
5.6,147.8,440.7
5.6,149.2,440.7
5.6,148.2,440.7
5.6,149.5,440.7
5.6,148.3,440.7
5.6,147.7,440.6
5.6,147.9,440.6
5.7,146.4,440.6
5.7,146.6,440.6
5.7,147.2,440.6
5.7,146.0,440.5
5.7,146.8,440.5
5.7,145.8,440.5
5.7,146.2,440.5
5.7,145.3,440.5
5.7,146.5,440.5
5.7,146.0,440.4
5.7,146.2,440.4
5.7,146.0,440.4
5.7,145.9,440.4
5.7,146.9,440.4
5.7,145.9,440.3
5.8,144.5,440.3
5.8,142.5,440.3
5.8,147.7,440.3
5.8,147.2,440.3
5.8,147.5,440.3
5.8,147.9,440.2
5.8,150.0,440.2
5.8,149.1,440.2
5.8,149.0,440.2
5.8,149.2,440.2
5.8,148.2,440.2
5.8,150.1,440.1
5.8,148.6,440.1
5.8,146.8,440.1
5.8,150.0,440.1
5.9,149.2,440.1
5.9,150.9,440.0
5.9,149.4,440.0
5.9,149.3,440.0
5.9,149.0,440.0
5.9,150.7,440.0
5.9,150.6,439.9
5.9,150.0,439.9
5.9,147.3,439.8
5.9,148.0,439.8
5.9,148.9,439.8
5.9,149.8,439.8
5.9,150.3,439.8
5.9,150.2,439.8
5.9,149.1,439.7
6.0,150.0,439.6
6.0,150.5,439.6
6.0,150.4,439.6
6.0,149.8,439.6
6.0,149.7,439.6
6.0,149.2,439.5
6.0,150.9,439.5
6.0,149.9,439.5
6.0,150.0,439.5
6.0,149.9,439.5
6.0,149.1,439.4
6.0,149.6,439.4
6.0,150.0,439.4
6.0,148.1,439.4
6.0,150.8,439.4
6.1,148.1,439.4
6.1,150.5,439.3
6.1,148.7,439.3
6.1,148.6,439.3
6.1,149.3,439.3
6.1,149.1,439.3
6.1,149.6,439.2
6.1,149.4,439.2
6.1,149.2,439.2
6.1,147.9,439.2
6.1,148.7,439.1
6.1,148.5,439.1
6.1,148.9,439.1
6.1,149.2,439.1
6.1,148.5,439.1
6.2,148.9,439.0
6.2,148.7,439.0
6.2,149.4,439.0
6.2,148.4,439.0
6.2,148.1,439.0
6.2,149.0,439.0
6.2,150.6,439.0
6.2,149.4,439.0
6.2,149.2,439.0
6.2,150.0,439.0
6.2,148.7,439.0
6.2,149.6,439.0
6.2,147.6,439.0
6.2,149.3,439.0
6.2,149.0,439.1
6.3,149.6,439.0
6.3,149.2,439.1
6.3,148.8,439.1
6.3,149.7,439.1
6.3,145.7,439.1
6.3,149.0,439.1
6.3,148.9,439.1
6.3,149.4,439.1
6.3,149.2,439.1
6.3,148.9,439.1
6.3,147.8,439.1
6.3,148.5,439.1
6.3,148.7,439.1
6.3,150.0,439.1
6.3,149.2,439.1
6.4,149.8,439.1
6.4,149.7,439.1
6.4,148.5,439.1
6.4,150.4,439.1
6.4,149.6,439.1
6.4,148.9,439.1
6.4,148.6,439.1
6.4,149.2,439.1
6.4,149.4,439.1
6.4,148.8,439.1
6.4,149.3,439.1
6.4,148.5,439.1
6.4,148.6,439.1
6.4,148.7,439.1
6.4,148.8,439.1
6.5,149.8,439.1
6.5,149.3,439.1
6.5,148.5,439.1
6.5,150.2,439.1
6.5,149.4,439.1
6.5,147.3,439.1
6.5,149.6,439.1
6.5,148.2,439.1
6.5,150.0,439.1
6.5,148.0,439.1
6.5,146.4,439.1
6.5,148.8,439.1
6.5,147.6,439.1
6.5,147.4,439.1
6.6,147.0,439.1
6.6,145.2,439.1
6.6,146.8,439.1
6.6,147.3,439.1
6.6,145.3,439.1
6.6,146.6,439.3
6.6,146.4,439.3
6.6,145.5,439.3
6.6,147.2,439.3
6.6,147.1,439.3
6.6,147.1,439.3
6.6,147.6,439.3
6.6,148.1,439.3
6.6,145.8,439.3
6.6,149.1,439.3
6.7,148.3,439.3
6.7,150.7,439.3
6.7,150.1,439.3
6.7,149.3,439.3
6.7,148.7,439.3
6.7,148.9,439.3
6.7,150.9,439.3
6.7,147.8,439.3
6.7,147.1,439.3
6.7,149.4,439.3
6.7,148.5,439.3
6.7,149.9,439.3
6.7,149.6,439.3
6.7,150.3,439.3
6.7,150.7,439.3
6.8,149.4,439.3
6.8,149.5,439.3
6.8,147.5,439.3
6.8,147.8,439.3
6.8,149.6,439.3
6.8,148.8,439.3
6.8,149.9,439.3
6.8,148.7,439.3
6.8,146.6,439.3
6.8,146.8,439.3
6.8,148.1,439.3
6.8,147.4,439.3
6.8,147.0,439.3
6.8,147.7,439.3
6.8,146.8,439.3
6.9,147.6,439.3
6.9,148.6,439.3
6.9,147.8,439.3
6.9,147.9,439.3
6.9,148.3,439.3
6.9,146.3,439.4
6.9,148.2,439.4
6.9,147.4,439.4
6.9,148.4,439.4
6.9,147.6,439.4
6.9,144.9,439.4
6.9,147.2,439.4
6.9,146.5,439.4
6.9,148.8,439.4
7.0,147.2,439.4
7.0,146.7,439.4
7.0,148.5,439.4
7.0,147.4,439.4
7.0,149.2,439.4
7.0,148.2,439.4
7.0,147.8,439.4
7.0,149.0,439.4
7.0,149.2,439.4
7.0,150.4,439.4
7.0,148.0,439.4
7.0,148.4,439.4
7.0,149.0,439.4
7.0,147.7,439.4
7.0,149.7,439.4
7.1,147.8,439.4
7.1,149.2,439.4
7.1,149.0,439.4
7.1,148.9,439.4
7.1,149.1,439.4
7.1,147.7,439.4
7.1,147.8,439.4
7.1,147.5,439.4
7.1,148.1,439.4
7.1,149.3,439.5
7.1,147.3,439.5
7.1,147.4,439.5
7.1,147.5,439.5
7.1,147.9,439.5
7.1,147.9,439.5
7.2,148.2,439.5
7.2,147.5,439.5
7.2,142.9,439.5
7.2,150.5,439.5
7.2,150.2,439.5
7.2,149.0,439.5
7.2,150.2,439.5
7.2,149.6,439.5
7.2,149.0,439.5
7.2,149.4,439.5
7.2,149.1,439.5
7.2,150.1,439.5
7.2,148.8,439.5
7.2,149.6,439.5
7.2,150.1,439.5
7.3,148.9,439.5
7.3,150.1,439.5
7.3,150.0,439.6
7.3,148.6,439.6
7.3,149.2,439.6
7.3,148.5,439.6
7.3,149.1,439.6
7.3,148.3,439.6
7.3,150.6,439.6
7.3,148.8,439.6
7.3,150.3,439.6
7.3,148.6,439.6
7.3,146.5,439.6
7.3,149.9,439.6
7.3,148.1,439.6
7.4,148.2,439.6
7.4,147.2,439.6
7.4,149.0,439.6
7.4,147.6,439.6
7.4,149.4,439.6
7.4,150.0,439.6
7.4,151.2,439.6
7.4,150.5,439.6
7.4,147.8,439.6
7.4,149.4,439.6
7.4,148.5,439.6
7.4,148.7,439.6
7.4,149.0,439.6
7.4,148.0,439.6
7.4,149.0,439.6
7.5,148.3,439.6
7.5,147.2,439.6
7.5,146.9,439.6
7.5,146.6,439.6
7.5,147.8,439.7
7.5,146.7,439.7
7.5,146.6,439.7
7.5,147.5,439.7
7.5,147.2,439.7
7.5,145.6,439.7
7.5,147.2,439.7
7.5,149.1,439.7
7.5,146.9,439.7
7.5,149.8,439.7
7.5,147.3,439.7
7.6,147.7,439.7
7.6,148.1,439.7
7.6,148.0,439.7
7.6,148.2,439.7
7.6,147.2,439.8
7.6,146.3,439.8
7.6,146.6,439.8
7.6,146.9,439.8
7.6,148.1,439.8
7.6,146.3,439.8
7.6,144.7,439.8
7.6,140.5,439.8
7.6,142.3,439.8
7.6,139.9,439.8
7.7,139.5,439.7
7.7,137.4,439.6
7.7,134.8,439.6
7.7,133.8,439.6
7.7,133.0,439.6
7.7,132.8,439.6
7.7,132.1,439.6
7.7,133.1,439.6
7.7,133.4,439.6
7.7,133.9,439.6
7.7,132.7,439.7
7.7,133.0,439.6
7.8,131.2,439.6
7.8,131.2,439.6
7.8,129.3,439.6
7.8,129.5,439.6
7.8,128.2,439.6
7.8,124.6,439.6
7.8,128.7,439.6
7.8,122.2,439.6
7.8,129.7,439.6
7.8,121.6,439.6
7.8,129.2,439.6
7.8,137.4,439.6
7.8,132.0,439.6
7.8,139.8,439.6
7.9,129.1,439.6
7.9,137.6,439.6
7.9,144.9,439.6
7.9,139.0,439.6
7.9,148.0,439.6
7.9,133.7,439.6
7.9,142.4,439.7
7.9,129.7,439.7
7.9,137.8,439.7
7.9,146.6,439.7
7.9,139.0,439.7
7.9,148.1,439.6
7.9,154.3,439.6
7.9,148.9,439.6
7.9,154.7,439.6
8.0,139.6,439.6
8.0,149.0,439.6
8.0,154.1,439.6
8.0,149.7,439.6
8.0,154.5,439.6
8.0,139.3,439.6
8.0,147.3,439.6
8.0,135.8,439.6
8.0,142.6,439.6
8.0,152.4,439.6
8.0,142.2,439.6
8.0,151.0,439.6
8.0,158.2,439.6
8.0,151.4,439.6
8.0,154.9,439.6
8.1,142.1,439.6
8.1,150.8,439.6
8.1,137.2,439.6
8.1,145.8,439.6
8.1,152.2,439.6
8.1,145.8,439.6
8.1,156.8,439.6
8.1,139.9,439.6
8.1,150.0,439.6
8.1,159.6,439.6
8.1,146.4,439.6
8.1,156.4,439.6
8.1,139.8,439.6
8.1,149.7,439.6
8.1,158.8,439.6
8.2,146.7,439.6
8.2,157.6,439.6
8.2,138.2,439.6
8.2,147.2,439.6
8.2,157.8,439.6
8.2,145.7,439.6
8.2,155.5,439.6
8.2,139.1,439.6
8.2,148.7,439.6
8.2,157.8,439.6
8.2,147.2,439.6
8.2,155.5,439.6
8.2,138.7,439.6
8.2,147.5,439.6
8.3,150.6,439.6
8.3,147.9,439.6
8.3,156.6,439.6
8.3,140.0,439.6
8.3,150.7,439.6
8.3,156.9,439.6
8.3,148.2,439.6
8.3,156.7,439.6
8.3,140.7,439.6
8.3,151.3,439.6
8.3,156.3,439.6
8.3,148.5,439.6
8.3,156.1,439.6
8.3,140.1,439.6
8.3,150.3,439.6
8.4,135.3,439.6
8.4,145.3,439.6
8.4,155.2,439.6
8.4,142.5,439.6
8.4,152.0,439.6
8.4,156.2,439.6
8.4,149.8,439.6
8.4,155.6,439.6
8.4,141.0,439.6
8.4,150.4,439.6
8.4,155.3,439.6
8.4,149.3,439.6
8.4,155.0,439.6
8.4,141.8,439.6
8.4,149.6,439.6
8.5,133.0,439.6
8.5,140.1,439.6
8.5,130.9,439.6
8.5,140.0,439.6
8.5,146.2,439.7
8.5,142.0,439.7
8.5,151.4,439.7
8.5,158.5,439.7
8.5,149.9,439.7
8.5,156.9,439.7
8.5,141.5,439.7
8.5,151.8,439.7
8.5,155.1,439.7
8.5,149.1,439.7
8.5,155.8,439.7
8.6,140.8,439.7
8.6,150.5,439.7
8.6,154.7,439.7
8.6,147.5,439.7
8.6,153.0,439.7
8.6,140.8,439.7
8.6,148.4,439.7
8.6,134.5,439.7
8.6,141.2,439.7
8.6,148.8,439.7
8.6,145.5,439.4
8.6,151.9,439.4
8.6,137.6,439.3
8.6,146.7,439.3
8.7,133.1,439.3
8.7,141.9,439.3
8.7,129.6,439.3
8.7,139.5,439.3
8.7,126.6,439.3
8.7,135.3,439.3
8.7,124.3,439.3
8.7,133.5,439.3
8.7,122.6,439.3
8.7,132.0,439.3
8.7,136.1,439.3
8.7,133.7,439.3
8.7,134.0,439.3
8.8,129.6,439.4
8.8,132.0,439.4
8.8,127.1,439.4
8.8,128.2,439.4
8.8,125.7,439.4
8.8,128.8,439.4
8.8,124.5,439.4
8.8,130.8,439.4
8.8,122.3,439.4
8.8,130.8,439.4
8.8,122.0,439.4
8.8,129.9,439.4
8.8,138.4,439.4
8.9,133.2,439.4
8.9,142.7,439.4
8.9,129.2,439.4
8.9,138.8,439.4
8.9,146.3,439.4
8.9,138.9,439.4
8.9,147.7,439.4
8.9,133.3,439.4
8.9,142.2,439.4
8.9,150.6,439.4
8.9,141.4,439.4
8.9,150.1,439.4
8.9,136.2,439.4
8.9,146.6,439.4
8.9,152.2,439.4
9.0,143.9,439.4
9.0,152.9,439.4
9.0,138.4,439.4
9.0,147.6,439.4
9.0,154.5,439.4
9.0,146.4,439.4
9.0,154.1,439.4
9.0,138.2,439.4
9.0,148.5,439.4
9.0,155.1,439.3
9.0,146.6,439.3
9.0,155.1,439.3
9.0,138.5,439.3
9.0,146.7,439.3
9.0,154.0,439.3
9.1,146.8,439.3
9.1,154.3,439.3
9.1,139.3,439.3
9.1,147.2,439.3
9.1,135.4,439.3
9.1,143.1,439.3
9.1,152.7,439.3
9.1,144.1,439.3
9.1,154.0,439.3
9.1,136.7,439.3
9.1,143.9,439.3
9.1,152.2,439.3
9.1,145.6,439.3
9.1,155.7,439.3
9.2,139.5,439.3
9.2,150.1,439.3
9.2,159.4,439.3
9.2,146.4,439.3
9.2,157.2,439.3
9.2,139.4,439.3
9.2,149.4,439.3
9.2,157.5,439.3
9.2,145.8,439.3
9.2,154.8,439.3
9.2,139.1,439.3
9.2,147.9,439.3
9.2,155.9,439.3
9.2,147.1,439.3
9.2,154.9,439.3
9.3,138.1,439.3
9.3,146.2,439.3
9.3,154.8,439.3
9.3,146.6,439.3
9.3,154.9,439.3
9.3,139.9,439.3
9.3,150.0,439.3
9.3,134.9,439.3
9.3,143.8,439.3
9.3,155.0,439.3
9.3,141.7,439.3
9.3,150.6,439.3
9.3,137.4,439.3
9.3,145.8,439.3
9.3,156.0,439.3
9.4,144.8,439.3
9.4,155.6,439.3
9.4,139.2,439.3
9.4,149.9,439.3
9.4,159.3,439.3
9.4,144.5,439.3
9.4,155.4,439.4
9.4,139.5,439.3
9.4,149.0,439.4
9.4,156.2,439.3
9.4,145.4,439.4
9.4,155.8,439.4
9.4,138.3,439.4
9.4,148.0,439.4
9.4,158.0,439.4
9.5,146.4,439.4
9.5,155.4,439.4
9.5,138.9,439.4
9.5,148.5,439.4
9.5,133.9,439.4
9.5,142.4,439.4
9.5,151.8,439.4
9.5,143.6,439.4
9.5,153.8,439.4
9.5,137.2,439.4
9.5,147.2,439.4
9.5,156.6,439.4
9.5,145.0,439.5
9.5,154.5,439.5
9.6,137.9,439.5
9.6,148.2,439.5
9.6,156.6,439.5
9.6,146.9,439.5
9.6,155.6,439.5
9.6,139.8,439.5
9.6,150.0,439.5
9.6,155.0,439.5
9.6,146.0,439.5
9.6,155.4,439.5
9.6,140.2,439.5
9.6,150.8,439.5
9.6,154.8,439.5
9.6,147.5,439.5
9.6,154.3,439.5
9.7,139.5,439.5
9.7,148.8,439.5
9.7,134.9,439.5
9.7,143.8,439.5
9.7,152.3,439.5
9.7,143.5,439.5
9.7,149.4,439.5
9.7,136.0,439.5
9.7,145.3,439.5
9.7,131.4,439.5
9.7,140.9,439.5
9.7,128.6,439.5
9.7,137.9,439.5
9.8,126.1,439.5
9.8,136.0,439.5
9.8,142.9,439.5
9.8,135.3,439.5
9.8,143.9,439.5
9.8,131.0,439.5
9.8,139.4,439.5
9.8,146.5,439.6
9.8,141.4,439.6
9.8,147.6,439.6
9.8,132.7,439.6
9.8,138.6,439.6
9.8,130.3,439.6
9.8,137.2,439.6
9.9,126.9,439.6
9.9,135.1,439.6
9.9,142.7,439.6
9.9,137.9,439.6
9.9,144.2,439.6
9.9,150.6,439.6
9.9,145.9,439.6
9.9,155.1,439.6
9.9,139.9,439.6
9.9,149.4,439.6
9.9,157.9,439.6
9.9,148.5,439.6
9.9,157.7,439.6
9.9,140.3,439.6
9.9,149.1,439.6
9.9,158.9,439.6
10.0,147.6,439.6
10.0,158.3,439.6
10.0,141.3,439.6
10.0,152.1,439.6
10.0,158.8,439.5
10.0,147.1,439.5
10.0,157.8,439.5
10.0,140.9,439.5
10.0,149.5,439.6
10.0,157.7,439.6
10.0,146.1,439.6
10.0,155.9,439.6
10.0,140.6,439.6
10.0,151.2,439.6
10.0,158.3,439.6
10.1,145.8,439.6
10.1,156.2,439.8
10.1,139.1,439.8
10.1,146.2,439.8
10.1,153.6,439.8
10.1,146.8,439.8
10.1,154.5,439.8
10.1,139.0,439.8
10.1,146.4,439.8
10.1,153.4,439.8
10.1,146.6,439.8
10.1,154.6,439.8
10.1,139.9,439.8
10.1,149.7,439.9
10.1,157.1,439.9
10.2,150.2,439.9
10.2,155.5,439.9
10.2,141.6,439.9
10.2,152.2,439.9
10.2,153.9,439.9
10.2,149.0,439.9
10.2,155.9,439.9
10.2,141.7,439.9
10.2,151.9,439.9
10.2,135.8,439.9
10.2,145.5,439.9
10.2,154.8,439.9
10.2,142.5,439.9
10.2,152.6,439.9
10.3,138.3,439.9
10.3,148.7,439.9
10.3,153.9,439.9
10.3,144.0,439.9
10.3,154.3,439.9
10.3,137.4,439.9
10.3,146.0,439.9
10.3,153.7,439.9
10.3,146.5,439.9
10.3,153.9,439.9
10.3,139.5,439.9
10.3,148.6,439.9
10.3,154.5,439.9
10.3,147.9,439.9
10.3,151.2,439.9
10.4,139.8,439.9
10.4,149.2,439.9
10.4,135.1,439.9
10.4,145.4,439.9
10.4,152.6,439.9
10.4,144.4,439.9
10.4,151.7,439.9
10.4,136.6,439.9
10.4,146.9,439.9
10.4,152.5,439.9
10.4,146.5,439.9
10.4,152.6,439.9
10.4,138.3,439.9
10.4,146.7,439.9
10.5,133.6,439.9
10.5,142.2,440.0
10.5,150.4,440.0
10.5,142.3,440.0
10.5,151.2,440.0
10.5,136.6,440.0
10.5,146.2,440.0
10.5,152.6,440.0
10.5,146.1,440.0
10.5,151.9,440.0
10.5,137.9,440.0
10.5,146.8,440.0
10.5,153.0,440.0
10.5,147.2,440.0
10.5,151.3,440.0
10.6,140.1,440.0
10.6,149.0,440.1
10.6,133.7,440.1
10.6,142.2,440.1
10.6,151.5,440.1
10.6,143.5,440.1
10.6,152.6,440.1
10.6,137.0,440.1
10.6,147.1,440.1
10.6,153.9,440.1
10.6,145.6,440.1
10.6,153.4,440.1
10.6,137.8,440.1
10.6,146.5,440.1
10.7,133.0,440.1
10.7,143.2,440.1
10.7,151.6,440.1
10.7,140.9,440.1
10.7,149.4,440.1
10.7,136.1,440.1
10.7,144.7,440.1
10.7,153.0,440.1
10.7,144.0,440.1
10.7,151.8,440.2
10.7,137.5,440.2
10.7,146.1,440.2
10.7,132.8,440.1
10.7,141.6,440.1
10.8,129.6,440.1
10.8,138.5,440.1
10.8,126.6,440.1
10.8,136.6,440.1
10.8,143.3,440.1
10.8,136.0,440.1
10.8,143.9,440.1
10.8,131.5,440.1
10.8,140.2,440.1
10.8,146.8,440.1
10.8,141.0,440.1
10.8,147.0,440.1
10.8,135.3,440.1
10.8,143.9,440.1
10.9,131.3,440.1
10.9,139.5,440.1
10.9,148.4,440.1
10.9,140.4,440.1
10.9,149.2,440.1
10.9,134.7,440.1
10.9,144.2,440.1
10.9,153.5,440.1
10.9,142.7,440.1
10.9,151.5,440.1
10.9,156.7,440.1
10.9,150.4,440.1
10.9,155.3,440.1
10.9,142.5,440.1
10.9,151.3,440.1
11.0,155.4,440.1
11.0,150.8,440.1
11.0,154.6,440.1
11.0,141.7,440.1
11.0,150.7,440.1
11.0,136.4,440.1
11.0,146.5,440.1
11.0,155.6,440.1
11.0,144.2,440.1
11.0,154.4,440.1
11.0,137.5,440.1
11.0,147.3,440.1
11.0,156.4,440.1
11.0,146.1,440.1
11.0,154.7,440.1
11.1,138.3,440.1
11.1,147.0,440.3
11.1,153.9,440.3
11.1,146.0,440.3
11.1,155.4,440.3
11.1,140.5,440.3
11.1,150.9,440.3
11.1,157.1,440.3
11.1,147.6,440.3
11.1,157.8,440.3
11.1,139.1,440.2
11.1,147.5,440.2
11.1,155.9,440.2
11.1,147.8,440.2
11.1,158.0,440.2
11.2,141.2,440.2
11.2,151.1,440.2
11.2,156.6,440.2
11.2,147.5,440.2
11.2,157.5,440.2
11.2,139.7,440.2
11.2,148.5,440.2
11.2,157.9,440.2
11.2,146.5,440.2
11.2,156.5,440.2
11.2,140.9,440.2
11.2,149.5,440.2
11.2,155.8,440.2
11.2,146.6,440.2
11.2,156.3,440.2
11.3,140.5,440.2
11.3,150.7,440.2
11.3,154.7,440.2
11.3,147.1,440.2
11.3,153.3,440.2
11.3,139.4,440.2
11.3,149.1,440.2
11.3,134.4,440.2
11.3,142.4,440.2
11.3,151.5,440.2
11.3,143.1,440.2
11.3,153.5,440.2
11.3,137.1,440.2
11.3,145.3,440.2
11.3,154.5,440.2
11.4,146.1,440.2
11.4,156.5,440.2
11.4,138.3,440.2
11.4,147.0,440.2
11.4,155.9,440.2
11.4,145.5,440.2
11.4,154.9,440.2
11.4,139.4,440.2
11.4,149.6,440.3
11.4,155.5,440.3
11.4,145.9,440.3
11.4,154.6,440.3
11.4,137.7,440.3
11.4,146.5,440.3
11.5,134.3,440.3
11.5,144.4,440.3
11.5,152.4,440.3
11.5,143.0,440.3
11.5,152.3,440.3
11.5,137.3,440.3
11.5,146.2,440.3
11.5,153.7,440.3
11.5,146.0,440.3
11.5,153.0,440.4
11.5,136.8,440.0
11.5,146.8,440.0
11.5,153.4,439.8
11.5,147.6,439.8
11.5,153.2,439.8
11.6,138.9,439.8
11.6,149.4,439.9
11.6,133.9,439.9
11.6,142.7,439.9
11.6,152.1,439.9
11.6,142.4,439.9
11.6,152.5,439.9
11.6,136.6,439.9
11.6,146.9,439.9
11.6,132.1,439.9
11.6,141.0,439.9
11.6,129.0,439.9
11.6,138.7,439.9
11.6,143.1,439.9
11.7,137.9,439.9
11.7,140.8,439.9
11.7,133.1,439.9
11.7,137.0,439.9
11.7,130.3,439.9
11.7,138.4,439.9
11.7,127.1,440.1
11.7,134.4,440.1
11.7,125.1,440.1
11.7,133.7,440.1
11.7,123.3,440.0
11.7,131.7,440.0
11.8,121.6,440.0
11.8,130.1,440.0
11.8,120.8,440.0
11.8,129.5,440.0
11.8,136.2,440.0
11.8,131.3,440.0
11.8,138.0,440.0
11.8,128.2,440.0
11.8,136.7,440.1
11.8,142.0,440.1
11.8,138.1,440.1
11.8,143.6,440.1
11.8,133.6,440.1
11.8,142.5,440.1
11.9,129.9,440.1
11.9,140.1,440.1
11.9,148.5,440.1
11.9,139.9,440.1
11.9,148.7,440.1
11.9,134.1,440.1
11.9,142.9,440.1
11.9,150.6,440.1
11.9,142.4,440.1
11.9,149.9,440.0
11.9,136.2,440.0
11.9,145.0,440.1
11.9,131.9,440.1
11.9,140.2,440.1
11.9,149.5,440.1
12.0,141.8,440.1
12.0,151.0,440.1
12.0,134.7,440.1
12.0,143.5,440.1
12.0,152.6,440.1
12.0,142.9,440.1
12.0,153.4,440.0
12.0,137.4,440.0
12.0,146.5,440.0
12.0,154.0,440.0
12.0,145.3,440.0
12.0,152.9,440.0
12.0,138.4,440.0
12.0,147.2,440.0
12.0,154.3,440.0
12.1,146.3,440.0
12.1,154.0,440.0
12.1,139.3,440.1
12.1,149.0,440.1
12.1,155.0,440.1
12.1,147.1,440.1
12.1,154.2,440.1
12.1,140.0,440.1
12.1,149.2,440.1
12.1,154.4,440.1
12.1,147.5,440.1
12.1,155.3,440.1
12.1,139.7,439.9
12.1,148.8,439.9
12.1,154.4,439.9
12.2,149.5,440.0
12.2,155.1,439.9
12.2,140.3,440.0
12.2,149.6,440.0
12.2,134.9,440.0
12.2,144.6,440.0
12.2,153.9,440.0
12.2,143.5,440.0
12.2,153.8,440.0
12.2,136.5,440.0
12.2,144.8,440.0
12.2,154.4,440.0
12.2,144.6,440.0
12.2,154.1,440.0
12.3,138.4,440.0
12.3,147.5,440.0
12.3,156.1,440.0
12.3,146.1,440.0
12.3,155.5,440.0
12.3,139.6,440.0
12.3,149.9,440.0
12.3,157.7,440.0
12.3,146.2,440.0
12.3,155.2,440.0
12.3,139.9,439.9
12.3,150.2,439.9
12.3,157.3,439.9
12.3,147.7,439.9
12.3,157.8,439.9
12.4,139.5,439.9
12.4,148.7,439.9
12.4,156.9,439.9
12.4,147.7,440.0
12.4,155.7,440.0
12.4,139.7,440.0
12.4,148.5,440.0
12.4,156.6,440.0
12.4,148.3,440.0
12.4,156.9,440.0
12.4,139.7,440.0
12.4,149.9,440.0
12.4,155.2,440.0
12.4,148.0,440.0
12.4,154.5,440.0
12.5,139.4,440.0
12.5,150.0,440.0
12.5,153.4,440.0
12.5,147.8,440.0
12.5,151.4,440.0
12.5,140.4,440.0
12.5,150.8,440.1
12.5,134.9,440.1
12.5,143.2,440.1
12.5,153.4,440.1
12.5,143.2,440.1
12.5,152.0,440.1
12.5,137.4,440.1
12.5,147.4,440.1
12.5,155.1,440.1
12.6,146.0,440.1
12.6,155.9,440.1
12.6,137.9,440.1
12.6,147.1,440.1
12.6,154.4,440.1
12.6,147.4,440.1
12.6,153.2,440.1
12.6,139.0,440.1
12.6,147.7,440.1
12.6,133.9,440.2
12.6,143.8,440.2
12.6,130.0,440.2
12.6,139.6,440.2
12.7,126.9,440.2
12.7,136.8,440.2
12.7,124.4,440.2
12.7,133.6,440.2
12.7,122.9,440.2
12.7,132.3,440.2
12.7,121.7,440.2
12.7,129.9,440.2
12.7,136.1,440.2
12.7,132.0,440.2
12.7,134.2,440.2
12.7,129.3,440.2
12.7,131.2,440.2
12.8,127.1,440.2
12.8,128.9,440.2
12.8,125.5,440.2
12.8,128.9,440.1
12.8,123.8,440.1
12.8,130.7,440.1
12.8,122.1,440.1
12.8,130.1,440.1
12.8,121.2,440.1
12.8,129.0,440.1
12.8,137.8,440.1
12.8,131.7,440.1
12.8,141.5,440.1
12.9,128.3,440.1
12.9,138.2,440.1
12.9,146.6,440.1
12.9,137.8,440.1
12.9,148.2,440.1
12.9,133.2,440.1
12.9,141.6,440.1
12.9,150.6,440.1
12.9,141.3,440.1
12.9,151.4,440.1
12.9,135.8,440.1
12.9,145.9,440.1
12.9,154.4,440.1
12.9,143.7,440.1
12.9,152.4,440.1
13.0,137.6,440.1
13.0,148.2,440.1
13.0,155.4,440.1
13.0,145.0,440.1
13.0,155.8,440.1
13.0,139.0,440.1
13.0,149.2,440.1
13.0,157.7,440.1
13.0,145.4,440.1
13.0,155.5,440.0
13.0,140.3,440.0
13.0,150.7,440.0
13.0,157.3,440.0
13.0,147.3,440.0
13.0,156.4,440.0
13.1,138.7,440.0
13.1,148.9,440.0
13.1,155.7,440.0
13.1,147.1,440.0
13.1,156.5,440.0
13.1,140.6,440.0
13.1,150.8,440.0
13.1,157.1,440.0
13.1,146.1,440.0
13.1,155.1,440.0
13.1,140.3,440.0
13.1,150.3,440.0
13.1,157.0,440.0
13.1,147.7,440.0
13.1,156.0,440.0
13.2,138.7,440.0
13.2,149.1,440.0
13.2,156.8,440.0
13.2,147.7,440.0
13.2,155.9,440.0
13.2,140.4,440.0
13.2,150.7,440.0
13.2,156.7,440.0
13.2,147.9,440.0
13.2,155.6,440.0
13.2,140.1,440.0
13.2,149.8,440.0
13.2,154.7,440.0
13.2,148.2,440.0
13.2,155.7,440.0
13.3,140.3,440.0
13.3,150.6,440.0
13.3,156.4,440.0
13.3,148.2,440.0
13.3,155.2,440.0
13.3,140.5,440.0
13.3,150.2,440.0
13.3,155.7,440.0
13.3,148.1,440.0
13.3,153.8,440.0
13.3,139.9,440.0
13.3,149.8,440.1
13.3,153.9,440.1
13.3,148.6,440.0
13.3,155.1,440.1
13.4,140.8,440.1
13.4,151.2,440.0
13.4,155.4,440.1
13.4,148.5,440.1
13.4,153.4,440.1
13.4,140.8,440.0
13.4,150.3,440.1
13.4,154.8,440.1
13.4,147.2,440.1
13.4,154.3,440.1
13.4,141.1,440.1
13.4,151.0,440.1
13.4,135.4,440.1
13.4,144.3,440.1
13.4,154.1,440.1
13.5,143.9,440.1
13.5,154.2,440.1
13.5,137.3,440.1
13.5,147.3,440.1
13.5,155.8,440.1
13.5,144.6,440.1
13.5,152.5,440.1
13.5,138.6,440.1
13.5,148.1,440.1
13.5,154.0,440.1
13.5,145.6,440.1
13.5,151.8,440.1
13.5,139.8,440.1
13.5,149.4,440.1
13.5,153.0,440.1
13.6,147.8,440.1
13.6,153.7,440.2
13.6,139.9,440.2
13.6,148.3,440.2
13.6,133.6,440.2
13.6,142.7,440.2
13.6,151.4,440.2
13.6,143.9,440.2
13.6,152.2,440.2
13.6,136.3,440.2
13.6,146.2,440.2
13.6,132.2,440.2
13.6,141.7,440.2
13.6,148.1,440.2
13.7,142.2,440.2
13.7,142.6,440.2
13.7,136.7,440.2
13.7,137.3,440.2
13.7,131.8,440.2
13.7,135.2,440.2
13.7,128.9,440.2
13.7,133.1,440.2
13.7,126.6,440.2
13.7,132.7,440.2
13.7,124.8,440.2
13.7,132.2,440.2
13.8,123.0,440.2
13.8,131.7,440.2
13.8,121.6,440.2
13.8,131.1,440.3
13.8,120.6,440.3
13.8,129.5,440.3
13.8,138.2,440.3
13.8,130.9,440.3
13.8,139.2,440.3
13.8,128.2,440.3
13.8,136.3,440.3
13.8,145.3,440.3
13.8,137.4,440.3
13.8,146.2,440.3
13.9,133.4,440.3
13.9,143.6,440.3
13.9,151.3,440.3
13.9,142.3,440.3
13.9,151.1,440.3
13.9,135.9,440.3
13.9,146.0,440.3
13.9,153.3,440.3
13.9,144.6,440.3
13.9,154.7,440.3
13.9,137.2,440.2
13.9,145.8,440.2
13.9,154.5,440.2
13.9,145.0,440.2
13.9,155.2,440.3
14.0,138.5,440.2
14.0,149.1,440.2
14.0,155.1,440.3
14.0,145.9,440.3
14.0,156.6,440.3
14.0,138.7,440.2
14.0,148.7,440.2
14.0,157.4,440.2
14.0,147.3,440.2
14.0,157.0,440.2
14.0,140.6,440.2
14.0,150.8,440.2
14.0,156.2,440.2
14.0,147.1,440.2
14.0,156.2,440.2
14.1,140.3,440.2
14.1,150.7,440.2
14.1,156.7,440.2
14.1,145.7,440.2
14.1,156.1,440.2
14.1,140.2,440.2
14.1,150.3,440.2
14.1,156.5,440.2
14.1,147.2,440.2
14.1,156.3,440.2
14.1,139.9,440.2
14.1,150.0,440.2
14.1,156.9,440.2
14.1,147.4,440.2
14.1,155.4,440.2
14.2,138.6,440.2
14.2,148.7,440.2
14.2,156.4,440.2
14.2,147.0,440.2
14.2,154.9,440.2
14.2,140.5,440.2
14.2,150.4,440.2
14.2,156.1,440.2
14.2,148.2,440.2
14.2,155.5,440.2
14.2,139.8,440.2
14.2,149.0,440.2
14.2,154.4,440.2
14.2,148.1,440.2
14.2,153.2,440.2
14.3,140.8,440.2
14.3,151.0,440.2
14.3,156.0,440.2
14.3,148.4,440.2
14.3,155.7,440.2
14.3,140.3,440.2
14.3,150.2,440.2
14.3,155.8,440.2
14.3,146.9,440.2
14.3,155.5,440.2
14.3,141.3,440.2
14.3,151.2,440.2
14.3,135.6,440.2
14.3,145.0,440.2
14.3,155.4,440.2
14.4,143.5,440.2
14.4,153.8,440.2
14.4,137.5,440.2
14.4,147.1,440.2
14.4,156.7,440.2
14.4,144.1,440.2
14.4,154.6,440.2
14.4,156.2,440.2
14.4,151.9,440.2
14.4,156.8,440.2
14.4,143.6,440.2
14.4,153.6,440.2
14.4,156.3,440.2
14.4,150.7,440.2
14.4,154.6,440.2
14.5,142.9,440.2
14.5,153.1,440.2
14.5,136.9,440.2
14.5,146.9,440.2
14.5,153.0,440.3
14.5,144.5,440.3
14.5,151.5,440.3
14.5,138.3,440.3
14.5,147.9,440.3
14.5,153.1,440.3
14.5,146.3,440.3
14.5,152.5,440.3
14.5,138.0,440.3
14.5,147.6,440.3
14.6,133.4,440.3
14.6,142.9,440.4
14.6,152.3,440.4
14.6,141.7,440.4
14.6,151.9,440.4
14.6,137.1,440.4
14.6,145.3,440.4
14.6,153.6,440.4
14.6,145.2,440.4
14.6,155.2,440.4
14.6,138.3,440.4
14.6,146.8,440.4
14.6,132.5,440.4
14.6,142.2,440.4
14.6,146.2,440.4
14.7,142.8,440.4
14.7,140.7,440.4
14.7,136.0,440.4
14.7,135.5,440.4
14.7,132.6,440.4
14.7,133.4,440.4
14.7,130.0,440.4
14.7,132.2,440.4
14.7,127.7,440.4
14.7,130.9,440.4
14.7,125.6,440.4
14.7,127.8,439.8
14.8,124.1,439.8
14.8,129.7,439.6
14.8,122.8,439.6
14.8,130.0,439.6
14.8,121.4,439.6
14.8,129.4,439.6
14.8,121.1,439.6
14.8,128.9,439.6
14.8,137.5,439.6
14.8,131.3,439.6
14.8,139.9,439.6
14.8,128.5,439.6
14.8,136.9,439.6
14.8,145.7,439.7
14.9,137.9,439.7
14.9,148.2,439.7
14.9,133.4,439.7
14.9,143.8,439.7
14.9,150.4,439.7
14.9,142.2,439.7
14.9,150.5,439.7
14.9,135.6,439.7
14.9,145.9,439.7
14.9,152.6,439.7
14.9,144.7,439.7
14.9,152.7,439.7
14.9,137.4,439.7
14.9,145.8,439.7
14.9,154.6,439.7
15.0,146.2,439.7
15.0,155.4,439.7
15.0,139.5,439.6
15.0,148.7,439.6
15.0,154.5,439.6
15.0,146.9,439.6
15.0,153.9,439.6
15.0,139.0,439.6
15.0,147.3,439.7
15.0,154.8,439.7
15.0,148.0,439.7
15.0,155.7,439.7
15.0,139.5,439.6
15.0,149.3,439.7
15.0,156.4,439.7
15.1,148.3,439.7
15.1,155.4,439.8
15.1,140.4,439.8
15.1,149.5,439.8
15.1,153.9,439.8
15.1,148.5,439.9
15.1,154.6,439.9
15.1,139.7,439.9
15.1,149.6,439.9
15.1,134.7,439.9
15.1,142.8,439.9
15.1,152.2,439.9
15.1,143.7,439.9
15.1,153.9,439.9
15.1,156.2,439.9
15.2,151.3,439.9
15.2,156.6,439.9
15.2,143.1,439.9
15.2,153.8,439.9
15.2,135.5,439.9
15.2,143.8,439.9
15.2,153.0,439.9
15.2,145.2,439.9
15.2,154.0,439.9
15.2,157.6,439.9
15.2,152.0,439.9
15.2,155.8,439.9
15.2,144.0,439.9
15.2,153.2,439.9
15.3,136.6,439.9
15.3,146.8,439.9
15.3,154.7,439.9
15.3,145.6,439.9
15.3,155.4,439.9
15.3,137.5,439.9
15.3,146.3,439.9
15.3,153.9,439.9
15.3,145.6,439.9
15.3,152.8,439.9
15.3,138.7,439.9
15.3,148.8,439.9
15.3,152.9,439.9
15.3,148.2,439.9
15.3,151.6,439.9
15.4,139.2,439.9
15.4,148.1,439.9
15.4,134.3,439.9
15.4,142.8,439.9
15.4,151.9,439.9
15.4,142.9,439.9
15.4,152.2,439.9
15.4,137.2,439.9
15.4,145.7,439.9
15.4,154.9,439.9
15.4,144.9,439.9
15.4,153.9,440.0
15.4,138.8,440.0
15.4,147.9,440.0
15.4,155.9,440.0
15.5,146.1,440.0
15.5,155.6,440.0
15.5,138.6,440.0
15.5,147.7,440.0
15.5,154.2,440.0
15.5,146.9,440.0
15.5,152.8,440.0
15.5,140.0,440.0
15.5,148.9,440.0
15.5,134.4,440.0
15.5,143.0,440.0
15.5,152.0,440.1
15.5,143.1,440.0
15.5,153.3,440.1
15.6,137.1,440.0
15.6,147.7,440.1
15.6,154.4,440.1
15.6,145.7,440.1
15.6,155.2,440.1
15.6,137.8,440.1
15.6,147.4,440.1
15.6,153.5,440.1
15.6,147.0,440.1
15.6,154.1,440.1
15.6,138.5,440.1
15.6,147.0,440.1
15.6,133.3,440.2
15.6,142.1,440.2
15.7,129.9,440.2
15.7,140.0,440.2
15.7,126.7,440.2
15.7,135.1,440.2
15.7,124.9,440.1
15.7,133.2,440.1
15.7,139.7,440.1
15.7,134.8,440.1
15.7,138.8,440.1
15.7,131.4,440.1
15.7,137.6,440.1
15.7,128.2,440.1
15.7,137.2,440.1
15.8,125.6,440.1
15.8,134.0,440.1
15.8,123.7,440.1
15.8,132.2,440.1
15.8,122.3,440.1
15.8,130.6,440.1
15.8,121.3,440.1
15.8,129.3,440.1
15.8,137.0,440.1
15.8,131.8,440.1
15.8,140.1,440.2
15.8,127.9,440.2
15.8,135.9,440.2
15.9,126.0,440.2
15.9,134.1,440.2
15.9,142.4,440.2
15.9,135.8,440.2
15.9,144.7,440.2
15.9,149.8,440.2
15.9,144.5,440.2
15.9,149.6,440.2
15.9,138.0,440.2
15.9,146.5,440.1
15.9,132.9,440.1
15.9,141.2,440.1
15.9,150.6,440.1
15.9,143.2,440.1
15.9,153.1,440.1
16.0,136.0,440.1
16.0,144.8,440.1
16.0,153.6,440.1
16.0,143.9,440.1
16.0,154.7,440.2
16.0,137.6,440.2
16.0,147.3,440.2
16.0,156.5,440.1
16.0,144.9,440.1
16.0,155.1,440.1
16.0,138.3,440.1
16.0,148.1,440.1
16.0,157.2,440.1
16.0,146.7,440.1
16.0,156.9,440.1
16.1,138.9,440.1
16.1,149.3,440.3
16.1,156.4,440.3
16.1,146.1,440.3
16.1,155.5,440.3
16.1,139.4,440.3
16.1,149.4,440.3
16.1,159.7,440.3
16.1,147.7,440.3
16.1,157.2,440.3
16.1,139.2,440.2
16.1,147.9,440.2
16.1,157.3,440.2
16.1,147.7,440.2
16.1,158.0,440.2
16.2,140.9,440.2
16.2,151.9,440.2
16.2,157.1,440.2
16.2,147.5,440.2
16.2,156.2,440.2
16.2,139.6,440.2
16.2,150.0,440.2
16.2,156.6,440.2
16.2,147.8,440.2
16.2,157.2,440.2
16.2,140.5,440.2
16.2,150.9,440.2
16.2,155.3,440.2
16.2,145.9,440.2
16.2,156.2,440.2
16.3,140.6,440.2
16.3,151.2,440.2
16.3,154.3,440.2
16.3,147.8,440.2
16.3,153.7,440.2
16.3,139.1,440.2
16.3,147.8,440.2
16.3,154.1,440.2
16.3,147.1,440.2
16.3,154.6,440.2
16.3,139.9,440.2
16.3,148.2,440.2
16.3,152.8,440.2
16.3,149.3,440.2
16.3,151.9,440.2
16.4,140.6,440.2
16.4,149.4,440.2
16.4,135.7,440.2
16.4,145.8,440.3
16.4,153.3,440.3
16.4,144.6,440.3
16.4,154.2,440.3
16.4,137.0,440.3
16.4,146.8,440.3
16.4,153.3,440.3
16.4,144.8,440.3
16.4,154.8,440.3
16.4,138.1,440.3
16.4,146.6,440.3
16.4,154.1,440.3
16.5,146.4,440.3
16.5,153.2,440.3
16.5,140.1,440.3
16.5,149.1,440.3
16.5,134.0,440.3
16.5,142.0,440.3
16.5,151.0,440.3
16.5,142.6,440.4
16.5,152.1,440.4
16.5,137.1,440.4
16.5,147.1,440.4
16.5,152.7,440.4
16.5,144.4,440.4
16.5,152.2,440.4
16.6,138.1,440.4
16.6,147.3,440.4
16.6,155.0,440.4
16.6,146.1,440.4
16.6,154.3,440.4
16.6,139.1,440.4
16.6,148.5,440.5
16.6,152.2,440.5
16.6,148.5,440.5
16.6,151.0,440.5
16.6,139.8,440.5
16.6,148.7,440.5
16.6,134.8,440.5
16.6,143.4,440.5
16.6,151.7,440.5
16.7,144.7,440.5
16.7,146.6,440.5
16.7,137.4,440.5
16.7,141.8,440.5
16.7,133.0,440.5
16.7,137.9,440.5
16.7,129.6,440.7
16.7,136.5,440.7
16.7,126.8,440.7
16.7,134.5,440.7
16.7,124.9,440.7
16.7,132.7,440.6
16.8,123.1,440.6
16.8,131.6,440.6
16.8,121.5,440.6
16.8,129.8,440.6
16.8,120.5,440.6
16.8,128.6,440.6
16.8,119.5,440.6
16.8,127.5,440.6
16.8,133.7,440.6
16.8,131.1,440.7
16.8,134.3,440.7
16.8,129.5,440.7
16.8,135.5,440.7
16.9,125.6,440.7
16.9,135.5,440.7
16.9,123.4,440.7
16.9,131.7,440.7
16.9,140.4,440.7
16.9,135.1,440.7
16.9,143.6,440.7
16.9,130.4,440.7
16.9,139.1,440.7
16.9,146.6,440.7
16.9,138.8,440.7
16.9,148.1,440.7
16.9,133.7,440.7
16.9,142.5,440.7
17.0,129.8,440.7
17.0,138.0,440.7
17.0,147.0,440.7
17.0,139.5,440.7
17.0,148.8,440.7
17.0,134.1,440.7
17.0,142.7,440.7
17.0,151.9,440.7
17.0,144.0,440.7
17.0,152.4,440.7
17.0,137.0,440.7
17.0,145.9,440.7
17.0,154.6,440.7
17.0,145.8,440.7
17.0,153.7,440.7
17.1,137.9,440.7
17.1,148.2,440.7
17.1,154.4,440.6
17.1,146.7,440.6
17.1,153.6,440.6
17.1,138.7,440.6
17.1,149.0,440.6
17.1,154.5,440.6
17.1,146.4,440.6
17.1,154.0,440.6
17.1,139.0,440.6
17.1,147.8,440.6
17.1,154.9,440.6
17.1,148.0,440.6
17.1,154.1,440.5
17.2,139.6,440.5
17.2,146.6,439.9
17.2,154.7,439.9
17.2,147.3,439.7
17.2,156.4,439.7
17.2,140.1,439.7
17.2,149.0,439.7
17.2,155.3,439.7
17.2,149.2,439.7
17.2,156.2,439.7
17.2,140.5,439.7
17.2,150.8,439.7
17.2,154.7,439.7
17.2,148.2,439.7
17.2,153.9,439.7
17.3,140.6,439.7
17.3,149.7,439.7
17.3,135.5,439.7
17.3,144.0,439.7
17.3,153.5,439.7
17.3,143.5,439.7
17.3,153.0,439.7
17.3,137.4,439.7
17.3,145.7,439.7
17.3,155.0,439.7
17.3,145.2,439.7
17.3,155.7,439.7
17.3,157.7,439.7
17.3,152.1,439.7
17.3,157.4,439.7
17.4,143.6,439.7
17.4,153.3,439.7
17.4,137.3,439.7
17.4,147.6,439.7
17.4,156.6,439.7
17.4,144.8,439.7
17.4,155.7,439.7
17.4,138.2,439.7
17.4,147.7,439.7
17.4,157.2,439.7
17.4,145.6,439.7
17.4,154.9,439.7
17.4,139.6,439.7
17.4,150.3,439.7
17.4,157.3,439.7
17.5,147.5,439.7
17.5,156.4,439.7
17.5,139.5,439.7
17.5,150.2,439.7
17.5,156.1,439.7
17.5,147.5,439.7
17.5,154.6,439.7
17.5,139.0,439.8
17.5,147.5,439.8
17.5,153.9,439.8
17.5,148.5,439.8
17.5,151.5,439.8
17.5,139.8,439.8
17.5,149.9,439.8
17.6,134.6,439.8
17.6,144.6,439.8
17.6,153.0,439.8
17.6,142.7,439.8
17.6,153.0,439.8
17.6,137.9,439.9
17.6,146.0,439.9
17.6,155.2,439.9
17.6,144.1,439.9
17.6,153.9,439.9
17.6,138.7,439.9
17.6,148.9,439.9
17.6,155.5,439.9
17.6,145.5,439.9
17.6,151.2,439.9
17.7,139.0,439.9
17.7,144.0,439.9
17.7,134.3,439.9
17.7,140.6,439.9
17.7,130.4,439.9
17.7,135.3,439.9
17.7,127.4,439.9
17.7,134.3,439.9
17.7,125.1,439.9
17.7,132.9,439.9
17.7,123.5,439.9
17.7,131.6,439.9
17.8,122.1,439.9
17.8,130.4,439.8
17.8,120.9,439.8
17.8,129.3,439.8
17.8,120.1,439.8
17.8,129.4,439.8
17.8,119.2,439.8
17.8,126.9,439.8
17.8,135.9,439.8
17.8,130.9,439.8
17.8,139.3,439.8
17.8,127.2,439.8
17.8,135.4,439.8
17.8,143.9,439.8
17.9,137.3,439.8
17.9,145.2,439.8
17.9,132.4,439.8
17.9,142.5,439.8
17.9,148.7,439.8
17.9,140.7,439.8
17.9,149.2,439.8
17.9,135.6,439.8
17.9,144.4,439.8
17.9,151.4,439.8
17.9,143.6,439.9
17.9,152.0,439.9
17.9,137.4,439.9
17.9,146.4,439.9
17.9,153.4,439.9
18.0,145.3,439.9
18.0,153.2,439.9
18.0,138.6,439.9
18.0,147.8,439.9
18.0,154.8,439.9
18.0,148.0,439.9
18.0,153.7,439.9
18.0,139.5,439.8
18.0,149.6,439.8
18.0,156.1,439.8
18.0,148.6,439.8
18.0,155.4,439.8
18.0,140.3,439.8
18.0,150.4,439.8
18.0,155.8,439.8
18.1,146.8,439.8
18.1,154.6,439.8
18.1,139.4,439.8
18.1,149.6,439.8
18.1,154.6,439.8
18.1,148.9,439.8
18.1,155.8,439.8
18.1,141.0,439.8
18.1,150.9,439.8
18.1,155.6,439.8
18.1,148.3,439.8
18.1,154.8,439.8
18.1,140.5,439.8
18.1,150.3,439.8
18.2,133.9,439.8
18.2,143.3,439.8
18.2,153.1,439.8
18.2,142.4,439.8
18.2,141.9,439.8
18.2,132.5,439.8
18.2,136.0,439.8
18.2,129.2,439.8
18.2,122.3,439.8
18.2,130.4,439.8
18.2,140.5,439.8
18.2,151.8,439.8
18.2,143.3,439.8
18.2,154.3,439.8
18.2,165.3,439.8
18.2,172.8,439.8
18.3,164.4,439.8
18.3,168.0,439.8
18.3,151.8,439.8
18.3,163.2,439.8
18.3,144.1,439.8
18.3,155.0,439.8
18.3,164.0,439.8
18.3,150.2,439.8
18.3,160.9,439.8
18.3,142.1,439.8
18.3,152.8,439.8
18.3,161.6,439.8
18.3,148.3,439.8
18.3,159.2,439.8
18.4,140.9,439.8
18.4,151.7,439.8
18.4,159.8,439.8
18.4,147.1,439.8
18.4,158.0,439.8
18.4,140.6,439.8
18.4,151.0,439.8
18.4,158.7,439.8
18.4,147.3,439.8
18.4,157.4,439.8
18.4,140.2,439.8
18.4,150.6,439.8
18.4,157.6,439.8
18.4,147.0,439.8
18.4,156.4,439.8
18.5,140.1,439.8
18.5,150.3,439.8
18.5,154.9,439.8
18.5,145.7,439.8
18.5,154.7,439.8
18.5,139.6,439.8
18.5,149.7,439.8
18.5,155.5,439.8
18.5,147.4,439.8
18.5,153.8,439.8
18.5,138.6,439.8
18.5,148.4,439.8
18.5,135.1,439.8
18.5,144.7,439.8
18.5,152.1,439.8
18.6,143.1,439.8
18.6,152.9,439.8
18.6,136.3,439.8
18.6,146.4,439.8
18.6,155.1,439.9
18.6,144.7,439.9
18.6,152.4,439.9
18.6,138.4,439.9
18.6,147.8,439.9
18.6,153.2,439.9
18.6,146.4,439.9
18.6,152.5,439.9
18.6,137.9,439.9
18.6,147.5,439.9
18.7,133.2,439.9
18.7,142.9,439.9
18.7,129.5,439.9
18.7,137.8,439.9
18.7,127.2,439.9
18.7,135.4,439.9
18.7,125.2,439.9
18.7,133.4,439.9
18.7,139.2,439.9
18.7,136.7,439.9
18.7,137.4,439.9
18.7,131.0,439.9
18.7,134.1,439.9
18.8,128.3,439.9
18.8,133.0,440.0
18.8,126.2,440.0
18.8,131.2,440.0
18.8,124.3,440.0
18.8,131.9,440.0
18.8,122.8,440.0
18.8,131.9,440.0
18.8,121.3,440.0
18.8,130.4,440.0
18.8,136.2,440.0
18.8,133.4,440.0
18.8,138.2,440.0
18.9,128.7,440.0
18.9,137.1,440.0
18.9,126.2,440.0
18.9,135.6,440.0
18.9,144.2,440.0
18.9,135.9,440.0
18.9,145.9,440.0
18.9,131.4,440.0
18.9,139.4,440.0
18.9,148.7,440.0
18.9,140.6,440.0
18.9,149.6,440.0
18.9,136.5,440.0
18.9,144.9,440.0
18.9,153.8,440.0
19.0,143.2,440.0
19.0,153.4,440.0
19.0,137.0,440.0
19.0,147.3,440.0
19.0,155.5,440.0
19.0,144.6,440.0
19.0,155.2,440.0
19.0,138.1,439.9
19.0,148.2,439.9
19.0,158.2,439.9
19.0,146.8,439.9
19.0,157.3,439.9
19.0,139.5,439.9
19.0,149.6,439.9
19.0,156.3,439.9
19.1,146.7,439.9
19.1,157.0,439.9
19.1,140.1,439.9
19.1,150.8,439.9
19.1,157.3,439.9
19.1,145.0,439.9
19.1,155.9,439.9
19.1,140.5,439.9
19.1,150.5,439.9
19.1,157.1,439.9
19.1,147.1,439.9
19.1,155.7,439.9
19.1,139.3,439.9
19.1,149.7,439.9
19.1,157.2,439.9
19.2,147.3,439.9
19.2,156.1,439.9
19.2,140.0,439.9
19.2,148.9,439.9
19.2,157.2,439.9
19.2,146.7,439.9
19.2,155.8,439.9
19.2,140.2,439.9
19.2,150.2,439.9
19.2,156.3,439.9
19.2,147.3,439.9
19.2,155.6,439.9
19.2,140.1,439.9
19.2,149.9,439.9
19.2,154.2,439.9
19.3,147.7,439.9
19.3,155.3,439.9
19.3,140.1,439.9
19.3,149.9,439.9
19.3,156.0,439.9
19.3,147.5,439.9
19.3,155.2,439.9
19.3,140.0,439.9
19.3,149.8,439.9
19.3,155.8,439.9
19.3,148.3,439.9
19.3,155.0,439.9
19.3,140.0,439.9
19.3,149.0,439.9
19.3,155.5,439.9
19.4,148.6,439.9
19.4,154.7,439.9
19.4,140.9,439.9
19.4,151.1,439.9
19.4,135.7,439.9
19.4,144.8,439.9
19.4,153.2,439.9
19.4,143.4,439.9
19.4,153.2,439.9
19.4,156.9,439.9
19.4,150.8,439.9
19.4,155.2,439.9
19.4,142.7,439.9
19.4,152.7,439.9
19.5,136.7,439.9
19.5,146.7,439.9
19.5,156.1,439.9
19.5,144.3,439.9
19.5,154.4,439.9
19.5,137.8,439.9
19.5,147.3,439.9
19.5,156.4,439.9
19.5,145.5,440.0
19.5,153.8,440.0
19.5,137.0,440.0
19.5,146.6,440.0
19.5,153.1,440.0
19.5,146.9,440.0
19.5,151.6,440.0
19.6,138.6,440.0
19.6,148.6,440.0
19.6,154.1,440.0
19.6,148.3,440.0
19.6,152.8,440.0
19.6,140.9,440.1
19.6,150.1,440.1
19.6,134.0,440.1
19.6,143.4,440.1
19.6,152.2,440.1
19.6,142.7,440.1
19.6,152.8,440.1
19.6,136.6,440.1
19.6,146.4,440.1
19.7,132.1,440.1
19.7,142.1,440.1
19.7,129.8,440.1
19.7,139.7,440.1
19.7,125.5,440.1
19.7,133.7,440.1
19.7,140.8,440.1
19.7,136.9,440.1
19.7,139.6,440.1
19.7,131.6,440.1
19.7,137.0,440.1
19.7,128.3,440.1
19.7,137.4,440.1
19.8,125.7,440.1
19.8,135.2,440.1
19.8,123.6,440.1
19.8,132.0,440.1
19.8,122.3,440.1
19.8,130.2,440.1
19.8,121.2,440.1
19.8,129.2,440.1
19.8,120.2,440.1
19.8,129.3,440.1
19.8,134.9,440.1
19.8,131.4,440.1
19.8,136.3,440.1
19.9,128.0,440.1
19.9,137.8,440.1
19.9,125.6,440.1
19.9,133.7,440.2
19.9,142.6,440.2
19.9,135.2,440.2
19.9,145.7,440.2
19.9,131.2,440.2
19.9,139.5,440.2
19.9,148.5,440.2
19.9,140.1,440.2
19.9,150.0,440.2
19.9,135.4,440.2
19.9,144.1,440.2
19.9,152.6,440.2
20.0,143.0,440.2
20.0,151.8,440.2
20.0,137.0,440.2
20.0,147.7,440.2
20.0,153.5,440.1
20.0,144.2,440.1
20.0,154.0,440.1
20.0,138.6,440.1
20.0,149.0,440.1
20.0,155.9,440.2
20.0,145.4,440.2
20.0,154.9,440.2
20.0,139.4,440.2
20.0,149.5,440.2
20.0,156.2,440.2
20.1,147.7,440.2
20.1,154.9,440.4
20.1,140.0,440.4
20.1,148.8,440.4
20.1,133.3,440.4
20.1,141.1,440.4
20.1,150.0,440.4
20.1,143.8,440.4
20.1,153.6,440.4
20.1,156.7,440.4
20.1,150.8,440.4
20.1,155.4,440.4
20.1,142.7,440.4
20.1,152.6,440.4
20.2,135.7,440.4
20.2,145.3,440.4
20.2,155.5,440.4
20.2,143.4,440.4
20.2,154.1,440.4
20.2,137.2,440.4
20.2,145.2,440.4
20.2,154.7,440.4
20.2,145.7,440.4
20.2,155.4,440.4
20.2,138.7,440.4
20.2,148.6,440.4
20.2,159.3,440.4
20.2,147.0,440.4
20.2,157.0,440.4
20.3,139.1,440.4
20.3,149.7,440.4
20.3,156.1,440.4
20.3,147.1,440.4
20.3,154.7,440.4
20.3,138.8,440.4
20.3,148.9,440.4
20.3,155.2,440.4
20.3,148.1,440.4
20.3,153.5,440.4
20.3,139.6,440.4
20.3,149.8,440.4
20.3,152.7,440.4
20.3,148.8,440.4
20.3,152.1,440.4
20.4,140.0,440.4
20.4,148.8,440.4
20.4,135.3,440.4
20.4,145.4,440.4
20.4,152.1,440.4
20.4,144.3,440.5
20.4,152.9,440.5
20.4,136.7,440.4
20.4,146.5,440.5
20.4,151.8,440.5
20.4,145.6,440.5
20.4,152.7,440.5
20.4,137.9,440.5
20.4,147.5,440.5
20.5,133.5,440.5
20.5,143.4,440.5
20.5,151.9,440.5
20.5,142.9,440.5
20.5,151.8,440.5
20.5,136.2,440.5
20.5,146.2,440.5
20.5,153.4,440.5
20.5,145.3,440.5
20.5,153.4,440.5
20.5,137.1,440.5
20.5,146.9,440.5
20.5,150.6,440.5
20.5,145.5,440.5
20.5,151.8,440.6
20.6,138.8,440.5
20.6,147.8,440.6
20.6,133.7,440.6
20.6,141.9,440.6
20.6,151.0,440.6
20.6,142.3,440.6
20.6,151.4,440.6
20.6,137.1,440.6
20.6,145.2,440.1
20.6,153.3,440.1
20.6,145.4,439.8
20.6,153.3,439.8
20.6,137.8,439.8
20.6,146.6,439.8
20.7,133.3,439.8
20.7,143.7,439.8
20.7,129.4,439.8
20.7,138.2,439.8
20.7,126.7,439.8
20.7,135.1,439.8
20.7,124.9,439.8
20.7,133.0,439.9
20.7,138.4,439.8
20.7,135.1,439.8
20.7,135.8,439.8
20.7,131.3,439.8
20.7,132.2,439.8
20.8,128.8,439.8
20.8,115.2,439.8
20.8,123.3,439.8
20.8,129.0,439.8
20.8,127.4,439.8
20.8,129.3,439.8
20.8,125.3,439.8
20.8,131.3,439.8
20.8,123.4,439.8
20.8,131.6,439.8
20.8,122.4,439.8
20.8,131.6,439.8
20.8,138.8,439.8
20.9,132.5,439.8
20.9,140.8,439.8
20.9,129.0,439.8
20.9,137.8,439.8
20.9,145.0,439.9
20.9,138.5,439.9
20.9,146.3,439.9
20.9,133.5,439.9
20.9,143.6,439.9
20.9,149.0,439.9
20.9,142.4,439.9
20.9,148.5,439.9
20.9,136.3,439.9
20.9,145.2,439.9
20.9,151.6,439.9
21.0,146.1,439.8
21.0,151.6,439.8
21.0,137.8,439.8
21.0,146.8,439.8
21.0,133.3,439.8
21.0,142.3,439.8
21.0,151.3,439.8
21.0,143.3,439.8
21.0,153.4,439.8
21.0,155.4,439.8
21.0,150.5,439.8
21.0,154.6,439.8
21.0,142.3,439.8
21.0,150.9,439.8
21.0,154.7,439.8
21.1,149.9,439.8
21.1,155.2,440.0
21.1,140.6,440.0
21.1,149.0,440.0
21.1,153.8,440.0
21.1,148.7,440.0
21.1,155.1,440.0
21.1,142.7,440.0
21.1,150.9,440.0
21.1,135.5,439.9
21.1,143.4,439.9
21.1,152.5,439.9
21.1,145.0,439.9
21.1,155.0,439.9
21.2,138.3,439.9
21.2,148.5,439.9
21.2,157.9,439.9
21.2,144.1,439.9
21.2,154.5,439.9
21.2,137.8,439.9
21.2,147.4,439.9
21.2,156.4,439.9
21.2,146.7,439.9
21.2,155.2,439.9
21.2,140.2,439.9
21.2,150.3,439.9
21.2,156.1,439.9
21.2,145.5,439.9
21.2,154.3,439.9
21.3,139.5,439.9
21.3,150.0,439.9
21.3,157.2,439.9
21.3,146.3,439.9
21.3,154.7,439.9
21.3,139.3,439.9
21.3,147.8,439.9
21.3,155.3,439.9
21.3,147.4,439.9
21.3,155.6,439.9
21.3,139.6,439.9
21.3,148.4,439.9
21.3,135.1,439.9
21.3,144.7,439.9
21.3,153.9,439.9
21.4,142.9,439.9
21.4,153.6,439.9
21.4,136.8,439.9
21.4,147.1,439.9
21.4,156.0,439.9
21.4,144.3,439.9
21.4,153.7,439.9
21.4,138.0,439.9
21.4,148.1,439.9
21.4,156.1,439.9
21.4,145.3,439.9
21.4,154.1,439.9
21.4,139.2,440.0
21.4,149.3,440.0
21.4,155.0,440.0
21.5,147.6,440.0
21.5,153.4,440.0
21.5,139.0,440.0
21.5,148.0,440.0
21.5,154.0,440.0
21.5,147.2,440.0
21.5,153.3,440.0
21.5,140.1,440.0
21.5,148.3,440.0
21.5,134.6,440.0
21.5,144.6,440.1
21.5,152.1,440.1
21.5,143.9,440.1
21.5,151.5,440.1
21.6,137.1,440.1
21.6,147.4,440.1
21.6,154.4,440.1
21.6,146.0,440.1
21.6,150.4,440.1
21.6,137.8,440.1
21.6,147.2,440.1
21.6,133.2,440.1
21.6,141.1,440.1
21.6,150.3,440.1
21.6,142.1,440.1
21.6,150.9,440.1
21.6,136.2,440.1
21.6,144.9,440.1
21.7,132.6,440.2
21.7,142.8,440.2
21.7,146.5,440.2
21.7,141.0,440.2
21.7,141.9,440.2
21.7,136.1,440.2
21.7,136.0,440.2
21.7,134.4,440.4
21.7,133.5,440.4
21.7,134.6,440.3
21.7,133.5,440.3
21.7,133.0,440.3
21.7,131.7,440.3
21.8,131.1,440.3
21.8,130.1,440.3
21.8,129.3,440.3
21.8,128.3,440.3
21.8,128.2,440.3
21.8,128.0,440.3
21.8,128.0,440.3
21.8,127.9,440.3
21.8,129.5,440.3
21.8,131.0,440.3
21.8,131.7,440.3
21.8,133.1,440.3
21.8,133.8,440.3
21.9,134.9,440.4
21.9,135.9,440.4
21.9,136.3,440.4
21.9,136.2,440.4
21.9,138.4,440.4
21.9,139.4,440.4
21.9,140.4,440.4
21.9,140.7,440.4
21.9,141.6,440.4
21.9,141.5,440.4
21.9,142.0,440.4
21.9,142.0,440.4
21.9,143.0,440.4
21.9,142.9,440.4
21.9,142.6,440.3
22.0,143.0,440.3
22.0,143.1,440.3
22.0,143.8,440.3
22.0,144.2,440.3
22.0,144.2,440.4
22.0,144.8,440.4
22.0,144.6,440.4
22.0,145.3,440.4
22.0,145.7,440.4
22.0,145.7,440.4
22.0,145.2,440.4
22.0,145.9,440.4
22.0,145.6,440.3
22.0,146.3,440.3
22.1,146.7,440.3
22.1,147.0,440.3
22.1,147.2,440.3
22.1,147.7,440.3
22.1,147.4,440.3
22.1,147.7,440.3
22.1,147.7,440.3
22.1,147.6,440.3
22.1,148.2,440.3
22.1,147.8,440.4
22.1,148.0,440.4
22.1,148.0,440.2
22.1,149.6,440.2
22.1,147.9,440.2
22.1,147.9,440.2
22.2,148.6,440.2
22.2,148.4,440.2
22.2,148.0,440.2
22.2,148.4,440.2
22.2,148.3,440.2
22.2,148.5,440.2
22.2,148.8,440.2
22.2,148.7,440.2
22.2,148.8,440.3
22.2,148.7,440.3
22.2,148.8,440.3
22.2,149.4,440.3
22.2,148.9,440.3
22.2,150.2,440.3
22.2,148.5,440.3
22.3,150.5,440.3
22.3,148.7,440.3
22.3,150.1,440.3
22.3,148.2,440.3
22.3,148.4,440.3
22.3,148.9,440.3
22.3,150.4,440.3
22.3,148.1,440.3
22.3,148.7,440.3
22.3,148.3,440.3
22.3,148.9,440.3
22.3,148.8,440.3
22.3,148.4,440.3
22.3,148.8,440.3
22.3,148.8,440.3
22.4,149.3,440.3
22.4,149.0,440.3
22.4,148.9,440.3
22.4,149.2,440.3
22.4,148.9,440.3
22.4,149.2,440.3
22.4,149.4,440.3
22.4,148.9,440.3
22.4,149.3,440.3
22.4,149.0,440.3
22.4,149.8,440.3
22.4,149.4,440.3
22.4,150.6,440.3
22.4,149.1,440.3
22.4,149.0,440.3
22.5,150.9,440.3
22.5,149.0,440.3
22.5,150.1,440.3
22.5,147.1,440.3
22.5,148.5,440.3
22.5,149.0,440.3
22.5,149.9,440.3
22.5,149.7,440.3
22.5,147.8,440.3
22.5,149.1,440.3
22.5,147.5,440.4
22.5,148.1,440.4
22.5,146.9,440.4
22.5,146.3,440.4
22.5,145.3,440.4
22.6,147.5,440.4
22.6,145.3,440.4
22.6,146.5,440.4
22.6,146.1,440.4
22.6,146.7,440.4
22.6,146.8,440.4
22.6,146.7,440.5
22.6,148.1,440.5
22.6,146.6,440.5
22.6,148.2,440.5
22.6,145.5,440.5
22.6,147.3,440.5
22.6,147.4,440.5
22.6,149.5,440.5
22.7,147.2,440.5
22.7,145.4,440.5
22.7,143.6,440.5
22.7,142.9,440.5
22.7,141.0,440.5
22.7,141.8,440.5
22.7,138.7,440.5
22.7,135.2,440.5
22.7,133.5,440.5
22.7,133.3,440.5
22.7,130.8,440.5
22.7,130.1,440.5
22.7,129.2,440.5
22.8,129.4,440.5
22.8,128.7,440.5
22.8,127.8,439.8
22.8,127.5,439.8
22.8,127.1,439.6
22.8,126.9,439.6
22.8,128.5,439.6
22.8,129.0,439.6
22.8,129.9,439.6
22.8,129.8,439.6
22.8,132.4,439.6
22.8,134.4,439.6
22.8,135.8,439.6
22.8,136.7,439.6
22.9,137.3,439.6
22.9,138.8,439.7
22.9,140.0,439.7
22.9,142.6,439.7
22.9,141.6,439.7
22.9,141.9,439.7
22.9,143.1,439.7
22.9,144.0,439.7
22.9,144.0,439.7
22.9,144.5,439.7
22.9,145.0,439.7
22.9,145.5,439.7
22.9,145.8,439.7
22.9,145.8,439.7
23.0,146.7,439.7
23.0,146.8,439.7
23.0,146.3,439.7
23.0,147.2,439.7
23.0,148.3,439.7
23.0,147.7,439.6
23.0,147.9,439.6
23.0,147.9,439.6
23.0,149.2,439.6
23.0,149.2,439.7
23.0,148.6,439.7
23.0,148.7,439.7
23.0,149.2,439.7
23.0,149.2,439.6
23.0,147.8,439.6
23.1,149.6,439.6
23.1,149.1,439.6
23.1,148.8,439.6
23.1,149.0,439.6
23.1,148.7,439.6
23.1,149.5,439.6
23.1,149.2,439.6
23.1,147.2,439.6
23.1,149.3,439.6
23.1,149.6,439.6
23.1,149.9,439.6
23.1,149.1,439.6
23.1,149.1,439.6
23.1,149.3,439.6
23.1,149.1,439.6
23.2,149.3,439.6
23.2,149.5,439.6
23.2,149.1,439.6
23.2,149.4,439.6
23.2,148.8,439.6
23.2,149.4,439.6
23.2,149.2,439.6
23.2,147.4,439.6
23.2,149.6,439.6
23.2,149.2,439.6
23.2,149.6,439.6
23.2,148.8,439.6
23.2,148.2,439.6
23.2,149.7,439.6
23.2,148.6,439.6
23.3,149.7,439.6
23.3,148.9,439.6
23.3,148.8,439.6
23.3,149.5,439.6
23.3,146.9,439.6
23.3,149.5,439.6
23.3,149.2,439.6
23.3,147.4,439.6
23.3,149.9,439.6
23.3,149.1,439.6
23.3,148.2,439.6
23.3,150.3,439.6
23.3,148.9,439.6
23.3,150.0,439.6
23.3,147.2,439.6
23.4,150.0,439.6
23.4,150.0,439.6
23.4,149.3,439.6
23.4,150.0,439.6
23.4,148.7,439.6
23.4,149.6,439.6
23.4,149.9,439.6
23.4,148.8,439.6
23.4,148.9,439.6
23.4,148.9,439.6
23.4,149.6,439.6
23.4,150.0,439.6
23.4,147.9,439.6
23.4,147.4,439.6
23.4,149.1,439.6
23.5,149.6,439.6
23.5,149.5,439.6
23.5,149.1,439.6
23.5,146.7,439.6
23.5,149.2,439.6
23.5,147.3,439.6
23.5,147.6,439.6
23.5,148.6,439.6
23.5,148.9,439.6
23.5,148.7,439.6
23.5,148.5,439.7
23.5,147.6,439.7
23.5,145.7,439.7
23.5,147.3,439.7
23.5,146.1,439.7
23.6,146.6,439.7
23.6,146.7,439.7
23.6,147.4,439.7
23.6,147.5,439.7
23.6,147.3,439.7
23.6,147.3,439.7
23.6,145.3,439.7
23.6,147.2,439.8
23.6,147.7,439.8
23.6,145.4,439.8
23.6,146.8,439.8
23.6,146.9,439.8
23.6,145.8,439.8
23.6,145.4,439.8
23.7,147.3,439.8
23.7,145.4,439.8
23.7,144.6,439.8
23.7,142.2,439.8
23.7,140.1,439.8
23.7,141.3,439.8
23.7,136.3,439.8
23.7,134.3,439.8
23.7,132.7,439.8
23.7,130.0,439.8
23.7,130.2,439.8
23.7,130.5,439.8
23.7,129.8,439.8
23.8,130.4,439.8
23.8,129.7,439.8
23.8,129.4,439.8
23.8,128.3,439.8
23.8,128.8,439.8
23.8,127.6,439.8
23.8,128.4,439.8
23.8,129.3,439.8
23.8,129.5,439.8
23.8,130.2,439.8
23.8,130.3,439.8
23.8,131.0,439.8
23.8,131.1,439.8
23.9,131.9,439.8
23.9,132.0,439.8
23.9,132.5,439.8
23.9,134.6,439.8
23.9,133.4,439.8
23.9,134.0,439.8
23.9,135.4,439.8
23.9,137.1,439.9
23.9,137.9,439.9
23.9,139.0,439.9
23.9,140.4,439.9
23.9,140.2,439.9
23.9,141.4,439.9
23.9,141.7,439.9
24.0,142.9,439.9
24.0,143.5,439.9
24.0,143.9,439.9
24.0,144.8,439.9
24.0,144.5,439.9
24.0,145.6,439.9
24.0,145.9,439.9
24.0,147.2,439.8
24.0,146.1,439.8
24.0,146.3,439.8
24.0,146.9,439.9
24.0,147.2,439.9
24.0,148.3,439.9
24.0,148.8,439.9
24.0,147.8,439.9
24.1,149.0,439.9
24.1,148.8,439.9
24.1,147.1,439.8
24.1,148.1,439.8
24.1,148.8,439.8
24.1,146.8,439.8
24.1,146.8,439.8
24.1,147.0,439.8
24.1,149.5,439.8
24.1,149.5,439.8
24.1,149.8,439.8
24.1,150.0,439.8
24.1,148.9,439.8
24.1,149.5,439.8
24.1,149.4,439.8
24.2,149.8,439.8
24.2,149.7,439.8
24.2,148.9,439.8
24.2,149.3,439.8
24.2,149.1,439.8
24.2,149.3,439.8
24.2,149.3,439.8
24.2,147.2,439.8
24.2,149.2,439.8
24.2,147.1,439.8
24.2,149.6,439.8
24.2,149.7,439.8
24.2,148.7,439.8
24.2,149.0,439.8
24.2,148.7,439.8
24.3,149.3,439.8
24.3,149.4,439.8
24.3,149.0,439.8
24.3,145.7,439.8
24.3,147.5,439.8
24.3,150.0,439.8
24.3,150.2,439.8
24.3,149.5,439.8
24.3,149.7,439.8
24.3,149.4,439.8
24.3,147.4,439.8
24.3,150.0,439.8
24.3,149.3,439.8
24.3,146.9,439.8
24.3,148.8,439.8
24.4,149.1,439.8
24.4,149.6,439.8
24.4,149.3,439.8
24.4,147.7,439.8
24.4,147.2,439.8
24.4,149.7,439.8
24.4,148.9,439.8
24.4,149.6,439.8
24.4,148.3,439.8
24.4,149.2,439.8
24.4,149.3,439.8
24.4,149.3,439.8
24.4,149.5,439.8
24.4,149.0,439.8
24.4,148.9,439.8
24.5,147.3,439.8
24.5,148.6,439.8
24.5,149.1,439.8
24.5,149.3,439.8
24.5,148.7,439.8
24.5,148.7,439.8
24.5,148.3,439.8
24.5,148.6,439.8
24.5,147.6,439.8
24.5,147.4,439.8
24.5,147.7,439.9
24.5,147.6,439.9
24.5,146.1,439.9
24.5,147.1,439.9
24.5,146.2,439.9
24.6,145.0,439.9
24.6,146.5,439.9
24.6,146.7,439.9
24.6,146.8,439.9
24.6,147.1,439.9
24.6,146.7,439.9
24.6,145.5,439.9
24.6,147.5,440.0
24.6,146.7,440.0
24.6,145.8,440.0
24.6,147.2,440.0
24.6,146.7,440.0
24.6,145.4,440.0
24.6,145.9,440.0
24.7,146.6,440.0
24.7,146.4,440.0
24.7,144.3,440.0
24.7,143.6,440.0
24.7,141.7,440.0
24.7,138.3,440.0
24.7,135.0,440.0
24.7,132.6,440.0
24.7,132.2,440.0
24.7,128.0,440.0
24.7,130.2,440.0
24.7,126.5,440.0
24.7,130.0,440.0
24.8,124.7,440.0
24.8,131.3,440.0
24.8,123.2,440.0
24.8,129.5,440.0
24.8,121.8,440.0
24.8,129.8,440.0
24.8,120.2,440.0
24.8,127.8,440.0
24.8,119.7,440.0
24.8,127.4,440.0
24.8,119.6,440.0
24.8,127.0,440.0
24.8,135.4,440.0
24.9,130.3,440.0
24.9,139.0,440.0
24.9,127.9,440.0
24.9,136.4,440.1
24.9,144.0,440.1
24.9,137.5,440.1
24.9,146.8,440.1
24.9,132.3,440.1
24.9,140.8,440.1
24.9,148.4,440.1
24.9,143.0,440.1
24.9,147.7,440.1
24.9,135.4,440.1
24.9,145.2,440.1
24.9,150.6,440.1
25.0,144.4,440.1
25.0,151.7,440.1
25.0,138.1,440.1
25.0,148.4,440.0
25.0,152.1,440.0
25.0,147.5,440.0
25.0,151.5,440.0
25.0,139.2,440.0
25.0,147.9,440.0
25.0,153.7,440.1
25.0,147.2,440.1
25.0,153.3,440.1
25.0,141.5,440.0
25.0,151.6,440.1
25.1,135.9,440.1
25.1,146.3,440.2
25.1,154.3,440.2
25.1,142.1,440.2
25.1,152.6,440.2
25.1,137.0,440.2
25.1,146.6,440.3
25.1,154.4,440.3
25.1,145.1,440.3
25.1,155.2,440.3
25.1,137.8,440.3
25.1,147.9,440.3
25.1,155.2,440.3
25.1,146.3,440.3
25.1,156.3,440.3
25.2,139.9,440.3
25.2,150.5,440.3
25.2,154.8,440.3
25.2,145.8,440.3
25.2,154.5,440.3
25.2,139.1,440.3
25.2,148.9,440.3
25.2,155.5,440.3
25.2,146.0,440.3
25.2,155.9,440.3
25.2,140.0,440.3
25.2,148.9,440.3
25.2,154.2,440.3
25.2,147.9,440.3
25.2,153.7,440.3
25.3,140.8,440.3
25.3,151.1,440.3
25.3,135.1,440.3
25.3,143.7,440.3
25.3,152.8,440.3
25.3,143.4,440.3
25.3,153.9,440.3
25.3,136.2,440.3
25.3,144.7,440.3
25.3,153.5,440.3
25.3,143.9,440.3
25.3,154.0,440.3
25.3,137.7,440.3
25.3,147.8,440.3
25.3,153.3,440.3
25.4,146.9,440.3
25.4,151.5,440.3
25.4,138.6,440.3
25.4,147.4,440.3
25.4,133.6,440.3
25.4,141.7,440.3
25.4,150.8,440.3
25.4,142.3,440.3
25.4,151.0,440.3
25.4,136.6,440.3
25.4,144.8,440.3
25.4,154.0,440.3
25.4,145.7,440.4
25.4,154.4,440.4
25.5,138.5,440.4
25.5,149.0,440.4
25.5,155.7,440.4
25.5,146.9,440.4
25.5,156.3,440.4
25.5,138.7,440.4
25.5,147.8,440.4
25.5,154.5,440.4
25.5,147.4,440.4
25.5,154.6,440.4
25.5,138.6,440.4
25.5,148.2,440.4
25.5,153.1,440.4
25.5,148.3,440.4
25.5,150.6,440.4
25.6,140.2,440.4
25.6,149.0,440.4
25.6,135.2,440.4
25.6,144.0,440.4
25.6,152.9,440.4
25.6,143.1,440.4
25.6,152.2,440.4
25.6,137.3,440.5
25.6,145.6,440.5
25.6,153.7,440.5
25.6,144.9,440.5
25.6,150.9,440.5
25.6,138.1,440.5
25.6,146.7,440.6
25.6,153.4,440.6
25.7,146.1,440.6
25.7,149.2,440.6
25.7,139.7,440.6
25.7,144.5,440.6
25.7,135.1,440.6
25.7,140.8,440.6
25.7,130.8,440.6
25.7,137.1,440.6
25.7,128.1,440.6
25.7,133.9,440.6
25.7,125.7,440.6
25.7,133.5,440.5
25.8,123.7,440.5
25.8,131.9,440.5
25.8,122.3,440.5
25.8,131.5,440.5
25.8,120.9,440.5
25.8,129.9,440.5
25.8,119.8,440.5
25.8,128.8,440.5
25.8,119.4,440.5
25.8,127.5,440.5
25.8,134.9,440.5
25.8,130.3,440.5
25.8,135.5,440.5
25.9,127.5,440.6
25.9,135.9,440.6
25.9,125.5,440.6
25.9,134.1,440.6
25.9,142.9,440.6
25.9,136.4,440.6
25.9,144.4,440.6
25.9,131.1,440.6
25.9,139.6,440.6
25.9,148.1,440.6
25.9,139.7,440.6
25.9,148.3,440.6
25.9,135.1,440.6
25.9,145.3,440.6
25.9,150.9,440.6
26.0,142.7,440.6
26.0,151.5,440.6
26.0,137.9,440.5
26.0,147.1,440.5
26.0,153.2,440.5
26.0,144.7,440.5
26.0,151.2,440.0
26.0,138.0,439.9
26.0,145.2,439.8
26.0,154.0,439.8
26.0,146.7,439.8
26.0,154.8,439.8
26.0,139.1,439.8
26.0,148.1,439.8
26.0,154.5,439.8
26.1,148.4,439.8
26.1,155.1,440.0
26.1,139.1,440.0
26.1,148.5,440.0
26.1,154.3,440.0
26.1,149.3,440.0
26.1,154.4,440.0
26.1,141.2,440.0
26.1,150.0,440.0
26.1,153.6,439.8
26.1,149.2,439.8
26.1,153.4,439.8
26.1,141.8,439.8
26.1,151.9,439.8
26.2,134.9,439.8
26.2,144.8,439.8
26.2,153.3,439.8
26.2,143.4,439.8
26.2,153.9,439.8
26.2,136.2,439.8
26.2,145.7,439.8
26.2,154.8,439.8
26.2,145.1,439.8
26.2,155.1,439.8
26.2,138.0,439.8
26.2,146.6,439.8
26.2,157.4,439.8
26.2,146.4,439.8
26.2,155.3,439.8
26.3,138.6,439.8
26.3,147.6,439.9
26.3,155.6,439.9
26.3,146.1,439.9
26.3,156.0,439.9
26.3,139.1,439.9
26.3,149.3,439.9
26.3,155.1,439.9
26.3,147.8,439.9
26.3,153.5,439.9
26.3,139.3,439.9
26.3,149.3,439.9
26.3,153.2,439.9
26.3,148.3,439.9
26.3,153.3,439.9
26.4,139.8,439.9
26.4,148.7,439.9
26.4,135.1,439.9
26.4,145.1,439.9
26.4,153.1,439.9
26.4,142.9,439.9
26.4,152.0,439.9
26.4,136.8,439.9
26.4,146.7,439.9
26.4,153.5,439.9
26.4,145.3,439.9
26.4,152.7,439.9
26.4,139.1,439.9
26.4,147.9,439.9
26.4,154.1,439.9
26.5,146.4,439.9
26.5,154.0,439.9
26.5,138.5,439.9
26.5,147.4,439.9
26.5,133.8,439.9
26.5,141.9,439.9
26.5,151.0,439.9
26.5,142.4,439.9
26.5,152.5,439.9
26.5,136.4,440.0
26.5,143.3,440.0
26.5,152.2,440.0
26.5,146.1,440.0
26.5,155.3,440.0
26.6,138.4,440.0
26.6,148.8,440.0
26.6,154.5,440.0
26.6,145.9,440.0
26.6,155.0,440.0
26.6,139.8,440.0
26.6,148.3,440.0
26.6,153.3,440.0
26.6,146.8,440.1
26.6,154.0,440.1
26.6,139.3,440.1
26.6,147.8,440.1
26.6,134.5,440.1
26.6,143.1,440.1
26.6,152.3,440.1
26.7,144.0,440.1
26.7,149.3,440.1
26.7,136.3,440.1
26.7,144.7,440.1
26.7,132.6,440.2
26.7,139.5,440.2
26.7,128.8,440.2
26.7,105.9,440.2
26.7,113.1,440.2
26.7,121.2,440.3
26.7,129.2,440.3
26.7,138.3,440.3
26.8,140.9,440.3
26.8,137.6,440.3
26.8,136.2,440.3
26.8,133.1,440.3
26.8,132.3,440.3
26.8,130.5,440.3
26.8,129.1,440.3
26.8,127.8,440.3
26.8,128.2,440.3
26.8,128.0,440.3
26.8,129.7,440.3
26.8,130.5,440.3
26.8,132.2,440.3
26.9,133.0,440.3
26.9,134.8,440.3
26.9,134.8,440.3
26.9,136.1,440.3
26.9,136.7,440.3
26.9,138.0,440.3
26.9,138.3,440.3
26.9,139.1,440.3
26.9,139.6,440.3
26.9,140.4,440.3
26.9,140.2,440.3
26.9,141.3,440.3
26.9,142.2,440.3
26.9,142.0,440.3
27.0,142.1,440.3
27.0,142.9,440.4
27.0,142.9,440.4
27.0,143.5,440.4
27.0,143.8,440.4
27.0,144.2,440.4
27.0,144.7,440.4
27.0,144.5,440.4
27.0,145.0,440.3
27.0,145.2,440.3
27.0,145.7,440.3
27.0,145.8,440.3
27.0,145.6,440.3
27.0,146.2,440.3
27.0,145.4,440.3
27.1,146.1,440.3
27.1,146.6,440.3
27.1,145.9,440.3
27.1,145.7,440.3
27.1,146.4,440.3
27.1,147.1,440.3
27.1,145.3,440.3
27.1,147.2,440.3
27.1,146.9,440.3
27.1,147.4,440.3
27.1,147.6,440.3
27.1,147.3,440.2
27.1,147.5,440.2
27.1,147.7,440.2
27.1,148.8,440.2
27.2,147.7,440.2
27.2,147.8,440.2
27.2,148.0,440.2
27.2,148.0,440.2
27.2,149.4,440.2
27.2,147.4,440.2
27.2,148.0,440.2
27.2,149.6,440.2
27.2,148.0,440.2
27.2,147.3,440.2
27.2,148.0,440.2
27.2,148.0,440.2
27.2,149.8,440.2
27.2,149.6,440.2
27.2,147.2,440.2
27.3,147.9,440.2
27.3,148.2,440.2
27.3,148.4,440.2
27.3,148.6,440.2
27.3,148.1,440.2
27.3,149.7,440.2
27.3,147.7,440.2
27.3,148.3,440.2
27.3,148.4,440.2
27.3,147.7,440.2
27.3,148.4,440.2
27.3,147.9,440.2
27.3,148.6,440.2
27.3,148.8,440.2
27.3,148.3,440.2
27.4,148.7,440.2
27.4,148.8,440.2
27.4,148.0,440.2
27.4,149.2,440.2
27.4,148.4,440.2
27.4,147.4,440.2
27.4,148.6,440.2
27.4,148.7,440.2
27.4,150.8,440.2
27.4,148.7,440.2
27.4,147.9,440.2
27.4,149.5,440.2
27.4,150.1,440.2
27.4,148.3,440.2
27.5,147.6,440.2
27.5,148.4,440.2
27.5,147.7,440.2
27.5,149.5,440.2
27.5,147.5,440.2
27.5,149.6,440.2
27.5,147.5,440.2
27.5,147.3,440.2
27.5,147.4,440.2
27.5,147.2,440.2
27.5,147.4,440.2
27.5,148.8,440.3
27.5,146.3,440.3
27.5,146.4,440.3
27.5,145.5,440.3
27.6,146.9,440.3
27.6,144.6,440.3
27.6,147.2,440.3
27.6,145.3,440.3
27.6,146.1,440.3
27.6,147.6,440.3
27.6,146.6,440.3
27.6,146.5,440.4
27.6,146.2,440.4
27.6,145.8,440.4
27.6,146.4,440.4
27.6,145.9,440.4
27.6,146.4,440.4
27.6,146.8,440.4
27.6,146.6,440.4
27.7,147.5,440.4
27.7,146.5,440.4
27.7,145.1,440.4
27.7,142.7,440.4
27.7,141.5,440.4
27.7,140.1,440.4
27.7,138.6,440.4
27.7,136.8,440.4
27.7,134.4,440.4
27.7,133.4,440.4
27.7,132.8,440.4
27.7,132.2,440.4
27.7,132.1,440.4
27.8,131.3,440.4
27.8,130.7,440.4
27.8,128.9,440.3
27.8,128.8,440.3
27.8,127.1,440.3
27.8,127.4,440.3
27.8,122.0,440.3
27.8,128.4,440.3
27.8,121.4,440.3
27.8,129.3,440.3
27.8,120.4,440.4
27.8,128.1,440.4
27.9,119.7,440.4
27.9,127.5,440.4
27.9,135.8,440.4
27.9,130.7,440.4
27.9,140.4,440.4
27.9,127.4,440.4
27.9,137.0,440.4
27.9,142.7,440.4
27.9,137.2,440.4
27.9,145.2,440.4
27.9,132.5,440.4
27.9,140.8,440.4
27.9,147.5,440.4
27.9,143.2,440.4
27.9,148.7,440.4
28.0,137.0,440.4
28.0,145.8,440.3
28.0,131.3,440.3
28.0,141.0,440.3
28.0,150.2,440.3
28.0,140.5,440.3
28.0,149.7,440.3
28.0,134.9,440.3
28.0,142.8,440.4
28.0,152.0,440.4
28.0,144.5,440.4
28.0,154.7,440.4
28.0,136.7,440.4
28.0,144.8,440.4
28.0,154.1,440.4
28.1,146.3,440.4
28.1,157.3,440.4
28.1,139.2,440.4
28.1,148.5,440.4
28.1,158.0,440.3
28.1,146.0,440.3
28.1,156.8,440.3
28.1,139.5,440.3
28.1,149.5,440.3
28.1,155.9,440.3
28.1,146.8,440.3
28.1,156.6,440.3
28.1,139.8,440.3
28.1,150.1,440.3
28.1,157.3,440.3
28.2,147.2,440.3
28.2,156.7,440.3
28.2,140.2,440.3
28.2,150.8,440.3
28.2,156.6,440.3
28.2,146.6,440.3
28.2,153.7,440.3
28.2,139.5,440.3
28.2,149.7,440.3
28.2,156.5,440.3
28.2,147.3,440.3
28.2,155.5,440.3
28.2,140.3,440.3
28.2,150.2,440.3
28.2,156.0,440.3
28.3,147.6,440.3
28.3,155.1,440.3
28.3,139.9,440.3
28.3,150.3,440.3
28.3,155.0,440.3
28.3,147.4,440.3
28.3,152.8,440.3
28.3,140.3,440.3
28.3,150.2,440.3
28.3,153.5,440.3
28.3,148.1,440.3
28.3,154.9,440.3
28.3,140.7,440.3
28.3,150.9,440.3
28.4,135.4,440.3
28.4,145.1,440.3
28.4,155.0,440.3
28.4,143.0,440.3
28.4,153.6,440.3
28.4,136.9,440.3
28.4,146.0,440.3
28.4,156.4,440.3
28.4,143.6,440.3
28.4,152.8,440.3
28.4,138.5,440.3
28.4,146.5,440.3
28.4,157.1,440.3
28.4,145.9,440.3
28.4,155.9,440.3
28.5,139.0,440.3
28.5,149.4,440.3
28.5,157.3,440.3
28.5,146.1,440.3
28.5,156.2,440.3
28.5,139.5,440.3
28.5,149.4,440.3
28.5,156.6,440.3
28.5,146.7,440.3
28.5,155.3,440.3
28.5,139.4,440.4
28.5,148.6,440.4
28.5,152.6,440.4
28.5,147.3,440.4
28.5,152.5,440.4
28.6,140.3,440.4
28.6,150.4,440.4
28.6,135.0,440.4
28.6,144.8,440.4
28.6,154.5,440.4
28.6,142.8,440.4
28.6,152.5,440.4
28.6,137.0,440.4
28.6,146.6,440.4
28.6,153.9,440.4
28.6,143.9,440.5
28.6,153.0,440.5
28.6,137.3,440.5
28.6,147.3,440.5
28.6,153.5,440.5
28.7,146.6,440.5
28.7,147.9,440.5
28.7,138.8,440.5
28.7,142.8,440.5
28.7,132.6,439.9
28.7,139.3,440.0
28.7,130.5,439.7
28.7,134.5,439.7
28.7,128.3,439.7
28.7,132.8,439.7
28.7,125.9,439.7
28.7,132.4,439.7
28.8,124.1,439.7
28.8,131.2,439.7
28.8,122.6,439.7
28.8,128.9,439.7
28.8,121.3,439.7
28.8,127.6,439.7
28.8,120.6,439.7
28.8,125.7,439.7
28.8,119.9,439.7
28.8,125.0,439.7
28.8,119.2,439.7
28.8,126.5,439.7
28.9,118.8,439.7
28.9,126.9,439.7
28.9,118.3,439.7
28.9,126.2,439.7
28.9,134.8,439.7
28.9,129.5,439.7
28.9,138.3,439.7
28.9,126.8,439.7
28.9,134.9,439.7
28.9,143.7,439.7
28.9,137.9,439.7
28.9,146.4,439.7
28.9,132.3,439.7
28.9,141.2,439.7
28.9,150.2,439.8
29.0,140.5,439.8
29.0,150.8,439.7
29.0,135.5,439.7
29.0,144.7,439.7
29.0,152.7,439.7
29.0,143.1,439.7
29.0,152.5,439.7
29.0,138.7,439.7
29.0,148.8,439.7
29.0,153.4,439.7
29.0,144.5,439.7
29.0,154.7,439.7
29.0,138.0,439.7
29.0,146.9,439.7
29.0,154.3,439.7
29.1,147.4,439.7
29.1,155.3,439.7
29.1,139.1,439.7
29.1,149.2,439.7
29.1,155.8,439.7
29.1,147.5,439.7
29.1,155.0,439.7
29.1,140.2,439.7
29.1,149.8,439.7
29.1,153.7,439.7
29.1,148.0,439.7
29.1,154.8,439.7
29.1,140.7,439.7
29.1,150.8,439.7
29.1,155.0,439.7
29.2,148.1,439.7
29.2,153.9,439.7
29.2,140.5,439.7
29.2,150.4,439.7
29.2,135.3,439.7
29.2,144.4,439.7
29.2,154.7,439.7
29.2,143.0,439.7
29.2,152.8,439.7
29.2,135.6,439.7
29.2,144.8,439.7
29.2,155.3,439.7
29.2,145.0,439.7
29.2,155.1,439.7
29.3,138.4,439.7
29.3,148.5,439.7
29.3,156.0,439.7
29.3,146.1,439.7
29.3,155.9,439.7
29.3,137.9,439.7
29.3,147.7,439.7
29.3,156.2,439.7
29.3,146.6,439.7
29.3,156.8,439.7
29.3,139.7,439.7
29.3,149.9,439.7
29.3,157.7,439.7
29.3,147.1,439.7
29.3,156.1,439.7
29.4,140.1,439.7
29.4,150.6,439.7
29.4,156.7,439.7
29.4,146.8,439.7
29.4,155.9,439.7
29.4,140.1,439.7
29.4,149.9,439.7
29.4,156.2,439.7
29.4,147.2,439.7
29.4,155.2,439.7
29.4,137.7,439.7
29.4,147.2,439.7
29.4,156.5,439.7
29.4,147.9,439.7
29.4,155.4,439.7
29.5,138.6,439.7
29.5,148.6,439.7
29.5,155.2,439.7
29.5,148.1,439.7
29.5,154.3,439.7
29.5,139.9,439.7
29.5,148.4,439.7
29.5,154.2,439.7
29.5,148.4,439.7
29.5,153.5,439.7
29.5,141.3,439.7
29.5,150.3,439.7
29.5,135.5,439.8
29.5,143.5,439.8
29.5,151.8,439.8
29.6,144.3,439.8
29.6,152.5,439.8
29.6,136.0,439.8
29.6,145.8,439.8
29.6,154.0,439.8
29.6,146.3,439.8
29.6,153.4,439.8
29.6,139.1,439.8
29.6,148.4,439.8
29.6,152.1,439.8
29.6,147.6,439.8
29.6,152.0,439.8
29.6,138.4,439.8
29.6,147.7,439.8
29.7,133.8,439.8
29.7,143.2,439.8
29.7,151.3,439.8
29.7,144.0,439.8
29.7,150.4,439.8
29.7,136.3,439.8
29.7,145.7,439.8
29.7,132.0,439.8
29.7,140.0,439.9
29.7,129.9,439.9
29.7,139.1,439.9
29.7,125.9,439.9
29.7,133.9,439.9
29.8,124.8,439.9
29.8,132.9,439.9
29.8,137.0,439.9
29.8,134.5,439.9
29.8,135.0,439.9
29.8,131.0,439.9
29.8,131.5,439.9
29.8,128.7,439.9
29.8,128.3,439.9
29.8,126.8,439.9
29.8,129.0,439.9
29.8,125.3,439.9
29.8,129.9,439.9
29.9,123.6,439.9
29.9,131.6,439.9
29.9,122.0,439.9
29.9,130.3,439.9
29.9,120.9,439.9
29.9,128.6,439.9
29.9,137.3,439.9
29.9,131.9,439.9
29.9,140.2,439.9
29.9,129.1,439.9
29.9,138.6,439.9
29.9,147.0,439.9
29.9,137.7,439.9
29.9,146.2,439.9
30.0,133.0,439.9
30.0,143.4,439.9
30.0,150.4,439.9
30.0,141.2,439.9
30.0,151.7,440.0
30.0,136.2,440.0
30.0,146.2,440.0
30.0,152.5,440.0
30.0,145.0,440.0
30.0,152.1,440.0
30.0,136.9,439.9
30.0,144.9,440.0
30.0,153.8,440.0
30.0,146.7,440.0
30.0,154.8,440.0
30.1,139.3,440.0
30.1,149.7,440.2
30.1,154.8,440.2
30.1,145.8,440.2
30.1,152.0,440.1
30.1,140.0,440.1
30.1,149.8,440.1
30.1,133.8,440.1
30.1,142.6,440.1
30.1,151.8,440.1
30.1,143.6,440.1
30.1,154.0,440.1
30.1,137.2,440.1
30.1,145.0,440.1
30.1,154.9,440.1
30.2,144.7,440.1
30.2,155.6,440.1
30.2,138.5,440.1
30.2,148.9,440.1
30.2,157.1,440.1
30.2,145.4,440.1
30.2,154.3,440.1
30.2,137.9,440.1
30.2,147.6,440.1
30.2,156.5,440.1
30.2,146.8,440.1
30.2,155.5,440.1
30.2,139.2,440.1
30.2,149.3,440.2
30.2,156.5,440.1
30.3,146.1,440.2
30.3,156.9,440.2
30.3,139.1,440.2
30.3,149.3,440.2
30.3,154.9,440.2
30.3,146.6,440.2
30.3,153.7,440.2
30.3,139.6,440.2
30.3,148.1,440.2
30.3,153.0,440.2
30.3,147.5,440.2
30.3,151.7,440.2
30.3,141.7,440.2
30.3,150.2,440.2
30.4,135.6,440.2
30.4,145.2,440.2
30.4,152.0,440.2
30.4,142.9,440.2
30.4,153.1,440.2
30.4,136.7,440.2
30.4,146.8,440.2
30.4,152.0,440.2
30.4,145.2,440.2
30.4,151.7,440.2
30.4,138.6,440.2
30.4,148.6,440.2
30.4,152.3,440.2
30.4,146.6,440.2
30.4,151.8,440.2
30.5,139.5,440.2
30.5,148.3,440.2
30.5,135.5,440.2
30.5,145.6,440.2
30.5,153.3,440.2
30.5,141.9,440.2
30.5,152.1,440.2
30.5,136.6,440.2
30.5,146.5,440.2
30.5,153.6,440.2
30.5,145.6,440.2
30.5,152.8,440.2
30.5,137.6,440.3
30.5,145.8,440.3
30.5,152.7,440.3
30.6,146.0,440.3
30.6,150.7,440.3
30.6,139.2,440.3
30.6,149.5,440.3
30.6,134.2,440.3
30.6,142.2,440.3
30.6,152.5,440.3
30.6,144.0,440.3
30.6,152.7,440.3
30.6,137.0,440.4
30.6,146.5,440.4
30.6,154.0,440.4
30.6,145.7,440.4
30.6,152.7,440.4
30.7,138.0,440.4
30.7,147.2,440.4
30.7,154.2,440.4
30.7,145.5,440.4
30.7,149.0,440.4
30.7,139.1,440.4
30.7,145.2,440.4
30.7,134.1,440.4
30.7,143.3,440.4
30.7,130.4,440.4
30.7,138.3,440.4
30.7,127.3,440.4
30.7,136.5,440.5
30.8,124.9,440.4
30.8,134.6,440.4
30.8,123.1,440.4
30.8,131.7,440.4
30.8,121.2,440.4
30.8,129.4,440.4
30.8,120.5,440.4
30.8,128.6,440.4
30.8,119.8,440.4
30.8,128.0,440.4
30.8,119.5,440.4
30.8,127.6,440.4
30.8,135.4,440.4
30.9,131.1,440.4
30.9,137.7,440.4
30.9,126.6,440.4
30.9,135.2,440.4
30.9,125.1,440.4
30.9,133.5,440.4
30.9,142.3,440.4
30.9,134.7,440.4
30.9,143.2,440.4
30.9,131.3,440.4
30.9,139.9,440.4
30.9,147.6,440.4
30.9,139.9,440.4
30.9,148.2,440.5
31.0,134.7,440.5
31.0,143.7,440.5
31.0,150.8,440.5
31.0,144.2,440.5
31.0,151.1,440.5
31.0,136.7,440.5
31.0,145.2,440.5
31.0,152.9,440.5
31.0,144.8,440.4
31.0,152.5,440.4
31.0,138.3,440.4
31.0,147.1,440.4
31.0,153.6,440.4
31.0,147.3,440.4
31.0,154.2,440.4
31.1,139.0,440.4
31.1,148.3,440.6
31.1,134.1,440.6
31.1,142.5,440.6
31.1,152.0,440.6
31.1,143.3,440.6
31.1,154.0,440.6
31.1,136.3,440.6
31.1,145.9,440.6
31.1,154.9,440.4
31.1,143.9,440.4
31.1,154.2,440.5
31.1,156.8,440.4
31.1,152.4,440.4
31.1,155.5,440.5
31.2,144.1,440.5
31.2,153.3,440.5
31.2,137.7,440.5
31.2,148.0,440.5
31.2,156.1,440.5
31.2,145.4,440.5
31.2,154.5,440.5
31.2,138.8,440.5
31.2,148.9,440.5
31.2,155.6,440.5
31.2,146.2,440.5
31.2,154.6,440.5
31.2,138.6,440.5
31.2,148.2,440.5
31.2,157.5,440.5
31.3,147.1,440.5
31.3,156.1,440.5
31.3,138.5,440.5
31.3,147.6,440.5
31.3,154.6,440.5
31.3,145.7,440.5
31.3,153.6,440.5
31.3,138.8,440.5
31.3,147.4,440.5
31.3,134.2,440.5
31.3,143.4,440.5
31.3,154.1,440.5
31.3,142.6,440.5
31.3,152.9,440.5
31.4,136.5,440.5
31.4,145.4,440.5
31.4,154.2,440.5
31.4,146.1,440.5
31.4,154.6,440.5
31.4,138.3,440.5
31.4,148.3,440.5
31.4,155.5,440.5
31.4,145.4,440.5
31.4,154.0,440.5
31.4,138.9,440.5
31.4,147.9,440.5
31.4,155.2,440.5
31.4,147.0,440.5
31.4,154.1,440.5
31.5,139.3,440.5
31.5,148.5,440.5
31.5,154.2,440.5
31.5,147.1,440.5
31.5,154.9,440.5
31.5,139.6,440.5
31.5,148.2,440.5
31.5,153.7,440.6
31.5,148.1,440.6
31.5,152.6,440.6
31.5,140.5,440.6
31.5,147.0,440.0
31.5,135.6,440.0
31.5,141.7,439.9
31.5,150.9,439.9
31.6,144.1,439.9
31.6,153.5,439.9
31.6,137.3,439.9
31.6,146.4,439.9
31.6,153.1,439.9
31.6,145.8,439.9
31.6,154.3,439.9
31.6,138.5,439.9
31.6,148.1,439.9
31.6,152.0,439.9
31.6,146.9,439.9
31.6,151.9,439.9
31.6,139.7,440.0
31.6,148.1,440.0
31.7,135.3,440.0
31.7,144.7,440.0
31.7,153.0,440.0
31.7,143.2,440.0
31.7,148.0,439.9
31.7,136.9,439.9
31.7,142.0,439.9
31.7,133.0,440.1
31.7,136.5,440.1
31.7,129.8,440.1
31.7,134.2,440.1
31.7,127.2,440.1
31.7,131.7,440.1
31.8,125.1,440.1
31.8,132.1,440.1
31.8,123.4,440.1
31.8,131.1,440.1
31.8,122.0,440.1
31.8,129.7,440.1
31.8,121.1,440.1
31.8,127.9,440.1
31.8,120.1,440.1
31.8,127.4,440.1
31.8,119.3,440.1
31.8,127.2,440.1
31.9,118.8,440.2
31.9,127.2,440.2
31.9,133.8,440.2
31.9,130.0,440.2
31.9,136.0,440.2
31.9,127.1,440.2
31.9,135.5,440.2
31.9,125.1,440.2
31.9,133.3,440.2
31.9,142.3,440.2
31.9,135.0,440.2
31.9,143.5,440.2
31.9,131.2,440.2
31.9,140.2,440.2
31.9,147.2,440.2
32.0,140.3,440.2
32.0,147.5,440.2
32.0,134.7,440.2
32.0,143.8,440.2
32.0,149.4,440.2
32.0,143.4,440.2
32.0,149.1,440.2
32.0,137.1,440.2
32.0,146.0,440.2
32.0,132.9,440.2
32.0,141.3,440.2
32.0,150.5,440.1
32.0,141.3,440.1
32.0,150.2,440.1
32.1,135.6,440.1
32.1,144.5,440.1
32.1,153.5,440.1
32.1,144.9,440.1
32.1,154.5,440.1
32.1,137.5,440.1
32.1,147.7,440.1
32.1,155.7,440.1
32.1,145.0,440.1
32.1,153.8,440.1
32.1,138.6,440.0
32.1,147.7,440.0
32.1,156.2,440.0
32.1,145.8,440.0
32.1,154.9,440.0
32.2,139.4,440.0
32.2,149.0,440.0
32.2,155.5,440.0
32.2,147.6,440.0
32.2,155.7,440.0
32.2,139.1,440.0
32.2,147.9,440.0
32.2,155.4,440.0
32.2,148.1,440.0
32.2,154.0,440.0
32.2,139.4,440.0
32.2,149.6,440.1
32.2,154.6,440.1
32.2,148.7,440.1
32.2,155.0,440.1
32.3,139.6,440.1
32.3,150.0,440.1
32.3,134.3,440.1
32.3,142.7,440.1
32.3,151.6,440.1
32.3,143.9,440.1
32.3,152.9,440.1
32.3,136.8,440.1
32.3,144.8,440.1
32.3,154.0,440.1
32.3,145.1,440.1
32.3,153.9,440.1
32.3,138.4,440.0
32.3,148.0,440.0
32.3,156.9,440.0
32.4,145.8,440.0
32.4,155.2,440.0
32.4,139.1,440.0
32.4,149.8,440.0
32.4,158.7,440.0
32.4,146.3,440.0
32.4,157.0,440.0
32.4,140.0,440.0
32.4,149.9,440.0
32.4,157.5,440.0
32.4,146.4,440.0
32.4,156.7,440.0
32.4,139.8,440.0
32.4,149.9,440.1
32.4,156.9,440.0
32.5,146.6,440.1
32.5,155.9,440.1
32.5,139.8,440.1
32.5,149.1,440.1
32.5,158.1,440.1
32.5,146.9,440.1
32.5,157.1,440.1
32.5,139.6,440.1
32.5,149.9,440.1
32.5,155.1,440.1
32.5,147.8,440.1
32.5,154.7,440.1
32.5,139.6,440.1
32.5,149.3,440.1
32.5,153.5,440.1
32.6,149.0,440.2
32.6,151.1,440.1
32.6,140.4,440.2
32.6,150.8,440.2
32.6,135.0,440.2
32.6,144.7,440.2
32.6,153.3,440.2
32.6,144.2,440.2
32.6,154.2,440.2
32.6,136.4,440.2
32.6,145.5,440.2
32.6,154.2,440.2
32.6,146.4,440.2
32.6,154.1,440.2
32.7,137.8,440.2
32.7,146.9,440.2
32.7,153.9,440.2
32.7,146.0,440.2
32.7,150.7,440.2
32.7,139.1,440.2
32.7,144.8,440.2
32.7,134.7,440.2
32.7,139.7,440.3
32.7,132.1,440.3
32.7,136.4,440.3
32.7,127.5,440.3
32.7,133.9,440.3
32.8,125.4,440.1
32.8,133.8,440.1
32.8,123.7,440.1
32.8,133.2,440.1
32.8,122.0,440.1
32.8,131.1,440.1
32.8,120.6,440.1
32.8,129.6,440.1
32.8,119.7,440.1
32.8,127.8,440.1
32.8,119.5,440.1
32.8,127.5,440.1
32.8,135.6,440.2
32.9,131.1,440.2
32.9,137.3,440.2
32.9,127.0,440.2
32.9,135.6,440.2
32.9,142.3,440.2
32.9,137.1,440.2
32.9,143.7,440.2
32.9,132.6,440.2
32.9,142.6,440.2
32.9,128.9,440.2
32.9,137.0,440.2
32.9,146.1,440.2
32.9,139.4,440.2
32.9,148.2,440.2
32.9,151.2,440.2
33.0,147.9,440.2
33.0,152.3,440.1
33.0,139.1,440.1
33.0,148.4,440.1
33.0,151.9,440.1
33.0,148.6,440.1
33.0,151.7,440.1
33.0,140.2,440.1
33.0,149.0,440.1
33.0,135.0,440.2
33.0,144.6,440.2
33.0,153.4,440.2
33.0,143.2,440.2
33.0,153.2,440.2
33.1,137.6,440.1
33.1,148.2,440.1
33.1,155.2,440.1
33.1,146.0,440.1
33.1,156.3,440.1
33.1,139.2,440.1
33.1,149.4,440.1
33.1,156.9,440.1
33.1,146.1,440.1
33.1,156.1,440.1
33.1,139.7,440.1
33.1,149.5,440.1
33.1,154.9,440.1
33.1,146.3,440.1
33.1,155.8,440.1
33.2,139.6,440.1
33.2,149.9,440.1
33.2,156.4,440.1
33.2,146.6,440.1
33.2,154.7,440.1
33.2,138.8,440.1
33.2,148.4,440.1
33.2,154.8,440.1
33.2,147.3,440.1
33.2,155.7,440.1
33.2,138.8,440.1
33.2,148.5,440.1
33.2,156.9,440.1
33.2,147.8,440.1
33.2,155.6,440.1
33.3,140.5,440.1
33.3,150.7,440.1
33.3,156.0,440.1
33.3,147.9,440.1
33.3,155.2,440.1
33.3,138.6,440.1
33.3,148.3,440.1
33.3,154.3,440.1
33.3,148.5,440.1
33.3,155.3,440.1
33.3,140.7,440.1
33.3,150.3,440.1
33.3,135.1,440.1
33.3,143.8,440.1
33.3,154.3,440.1
33.4,143.6,440.1
33.4,154.1,440.1
33.4,157.4,440.1
33.4,150.8,440.1
33.4,155.0,440.1
33.4,141.0,440.1
33.4,149.8,440.1
33.4,135.5,440.1
33.4,144.0,440.1
33.4,154.4,440.1
33.4,145.4,440.1
33.4,155.2,440.1
33.4,157.5,440.1
33.4,152.1,440.1
33.4,156.1,440.1
33.5,143.7,440.1
33.5,153.6,440.1
33.5,137.4,440.1
33.5,147.5,440.1
33.5,156.7,440.1
33.5,144.9,440.1
33.5,155.1,440.1
33.5,138.7,440.1
33.5,147.7,440.1
33.5,156.7,440.1
33.5,145.3,440.1
33.5,154.9,440.1
33.5,138.8,440.2
33.5,147.9,440.2
33.5,153.6,440.2
33.6,147.0,440.2
33.6,152.6,440.2
33.6,139.7,440.2
33.6,149.9,440.2
33.6,134.6,440.2
33.6,143.7,440.2
33.6,152.5,440.2
33.6,142.3,440.2
33.6,151.8,440.2
33.6,135.8,440.3
33.6,144.6,440.3
33.6,153.4,440.3
33.6,145.3,440.3
33.6,155.2,440.3
33.7,137.6,440.3
33.7,147.9,440.3
33.7,155.2,440.3
33.7,146.4,440.3
33.7,150.2,440.3
33.7,140.0,440.3
33.7,146.3,440.3
33.7,133.5,440.3
33.7,143.0,440.3
33.7,129.7,440.3
33.7,138.8,440.3
33.7,126.6,440.3
33.7,134.6,440.3
33.8,124.6,440.3
33.8,134.2,440.3
33.8,122.9,440.3
33.8,131.3,440.3
33.8,121.4,440.3
33.8,130.5,440.3
33.8,120.2,440.3
33.8,128.5,440.3
33.8,119.7,440.3
33.8,127.9,440.3
33.8,134.2,440.3
33.8,130.6,440.3
33.8,135.2,440.3
33.9,127.9,440.3
33.9,136.2,440.3
33.9,125.5,440.3
33.9,134.1,440.3
33.9,141.1,440.3
33.9,135.8,440.3
33.9,142.8,440.4
33.9,131.4,440.4
33.9,140.0,440.4
33.9,146.0,440.4
33.9,141.1,440.4
33.9,146.7,440.4
33.9,135.4,440.4
33.9,144.0,440.4
33.9,149.8,440.4
34.0,145.4,440.4
34.0,151.2,440.4
34.0,137.2,440.4
34.0,146.1,440.4
34.0,132.8,440.4
34.0,142.1,440.4
34.0,151.2,440.3
34.0,142.5,440.3
34.0,151.3,440.3
34.0,154.1,440.3
34.0,149.0,440.3
34.0,153.2,440.3
34.0,142.8,440.3
34.0,152.0,440.3
34.1,136.1,440.3
34.1,145.8,440.3
34.1,154.3,440.3
34.1,143.3,440.3
34.1,153.9,440.3
34.1,138.5,440.3
34.1,148.8,440.3
34.1,157.3,440.3
34.1,145.4,440.3
34.1,155.4,440.3
34.1,139.4,440.3
34.1,149.7,440.3
34.1,155.4,440.3
34.1,146.5,440.3
34.1,156.4,440.3
34.2,139.6,440.3
34.2,150.1,440.3
34.2,156.6,440.3
34.2,146.2,440.3
34.2,155.7,440.3
34.2,139.5,440.3
34.2,149.2,440.3
34.2,156.1,440.3
34.2,146.4,440.3
34.2,155.3,440.3
34.2,138.3,440.3
34.2,148.1,440.3
34.2,156.6,440.3
34.2,147.4,440.3
34.2,155.5,440.3
34.3,139.3,440.3
34.3,148.8,440.3
34.3,156.0,440.3
34.3,147.8,440.3
34.3,155.0,440.3
34.3,140.1,440.3
34.3,149.8,440.3
34.3,155.4,440.3
34.3,147.9,440.3
34.3,154.4,440.3
34.3,139.2,440.3
34.3,149.3,440.3
34.3,153.7,440.3
34.3,148.8,440.3
34.3,154.9,440.3
34.4,141.2,440.3
34.4,151.5,440.3
34.4,135.5,440.3
34.4,145.3,440.3
34.4,155.6,440.3
34.4,142.9,440.3
34.4,152.6,440.3
34.4,137.0,440.3
34.4,146.3,440.3
34.4,156.6,440.3
34.4,145.0,440.3
34.4,154.8,440.3
34.4,138.1,440.3
34.4,148.0,440.3
34.4,155.9,440.3
34.5,145.6,440.3
34.5,154.8,440.3
34.5,138.4,440.3
34.5,148.7,440.3
34.5,157.7,440.3
34.5,146.1,440.3
34.5,156.6,440.3
34.5,139.6,440.3
34.5,149.6,440.3
34.5,156.8,440.3
34.5,146.7,440.3
34.5,154.8,440.3
34.5,139.7,440.4
34.5,149.0,440.4
34.6,133.1,440.4
34.6,142.6,440.4
34.6,151.6,440.4
34.6,142.7,440.4
34.6,152.8,440.4
34.6,136.8,440.4
34.6,146.6,440.4
34.6,156.2,440.4
34.6,144.6,440.4
34.6,154.7,440.4
34.6,136.6,440.4
34.6,146.1,440.4
34.6,156.7,440.4
34.6,146.2,440.4
34.6,155.4,440.5
34.7,137.9,440.5
34.7,146.5,440.5
34.7,154.3,440.5
34.7,146.5,440.5
34.7,149.1,440.5
34.7,140.4,440.5
34.7,144.8,440.5
34.7,134.1,440.5
34.7,140.5,440.5
34.7,130.5,440.5
34.7,134.5,439.9
34.7,129.0,439.9
34.7,133.0,439.6
34.8,125.6,439.6
34.8,134.1,439.6
34.8,123.3,439.6
34.8,132.9,439.6
34.8,122.2,439.6
34.8,131.3,439.6
34.8,121.0,439.6
34.8,130.2,439.6
34.8,119.7,439.6
34.8,127.8,439.6
34.8,119.0,439.7
34.8,127.2,439.7
34.8,133.2,439.7
34.9,130.6,439.7
34.9,134.2,439.7
34.9,127.5,439.7
34.9,136.0,439.7
34.9,125.1,439.7
34.9,133.0,439.7
34.9,140.2,439.7
34.9,135.6,439.7
34.9,142.2,439.7
34.9,131.3,439.7
34.9,139.7,439.7
34.9,128.6,439.7
34.9,136.4,439.7
34.9,145.4,439.7
35.0,139.0,439.7
35.0,149.7,439.7
35.0,150.5,439.7
35.0,145.6,439.7
35.0,150.8,439.7
35.0,139.0,439.7
35.0,148.8,439.6
35.0,133.8,439.6
35.0,143.1,439.7
35.0,152.0,439.7
35.0,143.6,439.7
35.0,153.6,439.7
35.0,137.2,439.7
35.0,145.7,439.7
35.0,154.5,439.7
35.1,145.1,439.7
35.1,155.6,439.7
35.1,139.1,439.7
35.1,149.6,439.7
35.1,156.2,439.9
35.1,145.6,439.9
35.1,153.8,439.9
35.1,138.3,439.9
35.1,148.2,439.9
35.1,156.3,439.9
35.1,145.3,439.9
35.1,154.5,439.9
35.1,138.9,439.9
35.1,147.8,439.9
35.1,156.7,439.9
35.2,146.2,439.9
35.2,156.1,439.9
35.2,139.1,439.9
35.2,149.5,439.9
35.2,155.1,439.9
35.2,148.2,439.9
35.2,155.8,439.9
35.2,139.5,439.9
35.2,148.3,439.9
35.2,154.8,439.9
35.2,147.2,439.9
35.2,155.5,439.9
35.2,140.1,439.9
35.2,150.3,439.9
35.3,135.7,439.9
35.3,144.1,439.9
35.3,151.4,439.9
35.3,141.1,439.9
35.3,141.9,439.9
35.3,141.2,439.9
35.3,151.6,439.9
35.3,155.8,439.9
35.3,156.9,439.9
35.3,153.8,439.9
35.3,153.1,439.9
35.3,152.5,439.9
35.3,151.1,439.9
35.3,151.9,439.9
35.3,149.8,439.9
35.4,151.5,440.0
35.4,149.4,439.9
35.4,148.9,440.0
35.4,148.8,440.0
35.4,148.4,440.0
35.4,148.7,440.0
35.4,148.3,440.0
35.4,147.9,440.0
35.4,147.5,440.0
35.4,147.4,440.0
35.4,148.1,440.0
35.4,149.0,440.0
35.4,148.0,440.0
35.4,148.1,440.0
35.4,149.3,440.0
35.5,148.4,440.0
35.5,147.2,440.0
35.5,148.0,440.0
35.5,148.2,440.0
35.5,147.5,440.0
35.5,147.8,440.0
35.5,147.2,440.0
35.5,121.7,440.0
35.5,127.9,440.0
35.5,130.9,440.0
35.5,133.3,440.0
35.5,137.4,440.0
35.5,143.0,440.1
35.5,146.8,440.1
35.6,148.3,440.1
35.6,145.9,440.1
35.6,147.3,440.1
35.6,147.4,440.1
35.6,149.3,440.1
35.6,147.6,440.1
35.6,148.0,440.1
35.6,148.0,440.1
35.6,148.2,440.1
35.6,148.4,440.1
35.6,148.9,440.1
35.6,148.2,440.1
35.6,148.9,440.1
35.6,148.0,440.2
35.6,148.1,440.2
35.7,148.5,440.2
35.7,148.0,440.2
35.7,148.5,440.2
35.7,148.6,440.2
35.7,146.0,440.2
35.7,144.6,440.2
35.7,142.6,440.2
35.7,141.9,440.2
35.7,140.4,440.2
35.7,138.0,440.2
35.7,135.6,440.2
35.7,134.8,440.2
35.7,133.9,440.2
35.8,133.6,440.2
35.8,133.5,440.2
35.8,133.6,440.2
35.8,134.1,440.2
35.8,133.5,440.2
35.8,128.0,440.2
35.8,128.0,440.2
35.8,127.7,440.2
35.8,129.9,440.2
35.8,127.5,440.2
35.8,119.9,440.2
35.8,128.4,440.2
35.8,132.0,440.2
35.9,131.6,440.2
35.9,131.6,440.2
35.9,132.6,440.2
35.9,133.4,440.2
35.9,134.7,440.2
35.9,135.7,440.2
35.9,136.9,440.2
35.9,138.0,440.2
35.9,139.2,440.2
35.9,139.9,440.2
35.9,141.1,440.2
35.9,141.3,440.2
35.9,142.1,440.2
35.9,143.2,440.2
36.0,143.6,440.2
36.0,144.5,440.3
36.0,144.7,440.2
36.0,145.1,440.2
36.0,145.8,440.2
36.0,145.9,440.2
36.0,146.1,440.2
36.0,146.5,440.2
36.0,147.1,440.2
36.0,147.5,440.2
36.0,147.8,440.2
36.0,148.1,440.2
36.0,148.0,440.2
36.0,149.6,440.2
36.0,148.8,440.2
36.1,148.6,440.2
36.1,148.8,440.2
36.1,149.5,440.4
36.1,148.2,440.4
36.1,148.4,440.4
36.1,147.8,440.4
36.1,147.7,440.4
36.1,146.0,440.4
36.1,149.3,440.4
36.1,150.2,440.4
36.1,151.0,440.4
36.1,149.3,440.4
36.1,149.1,440.4
36.1,149.5,440.4
36.1,149.2,440.3
36.2,151.3,440.3
36.2,151.1,440.3
36.2,151.1,440.3
36.2,149.6,440.3
36.2,150.7,440.3
36.2,149.6,440.3
36.2,149.0,440.3
36.2,150.0,440.3
36.2,149.7,440.3
36.2,149.4,440.3
36.2,149.2,440.3
36.2,149.5,440.3
36.2,150.5,440.3
36.2,149.3,440.3
36.2,149.4,440.3
36.3,149.5,440.3
36.3,149.3,440.3
36.3,150.4,440.3
36.3,150.3,440.3
36.3,149.9,440.3
36.3,150.5,440.3
36.3,149.7,440.3
36.3,149.6,440.3
36.3,148.1,440.3
36.3,149.7,440.3
36.3,148.0,440.3
36.3,148.3,440.3
36.3,148.2,440.3
36.3,148.0,440.3
36.3,148.2,440.3
36.4,148.5,440.3
36.4,148.5,440.3
36.4,148.0,440.3
36.4,148.4,440.3
36.4,148.1,440.3
36.4,148.8,440.3
36.4,150.3,440.3
36.4,148.1,440.3
36.4,148.6,440.3
36.4,149.3,440.3
36.4,148.5,440.3
36.4,148.8,440.3
36.4,148.5,440.3
36.4,146.1,440.4
36.4,146.7,440.4
36.5,146.4,440.4
36.5,148.6,440.4
36.5,146.9,440.4
36.5,147.8,440.4
36.5,146.0,440.4
36.5,145.1,440.4
36.5,147.0,440.4
36.5,147.7,440.4
36.5,148.4,440.4
36.5,146.3,440.4
36.5,146.5,440.4
36.5,147.0,440.4
36.5,147.4,440.4
36.5,147.2,440.4
36.5,146.9,440.4
36.6,148.4,440.4
36.6,148.0,440.5
36.6,148.0,440.5
36.6,145.9,440.5
36.6,145.6,440.5
36.6,145.1,440.5
36.6,145.3,440.5
36.6,147.0,440.5
36.6,145.7,440.5
36.6,146.7,440.5
36.6,146.6,440.5
36.6,146.9,440.5
36.6,147.0,440.5
36.6,147.3,440.5
36.7,147.2,440.6
36.7,147.3,440.6
36.7,146.9,440.6
36.7,146.9,440.6
36.7,147.3,440.5
36.7,147.8,440.5
36.7,147.7,440.5
36.7,146.6,440.5
36.7,144.1,440.7
36.7,142.4,440.7
36.7,140.7,440.7
36.7,138.8,440.7
36.7,137.4,440.7
36.7,135.2,440.7
36.8,133.6,440.7
36.8,132.8,440.7
36.8,132.4,440.7
36.8,131.9,440.7
36.8,131.8,440.7
36.8,131.1,440.7
36.8,130.8,440.7
36.8,130.2,440.7
36.8,129.5,440.7
36.8,128.3,440.7
36.8,127.5,440.8
36.8,125.0,440.7
36.9,125.2,440.8
36.9,125.5,440.8
36.9,126.4,440.8
36.9,127.2,440.8
36.9,128.3,440.8
36.9,127.9,440.8
36.9,130.6,440.8
36.9,133.1,440.8
36.9,132.5,440.8
36.9,133.8,440.8
36.9,134.6,440.8
36.9,135.7,440.8
36.9,136.7,440.8
36.9,137.5,440.8
37.0,136.5,440.2
37.0,139.4,440.3
37.0,139.3,440.0
37.0,140.9,440.0
37.0,141.4,440.0
37.0,141.9,440.0
37.0,142.7,440.0
37.0,142.8,440.0
37.0,143.4,440.0
37.0,144.0,440.0
37.0,144.7,440.0
37.0,145.4,440.0
37.0,145.3,440.0
37.0,144.6,440.0
37.0,145.7,440.0
37.1,146.2,440.0
37.1,147.0,440.0
37.1,146.8,440.0
37.1,146.4,440.0
37.1,147.8,440.0
37.1,148.1,440.0
37.1,147.7,440.0
37.1,148.2,440.0
37.1,147.7,440.0
37.1,148.6,440.0
37.1,149.1,439.9
37.1,149.1,439.9
37.1,149.2,439.9
37.1,150.7,439.8
37.1,149.0,439.8
37.2,149.0,439.8
37.2,149.7,439.8
37.2,149.5,439.8
37.2,148.4,439.9
37.2,149.5,439.9
37.2,151.6,439.9
37.2,151.4,439.9
37.2,149.7,439.9
37.2,148.3,439.9
37.2,149.6,439.9
37.2,149.2,439.9
37.2,149.7,439.9
37.2,150.0,439.9
37.2,148.7,439.9
37.2,149.7,439.9
37.3,149.8,439.9
37.3,151.9,439.9
37.3,150.0,439.9
37.3,148.6,439.9
37.3,149.7,439.9
37.3,152.0,439.9
37.3,150.2,439.9
37.3,149.8,439.9
37.3,148.7,439.9
37.3,149.8,439.9
37.3,150.5,439.9
37.3,150.7,439.8
37.3,150.5,439.8
37.3,150.2,439.8
37.3,150.4,439.8
37.4,150.0,439.8
37.4,150.9,439.8
37.4,150.3,439.8
37.4,148.4,439.8
37.4,149.5,439.8
37.4,151.0,439.9
37.4,150.3,439.9
37.4,150.4,439.9
37.4,150.1,439.9
37.4,151.4,439.9
37.4,152.3,439.9
37.4,151.7,439.9
37.4,151.3,439.9
37.4,149.4,439.9
37.4,150.0,439.9
37.5,151.5,439.9
37.5,151.5,439.9
37.5,150.8,439.9
37.5,149.5,439.9
37.5,149.3,439.9
37.5,150.1,439.9
37.5,149.8,439.9
37.5,151.1,439.9
37.5,149.6,439.9
37.5,151.0,439.9
37.5,149.6,439.9
37.5,151.2,439.9
37.5,148.9,439.9
37.5,150.5,439.9
37.5,148.4,439.9
37.6,149.0,439.9
37.6,150.3,439.9
37.6,147.9,440.0
37.6,148.0,440.0
37.6,147.1,440.0
37.6,146.3,440.0
37.6,148.0,440.0
37.6,145.9,440.0
37.6,146.9,440.0
37.6,147.2,440.0
37.6,147.0,440.0
37.6,148.7,440.0
37.6,147.4,440.0
37.6,147.8,440.1
37.6,149.6,440.1
37.7,147.8,440.1
37.7,147.7,440.1
37.7,149.3,440.1
37.7,147.5,440.1
37.7,147.3,440.1
37.7,148.4,440.1
37.7,148.8,440.1
37.7,148.1,440.1
37.7,147.6,440.1
37.7,144.3,440.1
37.7,142.8,440.1
37.7,141.3,440.1
37.7,139.2,440.1
37.7,137.9,440.1
37.8,135.3,440.1
37.8,134.1,440.0
37.8,128.9,440.0
37.8,134.4,440.0
37.8,126.5,440.0
37.8,134.3,440.0
37.8,124.6,440.0
37.8,132.3,440.0
37.8,123.1,440.0
37.8,131.0,440.0
37.8,121.8,440.0
37.8,129.4,440.0
37.9,120.7,440.0
37.9,129.0,440.0
37.9,135.2,440.0
37.9,132.0,440.0
37.9,138.1,440.0
37.9,128.2,440.0
37.9,136.3,440.0
37.9,125.8,440.0
37.9,134.9,440.0
37.9,143.7,440.0
37.9,135.8,440.0
37.9,144.3,440.0
37.9,132.7,440.0
37.9,141.0,440.0
37.9,150.1,440.0
38.0,140.1,440.0
38.0,149.3,440.0
38.0,134.9,440.0
38.0,143.9,440.1
38.0,153.3,440.1
38.0,144.4,440.1
38.0,155.1,440.1
38.0,136.6,440.1
38.0,146.2,440.1
38.0,155.1,440.0
38.0,145.1,440.0
38.0,153.9,440.0
38.0,137.7,440.0
38.0,147.5,440.0
38.0,156.8,440.0
38.1,145.2,440.0
38.1,154.8,440.0
38.1,135.8,440.0
38.1,145.7,440.0
38.1,155.5,440.0
38.1,148.0,440.0
38.1,159.3,440.0
38.1,161.1,440.0
38.1,154.7,440.0
38.1,159.5,440.0
38.1,145.2,440.0
38.1,154.7,440.0
38.1,157.8,440.0
38.1,152.3,440.0
38.1,157.5,440.0
38.2,142.1,440.0
38.2,152.7,440.0
38.2,137.6,440.0
38.2,147.4,440.0
38.2,158.3,440.0
38.2,145.0,440.0
38.2,155.3,440.0
38.2,158.3,440.0
38.2,151.8,440.0
38.2,157.4,440.0
38.2,143.0,440.0
38.2,153.0,440.0
38.2,135.3,440.0
38.2,144.8,440.0
38.2,155.6,440.0
38.3,145.2,440.0
38.3,155.9,440.0
38.3,159.1,440.0
38.3,152.1,440.0
38.3,158.0,440.0
38.3,143.0,440.0
38.3,152.4,440.0
38.3,156.3,440.0
38.3,150.1,440.0
38.3,156.9,440.0
38.3,141.4,440.0
38.3,151.6,440.0
38.3,156.8,440.0
38.3,150.2,440.0
38.3,156.6,440.0
38.4,141.9,440.0
38.4,152.4,440.0
38.4,136.3,440.0
38.4,146.1,440.0
38.4,156.9,440.0
38.4,143.9,440.0
38.4,154.4,440.0
38.4,158.8,440.0
38.4,151.0,440.0
38.4,157.3,440.0
38.4,142.7,440.0
38.4,152.4,440.0
38.4,136.4,440.0
38.4,145.9,440.0
38.4,156.3,440.0
38.5,143.9,440.0
38.5,154.3,440.0
38.5,137.7,440.0
38.5,147.5,440.0
38.5,157.8,440.0
38.5,145.3,440.0
38.5,155.6,440.0
38.5,138.8,440.0
38.5,148.5,440.0
38.5,159.0,440.0
38.5,145.3,440.0
38.5,155.8,440.0
38.5,156.7,440.0
38.5,151.6,440.0
38.5,156.1,440.0
38.6,144.5,440.0
38.6,155.0,440.0
38.6,138.3,440.1
38.6,147.2,440.1
38.6,153.0,440.1
38.6,145.9,440.1
38.6,153.7,440.1
38.6,138.7,440.1
38.6,148.6,440.1
38.6,155.1,440.1
38.6,146.8,440.1
38.6,154.0,440.1
38.6,138.1,440.1
38.6,147.4,440.1
38.6,153.3,440.1
38.7,147.6,440.1
38.7,153.8,440.1
38.7,139.4,440.1
38.7,149.4,440.1
38.7,133.5,440.1
38.7,142.2,440.1
38.7,150.8,440.1
38.7,143.9,440.1
38.7,153.5,440.1
38.7,136.3,440.1
38.7,146.0,440.1
38.7,131.7,440.1
38.8,103.1,440.1
38.8,109.7,440.1
38.8,117.4,440.1
38.8,125.5,440.1
38.8,133.9,440.2
38.8,138.8,440.2
38.8,136.0,440.2
38.8,135.0,440.2
38.8,134.0,440.2
38.8,133.4,440.2
38.8,132.3,440.2
38.8,131.9,440.2
38.8,131.0,440.2
38.9,131.5,440.2
38.9,132.2,440.2
38.9,132.5,440.2
38.9,134.1,440.2
38.9,134.9,440.2
38.9,136.5,440.2
38.9,137.3,440.2
38.9,139.8,440.2
38.9,139.3,440.2
38.9,140.2,440.2
38.9,140.5,440.2
38.9,141.8,440.2
38.9,143.1,440.2
38.9,143.8,440.2
38.9,143.9,440.2
39.0,144.9,440.2
39.0,145.8,440.2
39.0,145.8,440.2
39.0,146.6,440.2
39.0,146.7,440.2
39.0,147.0,440.2
39.0,147.2,440.2
39.0,147.6,440.2
39.0,149.0,440.3
39.0,149.4,440.3
39.0,149.5,440.2
39.0,147.7,440.3
39.0,148.3,440.3
39.0,148.5,440.2
39.0,149.8,440.2
39.1,150.0,440.1
39.1,150.3,440.1
39.1,150.3,440.1
39.1,150.0,440.1
39.1,150.3,440.1
39.1,150.2,440.1
39.1,150.1,440.1
39.1,150.0,440.1
39.1,149.7,440.1
39.1,149.9,440.1
39.1,150.4,440.1
39.1,150.0,440.1
39.1,149.9,440.1
39.1,150.0,440.1
39.1,149.7,440.1
39.2,149.9,440.1
39.2,148.2,440.1
39.2,150.1,440.1
39.2,150.3,440.1
39.2,150.2,440.1
39.2,149.9,440.1
39.2,148.9,440.1
39.2,149.3,440.1
39.2,150.2,440.1
39.2,150.0,440.1
39.2,150.1,440.1
39.2,150.0,440.1
39.2,148.4,440.1
39.2,150.6,440.1
39.2,150.1,440.1
39.3,150.5,440.1
39.3,149.7,440.1
39.3,150.4,440.1
39.3,149.6,440.1
39.3,149.7,440.1
39.3,148.8,440.1
39.3,149.5,440.1
39.3,149.3,440.1
39.3,149.8,440.1
39.3,149.0,440.1
39.3,149.8,440.1
39.3,150.1,440.1
39.3,148.4,440.1
39.3,150.6,440.1
39.3,150.3,440.2
39.4,150.0,440.2
39.4,150.0,440.1
39.4,150.1,440.2
39.4,150.1,440.2
39.4,149.2,440.1
39.4,148.3,440.2
39.4,150.1,440.2
39.4,149.1,440.2
39.4,149.1,440.2
39.4,149.6,440.2
39.4,149.9,440.1
39.4,149.6,440.2
39.4,148.3,440.2
39.4,147.6,440.2
39.4,149.9,440.2
39.5,149.8,440.2
39.5,149.8,440.2
39.5,149.9,440.2
39.5,149.6,440.2
39.5,149.4,440.2
39.5,147.8,440.2
39.5,149.6,440.2
39.5,150.0,440.2
39.5,149.9,440.2
39.5,149.1,440.2
39.5,149.1,440.2
39.5,148.5,440.2
39.5,149.2,440.2
39.5,149.0,440.2
39.5,148.4,440.2
39.6,148.0,440.2
39.6,148.3,440.2
39.6,147.9,440.2
39.6,145.5,440.2
39.6,146.5,440.2
39.6,146.1,440.2
39.6,146.0,440.2
39.6,146.9,440.2
39.6,145.6,440.2
39.6,146.6,440.2
39.6,147.3,440.2
39.6,147.4,440.2
39.6,146.1,440.2
39.6,147.9,440.2
39.7,148.1,440.2
39.7,147.5,440.2
39.7,147.9,440.3
39.7,147.2,440.3
39.7,145.7,440.3
39.7,146.1,440.3
39.7,147.4,440.3
39.7,145.0,440.3
39.7,144.2,440.3
39.7,142.3,440.3
39.7,141.2,440.3
39.7,139.2,440.3
39.7,137.1,440.3
39.7,135.5,440.3
39.8,132.7,440.3
39.8,132.3,440.3
39.8,132.1,440.3
39.8,132.4,440.3
39.8,133.0,440.3
39.8,134.4,440.3
39.8,135.3,440.3
39.8,135.0,440.3
39.8,134.2,440.4
39.8,134.4,440.4
39.8,133.9,440.4
39.8,132.9,440.4
39.8,131.9,440.4
39.9,130.9,440.4
39.9,129.4,440.4
39.9,128.5,440.4
39.9,127.8,440.4
39.9,128.5,440.4
39.9,128.3,440.4
39.9,129.3,440.4
39.9,130.4,440.4
39.9,131.8,440.4
39.9,131.9,440.4
39.9,134.4,440.4
39.9,136.3,440.4
39.9,138.8,440.4
39.9,138.3,440.4
40.0,138.4,440.4
40.0,140.2,440.4
40.0,141.2,440.4
40.0,142.3,440.4
40.0,144.1,440.4
40.0,142.2,440.4
40.0,145.5,440.4
40.0,144.6,440.4
40.0,144.4,440.4
40.0,145.5,440.4
40.0,145.2,440.4
40.0,146.0,440.4
40.0,146.8,440.4
40.0,147.1,440.5
40.0,148.6,440.5
40.1,147.2,440.5
40.1,148.2,440.5
40.1,147.8,440.5
40.1,148.3,440.5
40.1,147.8,440.7
40.1,147.7,440.1
40.1,147.0,440.1
40.1,148.2,439.9
40.1,149.0,439.9
40.1,150.3,439.9
40.1,148.8,439.9
40.1,150.3,439.9
40.1,150.0,439.9
40.1,149.1,439.9
40.2,148.7,439.9
40.2,151.1,439.9
40.2,148.9,439.9
40.2,150.9,439.9
40.2,148.8,439.9
40.2,150.6,439.9
40.2,148.7,439.9
40.2,151.0,439.9
40.2,149.6,439.9
40.2,149.4,439.9
40.2,149.2,439.9
40.2,149.0,439.9
40.2,148.8,439.9
40.2,150.4,439.9
40.2,150.0,439.9
40.2,149.7,439.9
40.3,147.6,439.9
40.3,148.3,439.9
40.3,147.7,439.9
40.3,149.4,439.9
40.3,147.9,439.9
40.3,147.5,439.9
40.3,147.0,439.9
40.3,147.3,439.9
40.3,146.9,439.9
40.3,147.1,439.9
40.3,147.2,439.9
40.3,146.7,439.9
40.3,146.4,439.9
40.3,145.9,439.9
40.4,147.0,439.9
40.4,146.6,439.9
40.4,145.8,439.9
40.4,147.0,439.9
40.4,145.8,439.9
40.4,147.1,439.9
40.4,146.2,439.9
40.4,145.9,439.9
40.4,147.4,440.0
40.4,147.1,440.0
40.4,145.9,439.9
40.4,146.0,440.0
40.4,146.5,440.0
40.4,146.4,440.0
40.4,147.9,440.0
40.5,147.8,440.0
40.5,146.4,440.0
40.5,146.3,440.0
40.5,146.8,440.0
40.5,146.7,440.0
40.5,148.4,440.0
40.5,146.9,440.0
40.5,147.4,440.0
40.5,147.5,440.0
40.5,148.4,440.0
40.5,146.0,440.0
40.5,147.5,440.0
40.5,147.9,440.0
40.5,147.6,440.0
40.6,147.1,440.0
40.6,147.3,440.0
40.6,147.1,440.0
40.6,147.3,440.0
40.6,148.4,440.0
40.6,148.3,440.1
40.6,147.3,440.1
40.6,145.0,440.1
40.6,144.7,440.1
40.6,144.5,440.1
40.6,145.1,440.1
40.6,145.4,440.1
40.6,145.8,440.1
40.6,144.5,440.1
40.6,146.6,440.1
40.7,146.7,440.1
40.7,146.5,440.1
40.7,145.9,440.2
40.7,146.1,440.2
40.7,145.7,440.2
40.7,145.7,440.2
40.7,145.7,440.2
40.7,145.8,440.1
40.7,147.2,440.1
40.7,145.7,440.1
40.7,142.0,440.1
40.7,143.0,440.1
40.7,142.2,440.1
40.7,140.6,440.1
40.8,138.7,440.1
40.8,135.6,440.1
40.8,134.3,440.1
40.8,133.1,440.1
40.8,133.6,440.1
40.8,133.8,440.1
40.8,134.6,440.1
40.8,133.7,440.2
40.8,134.9,440.2
40.8,132.9,440.2
40.8,132.5,440.2
40.8,132.0,440.2
40.8,129.8,440.2
40.9,128.4,440.2
40.9,127.4,440.2
40.9,127.9,440.2
40.9,127.8,440.2
40.9,128.8,440.2
40.9,129.2,440.2
40.9,130.0,440.2
40.9,131.3,440.2
40.9,131.8,440.2
40.9,133.0,440.2
40.9,134.4,440.2
40.9,136.0,440.2
40.9,136.6,440.2
41.0,138.1,440.2
41.0,138.8,440.2
41.0,140.4,440.2
41.0,141.1,440.2
41.0,141.6,440.2
41.0,142.4,440.2
41.0,143.5,440.2
41.0,143.7,440.2
41.0,144.8,440.2
41.0,145.4,440.2
41.0,145.4,440.2
41.0,145.4,440.2
41.0,146.2,440.2
41.0,145.9,440.2
41.0,147.1,440.2
41.1,146.9,440.2
41.1,147.1,440.2
41.1,146.9,440.2
41.1,147.4,440.2
41.1,147.6,440.2
41.1,147.8,440.4
41.1,149.4,440.4
41.1,147.7,440.4
41.1,148.4,440.4
41.1,148.2,440.4
41.1,148.3,440.4
41.1,149.9,440.4
41.1,148.6,440.4
41.1,149.1,440.4
41.1,148.5,440.2
41.2,149.5,440.2
41.2,148.6,440.2
41.2,148.3,440.2
41.2,148.7,440.2
41.2,150.2,440.2
41.2,148.2,440.2
41.2,149.7,440.2
41.2,147.9,440.2
41.2,148.1,440.2
41.2,149.7,440.3
41.2,149.6,440.3
41.2,148.0,440.3
41.2,147.6,440.3
41.2,148.2,440.3
41.2,147.6,440.3
41.3,148.4,440.3
41.3,147.9,440.3
41.3,146.8,440.3
41.3,146.2,440.3
41.3,147.5,440.3
41.3,146.4,440.3
41.3,147.3,440.3
41.3,146.2,440.3
41.3,146.5,440.3
41.3,146.0,440.3
41.3,144.6,440.3
41.3,144.6,440.3
41.3,145.3,440.3
41.3,145.2,440.3
41.3,144.1,440.3
41.4,144.1,440.3
41.4,144.1,440.3
41.4,144.5,440.3
41.4,144.8,440.3
41.4,144.6,440.3
41.4,144.8,440.3
41.4,144.6,440.3
41.4,144.9,440.3
41.4,146.7,440.3
41.4,145.2,440.3
41.4,146.6,440.3
41.4,146.2,440.3
41.4,146.9,440.3
41.4,145.3,440.3
41.5,145.7,440.3
41.5,145.5,440.3
41.5,145.5,440.3
41.5,144.8,440.3
41.5,146.1,440.3
41.5,146.2,440.3
41.5,148.2,440.4
41.5,146.2,440.3
41.5,146.5,440.4
41.5,147.6,440.4
41.5,146.3,440.4
41.5,146.7,440.4
41.5,146.5,440.4
41.5,146.5,440.4
41.5,146.5,440.4
41.6,146.4,440.4
41.6,147.1,440.4
41.6,146.2,440.4
41.6,147.5,440.4
41.6,144.7,440.4
41.6,146.4,440.4
41.6,144.6,440.4
41.6,144.2,440.4
41.6,143.1,440.4
41.6,143.8,440.5
41.6,144.3,440.5
41.6,144.2,440.5
41.6,145.0,440.5
41.6,145.4,440.5
41.7,145.5,440.5
41.7,145.6,440.5
41.7,145.0,440.5
41.7,145.1,440.5
41.7,145.6,440.5
41.7,145.0,440.5
41.7,146.5,440.6
41.7,144.9,440.6
41.7,144.9,440.7
41.7,145.3,440.8
41.7,143.0,440.7
41.7,141.3,440.7
41.7,139.5,440.7
41.7,137.5,440.7
41.8,136.6,440.7
41.8,133.7,440.7
41.8,132.6,440.7
41.8,130.5,440.7
41.8,131.2,440.7
41.8,130.0,440.7
41.8,131.2,440.7
41.8,130.4,440.7
41.8,130.7,440.7
41.8,130.0,440.7
41.8,129.4,440.7
41.8,129.1,440.7
41.8,127.4,440.7
41.9,125.3,440.7
41.9,126.8,440.7
41.9,124.1,440.7
41.9,126.4,440.7
41.9,123.1,440.7
41.9,126.9,440.7
41.9,121.8,440.8
41.9,128.1,440.8
41.9,120.5,440.8
41.9,128.1,440.8
41.9,120.3,440.8
41.9,128.2,440.8
41.9,136.1,440.8
42.0,130.8,440.8
42.0,138.0,440.8
42.0,127.5,440.8
42.0,136.1,440.8
42.0,126.0,440.8
42.0,133.9,440.8
42.0,142.9,440.8
42.0,135.2,440.8
42.0,143.7,440.8
42.0,131.7,440.8
42.0,140.3,440.8
42.0,148.1,440.8
42.0,140.8,440.8
42.0,148.7,440.8
42.1,135.3,440.8
42.1,144.6,440.8
42.1,150.5,440.8
42.1,144.0,440.8
42.1,149.9,440.8
42.1,137.2,440.7
42.1,146.2,440.7
42.1,152.1,440.7
42.1,146.1,440.7
42.1,151.7,440.7
42.1,139.4,440.7
42.1,148.2,440.7
42.1,134.3,440.6
42.1,143.8,440.6
42.1,153.4,440.6
42.2,143.3,440.6
42.2,153.8,440.6
42.2,136.3,440.6
42.2,146.9,440.6
42.2,155.7,440.6
42.2,145.1,440.6
42.2,155.6,440.6
42.2,137.3,440.6
42.2,147.6,440.6
42.2,155.8,440.6
42.2,143.5,440.0
42.2,152.1,440.0
42.2,138.5,439.8
42.2,148.7,439.8
42.2,155.6,439.8
42.3,147.0,439.8
42.3,156.1,439.8
42.3,138.6,439.8
42.3,147.8,439.8
42.3,154.9,439.8
42.3,146.2,439.8
42.3,154.3,439.8
42.3,139.5,439.8
42.3,149.7,439.8
42.3,154.7,439.8
42.3,148.6,439.8
42.3,152.6,439.8
42.3,139.0,439.8
42.3,147.5,439.8
42.4,135.0,439.8
42.4,145.3,439.8
42.4,152.3,439.8
42.4,142.4,439.8
42.4,152.9,439.9
42.4,136.7,439.8
42.4,146.7,439.8
42.4,151.9,439.8
42.4,145.1,439.8
42.4,152.9,439.8
42.4,139.4,439.8
42.4,149.3,439.8
42.4,133.2,439.8
42.4,141.2,439.8
42.4,150.4,439.8
42.5,143.5,439.8
42.5,154.2,439.8
42.5,135.9,439.8
42.5,146.3,439.8
42.5,155.6,439.8
42.5,143.7,439.8
42.5,154.4,439.8
42.5,137.9,439.8
42.5,148.0,439.8
42.5,155.2,439.8
42.5,146.1,439.8
42.5,155.8,439.8
42.5,138.1,439.8
42.5,147.1,439.8
42.5,154.8,439.8
42.6,146.5,439.8
42.6,152.2,439.8
42.6,138.7,439.8
42.6,149.2,439.8
42.6,133.9,439.9
42.6,143.3,439.9
42.6,151.7,439.9
42.6,143.0,439.9
42.6,149.3,439.9
42.6,136.1,439.9
42.6,145.9,439.9
42.6,149.6,439.9
42.6,146.4,439.9
42.6,148.5,439.9
42.7,138.2,439.9
42.7,148.4,440.0
42.7,134.5,440.0
42.7,143.0,440.0
42.7,149.0,440.0
42.7,143.3,440.0
42.7,151.0,440.0
42.7,135.9,440.0
42.7,145.9,440.0
42.7,131.6,440.0
42.7,139.8,440.0
42.7,148.8,440.0
42.7,141.9,440.0
42.7,143.9,440.0
42.8,136.3,440.0
42.8,138.9,439.9
42.8,131.8,439.9
42.8,136.6,439.9
42.8,128.3,439.9
42.8,135.7,439.9
42.8,125.6,439.9
42.8,133.4,439.9
42.8,123.7,439.9
42.8,131.8,439.9
42.8,122.0,439.9
42.8,130.2,439.9
42.9,121.4,439.9
42.9,129.8,439.9
42.9,119.5,439.9
42.9,128.7,439.9
42.9,119.4,439.9
42.9,127.7,439.9
42.9,136.2,439.9
42.9,128.9,439.9
42.9,136.7,439.9
42.9,127.7,439.9
42.9,136.9,439.9
42.9,140.9,439.9
42.9,137.8,439.9
42.9,143.1,439.9
43.0,133.0,439.9
43.0,141.9,439.9
43.0,129.5,439.9
43.0,138.1,439.9
43.0,147.4,439.9
43.0,138.7,439.9
43.0,148.0,439.9
43.0,133.7,439.9
43.0,143.6,440.0
43.0,152.9,440.0
43.0,143.1,440.0
43.0,153.2,440.0
43.0,135.6,440.0
43.0,144.3,440.0
43.0,153.8,440.0
43.1,145.3,440.0
43.1,155.8,440.0
43.1,137.7,439.9
43.1,146.9,439.9
43.1,155.2,439.8
43.1,146.3,439.8
43.1,155.1,439.8
43.1,139.2,439.8
43.1,149.9,439.9
43.1,155.9,439.9
43.1,147.2,439.8
43.1,153.5,439.9
43.1,139.9,439.8
43.1,149.7,439.9
43.2,134.7,439.9
43.2,144.7,439.8
43.2,152.7,439.9
43.2,141.1,439.9
43.2,151.4,439.9
43.2,136.4,439.9
43.2,145.9,439.9
43.2,152.1,439.9
43.2,144.7,439.9
43.2,150.5,439.9
43.2,138.5,439.9
43.2,148.3,439.9
43.2,133.5,439.9
43.2,143.0,439.9
43.2,151.7,439.9
43.3,142.3,439.9
43.3,152.8,439.9
43.3,136.2,439.9
43.3,146.2,439.9
43.3,154.6,439.9
43.3,143.6,439.9
43.3,153.8,439.9
43.3,136.1,439.9
43.3,145.1,439.9
43.3,154.4,439.9
43.3,145.7,439.9
43.3,155.0,439.9
43.3,137.3,439.9
43.3,147.3,439.9
43.3,153.8,439.9
43.4,147.2,439.9
43.4,154.8,439.9
43.4,139.7,439.9
43.4,150.0,439.9
43.4,155.0,439.9
43.4,147.4,439.9
43.4,154.3,439.9
43.4,139.9,439.9
43.4,149.5,439.9
43.4,135.0,439.9
43.4,144.2,439.9
43.4,154.5,439.9
43.4,142.6,439.9
43.4,152.5,439.9
43.5,136.8,439.9
43.5,146.9,439.9
43.5,156.4,439.9
43.5,144.2,439.9
43.5,154.6,439.9
43.5,137.7,439.9
43.5,147.7,439.9
43.5,156.1,439.9
43.5,145.2,439.9
43.5,154.9,439.9
43.5,138.0,439.9
43.5,147.3,439.9
43.5,155.9,439.9
43.5,146.1,439.9
43.5,154.6,439.9
43.6,139.5,439.9
43.6,149.5,439.9
43.6,153.9,439.9
43.6,147.2,439.9
43.6,152.0,439.9
43.6,140.4,439.9
43.6,149.5,439.9
43.6,133.4,439.9
43.6,142.8,439.9
43.6,150.4,439.9
43.6,143.6,439.9
43.6,150.8,439.9
43.6,135.9,439.9
43.6,145.3,439.9
43.6,151.7,439.9
43.7,145.8,439.9
43.7,151.4,440.0
43.7,138.9,440.0
43.7,147.0,440.0
43.7,134.6,440.0
43.7,144.2,440.0
43.7,150.4,440.0
43.7,141.0,440.0
43.7,150.2,440.0
43.7,135.4,440.0
43.7,144.9,440.0
43.7,130.8,440.0
43.7,138.9,440.0
43.8,129.2,440.0
43.8,139.0,440.0
43.8,144.4,440.0
43.8,138.6,440.0
43.8,138.9,440.0
43.8,133.5,440.0
43.8,137.7,440.0
43.8,130.0,440.0
43.8,138.4,440.0
43.8,126.8,440.0
43.8,135.7,440.0
43.8,124.7,440.0
43.8,132.7,440.0
43.9,123.3,440.1
43.9,131.4,440.1
43.9,121.6,440.1
43.9,129.9,440.1
43.9,120.5,440.1
43.9,129.3,440.1
43.9,137.6,440.1
43.9,131.5,440.1
43.9,139.9,440.1
43.9,127.8,440.1
43.9,136.1,440.1
43.9,141.5,440.1
43.9,138.6,440.1
43.9,142.0,440.1
44.0,132.6,440.1
44.0,141.2,440.1
44.0,130.0,440.1
44.0,139.2,440.1
44.0,146.9,440.1
44.0,138.7,440.0
44.0,147.4,440.0
44.0,134.9,440.0
44.0,144.8,440.0
44.0,130.0,440.0
44.0,139.4,440.0
44.0,148.1,440.0
44.0,139.1,440.1
44.0,149.3,440.1
44.1,134.3,440.1
44.1,143.2,440.1
44.1,152.1,440.1
44.1,143.1,440.1
44.1,152.6,440.1
44.1,136.8,440.1
44.1,146.6,440.1
44.1,153.4,440.0
44.1,145.0,440.0
44.1,154.6,440.0
44.1,138.7,440.0
44.1,148.9,440.0
44.1,155.6,440.0
44.1,146.3,440.0
44.1,154.4,440.0
44.2,138.9,440.0
44.2,149.3,440.0
44.2,154.6,440.0
44.2,145.1,440.0
44.2,153.3,440.0
44.2,139.4,440.0
44.2,149.4,440.0
44.2,134.7,440.0
44.2,142.5,440.0
44.2,152.8,440.0
44.2,142.6,440.0
44.2,152.8,440.0
44.2,156.5,440.0
44.2,150.1,440.0
44.2,155.4,440.0
44.3,141.0,440.0
44.3,151.4,440.0
44.3,134.9,440.0
44.3,144.4,440.0
44.3,154.9,440.0
44.3,144.8,440.0
44.3,154.8,440.0
44.3,138.2,440.0
44.3,148.3,440.0
44.3,153.7,440.0
44.3,146.0,440.0
44.3,153.1,440.0
44.3,138.8,440.0
44.3,148.6,440.0
44.4,150.7,440.0
44.4,147.6,440.0
44.4,151.9,440.0
44.4,140.0,440.0
44.4,149.9,440.0
44.4,135.2,440.0
44.4,144.1,440.0
44.4,151.0,440.0
44.4,142.8,440.0
44.4,152.4,440.0
44.4,135.4,440.0
44.4,145.1,440.0
44.4,153.5,440.0
44.4,145.6,440.0
44.4,153.0,440.0
44.5,138.6,440.0
44.5,148.7,440.0
44.5,133.6,440.0
44.5,143.2,440.0
44.5,153.9,440.0
44.5,141.8,440.0
44.5,151.8,440.0
44.5,155.1,440.0
44.5,149.2,440.0
44.5,153.7,440.0
44.5,141.6,440.0
44.5,151.4,440.0
44.5,136.0,440.0
44.5,145.5,440.0
44.5,154.3,440.0
44.6,143.6,440.0
44.6,153.1,440.0
44.6,137.1,440.0
44.6,146.7,440.0
44.6,152.8,440.1
44.6,145.5,440.1
44.6,149.3,440.1
44.6,137.5,440.1
44.6,146.2,440.1
44.6,134.3,440.1
44.6,143.9,440.1
44.6,149.4,440.1
44.6,142.7,440.1
44.6,149.9,440.1
44.7,136.1,440.1
44.7,145.7,440.1
44.7,132.4,440.1
44.7,141.9,440.1
44.7,151.8,440.2
44.7,140.6,440.2
44.7,148.6,440.2
44.7,134.3,440.2
44.7,143.9,440.2
44.7,151.2,440.2
44.7,142.7,440.2
44.7,144.7,440.2
44.7,137.7,440.2
44.7,140.3,440.2
44.8,134.3,440.2
44.8,135.9,440.2
44.8,130.0,440.2
44.8,133.3,440.2
44.8,127.5,440.2
44.8,133.0,440.2
44.8,125.5,440.2
44.8,132.3,440.2
44.8,123.4,440.2
44.8,132.4,440.2
44.8,121.8,440.2
44.8,130.5,440.2
44.9,120.9,440.2
44.9,129.3,440.2
44.9,119.8,440.2
44.9,127.9,440.2
44.9,119.3,440.2
44.9,127.3,440.2
44.9,118.9,440.2
44.9,127.2,440.2
44.9,135.3,440.2
44.9,129.5,440.2
44.9,137.6,440.2
44.9,127.0,440.2
44.9,135.2,440.2
44.9,142.3,440.2
45.0,136.8,440.2
45.0,143.1,440.2
45.0,131.9,440.2
45.0,141.0,440.2
45.0,128.9,440.2
45.0,138.2,440.2
45.0,147.0,440.2
45.0,139.0,440.2
45.0,147.3,440.2
45.0,134.6,440.2
45.0,144.6,440.3
45.0,149.2,440.2
45.0,142.0,440.3
45.0,148.6,440.3
45.1,135.4,440.3
45.1,144.0,440.3
45.1,150.0,440.3
45.1,145.7,440.3
45.1,150.4,440.3
45.1,139.3,440.3
45.1,147.7,440.3
45.1,134.1,440.5
45.1,142.3,440.5
45.1,151.0,440.5
45.1,141.3,440.4
45.1,151.5,440.4
45.1,137.6,440.4
45.1,147.8,440.4
45.1,153.6,440.4
45.2,144.7,440.4
45.2,152.5,440.4
45.2,137.3,440.4
45.2,146.3,440.4
45.2,155.8,440.4
45.2,146.3,440.4
45.2,154.5,440.4
45.2,137.7,440.4
45.2,147.7,440.4
45.2,153.5,440.4
45.2,147.5,440.4
45.2,151.8,440.4
45.2,139.9,440.4
45.2,148.3,440.4
45.3,133.6,440.4
45.3,143.2,440.4
45.3,153.1,440.5
45.3,142.3,440.4
45.3,151.9,440.5
45.3,136.2,440.5
45.3,146.2,440.5
45.3,131.5,440.5
45.3,141.1,440.5
45.3,150.0,440.5
45.3,142.0,440.5
45.3,151.5,440.5
45.3,134.0,440.5
45.3,143.9,440.5
45.3,148.9,440.5
45.4,143.7,440.5
45.4,148.1,440.5
45.4,137.9,440.5
45.4,146.9,440.5
45.4,133.2,440.5
45.4,141.7,440.5
45.4,149.8,440.5
45.4,143.0,440.5
45.4,150.8,440.5
45.4,135.0,440.5
45.4,145.1,440.5
45.4,149.9,440.5
45.4,145.4,440.5
45.4,149.5,440.5
45.5,137.8,440.5
45.5,146.6,440.5
45.5,133.5,440.5
45.5,142.3,440.5
45.5,151.4,440.5
45.5,142.0,440.5
45.5,151.2,440.5
45.5,136.4,440.5
45.5,146.5,440.5
45.5,152.0,440.5
45.5,145.3,440.5
45.5,151.5,440.5
45.5,137.2,440.5
45.5,146.2,440.5
45.5,151.8,440.5
45.6,145.7,440.5
45.6,151.2,440.5
45.6,138.7,440.6
45.6,147.5,440.6
45.6,134.5,440.6
45.6,144.0,440.6
45.6,150.1,440.6
45.6,143.9,440.6
45.6,149.7,440.6
45.6,136.3,440.6
45.6,146.2,440.6
45.6,131.8,440.6
45.6,139.7,440.6
45.6,148.6,440.6
45.7,141.0,440.6
45.7,151.1,440.6
45.7,135.6,440.6
45.7,145.8,440.6
45.7,152.2,440.7
45.7,143.5,440.7
45.7,151.0,440.7
45.7,137.1,440.7
45.7,145.8,440.7
45.7,133.0,440.6
45.7,140.7,440.0
45.7,148.2,440.0
45.7,141.1,439.7
45.7,143.9,439.7
45.8,136.3,439.7
45.8,120.5,439.7
45.8,128.5,439.8
45.8,134.6,439.8
45.8,132.0,439.8
45.8,132.1,439.8
45.8,129.1,439.8
45.8,132.1,439.8
45.8,126.9,439.8
45.8,131.9,439.8
45.8,125.2,439.8
45.8,132.3,439.8
45.9,123.4,439.8
45.9,133.0,439.8
45.9,121.6,439.8
45.9,130.0,439.8
45.9,120.5,439.8
45.9,129.6,439.8
45.9,119.5,439.8
45.9,127.4,439.8
45.9,119.5,439.8
45.9,127.5,439.8
45.9,135.7,439.8
45.9,130.0,439.8
45.9,138.2,439.8
46.0,127.0,439.8
46.0,135.8,439.8
46.0,142.5,439.8
46.0,137.1,439.8
46.0,143.2,439.8
46.0,132.8,439.8
46.0,141.5,439.8
46.0,146.9,439.8
46.0,141.7,439.8
46.0,147.0,439.9
46.0,135.6,439.9
46.0,144.0,439.9
46.0,131.7,439.9
46.0,139.8,439.9
46.0,149.2,439.9
46.1,140.7,439.9
46.1,151.3,439.9
46.1,135.6,439.8
46.1,144.6,439.8
46.1,153.3,440.0
46.1,143.1,440.0
46.1,152.0,440.0
46.1,137.7,440.0
46.1,146.7,440.0
46.1,153.5,440.0
46.1,146.6,440.0
46.1,154.5,440.0
46.1,138.0,440.0
46.1,148.4,440.0
46.1,153.2,439.8
46.2,146.7,439.8
46.2,153.1,439.8
46.2,140.1,439.8
46.2,149.2,439.8
46.2,135.1,439.8
46.2,144.9,439.9
46.2,154.0,439.8
46.2,142.6,439.8
46.2,151.2,439.8
46.2,136.7,439.8
46.2,145.4,439.9
46.2,155.9,439.9
46.2,144.9,439.9
46.2,153.2,439.9
46.3,137.7,439.9
46.3,148.1,439.9
46.3,153.7,439.9
46.3,146.4,439.9
46.3,152.6,439.9
46.3,138.0,439.9
46.3,146.8,439.9
46.3,153.0,439.9
46.3,147.3,439.9
46.3,150.5,439.9
46.3,139.7,439.9
46.3,148.4,439.9
46.3,134.5,439.9
46.3,143.4,439.9
46.3,150.1,439.9
46.4,143.0,439.9
46.4,149.6,439.9
46.4,136.0,439.9
46.4,145.6,439.9
46.4,132.3,439.9
46.4,142.0,439.9
46.4,149.1,439.9
46.4,141.9,439.9
46.4,146.9,439.9
46.4,135.6,439.9
46.4,144.2,439.9
46.4,131.5,439.9
46.4,141.1,439.9
46.4,150.1,439.9
46.5,141.4,439.9
46.5,151.7,439.9
46.5,134.5,439.9
46.5,143.5,439.9
46.5,150.8,439.9
46.5,144.1,439.9
46.5,150.2,439.9
46.5,136.3,439.9
46.5,144.7,439.9
46.5,132.3,439.9
46.5,141.8,439.9
46.5,151.2,439.9
46.5,142.1,439.9
46.5,150.8,440.0
46.6,135.9,440.0
46.6,146.3,440.0
46.6,152.0,440.0
46.6,143.7,440.0
46.6,151.3,440.0
46.6,137.1,440.0
46.6,145.0,440.0
46.6,132.4,440.0
46.6,141.1,440.0
46.6,148.8,440.0
46.6,142.8,440.0
46.6,147.5,440.0
46.6,134.4,440.0
46.6,142.3,440.0
46.7,131.6,440.1
46.7,141.5,440.1
46.7,147.2,440.1
46.7,140.9,440.1
46.7,145.9,440.1
46.7,135.5,440.1
46.7,144.2,440.1
46.7,131.4,440.1
46.7,139.9,440.1
46.7,128.7,440.3
46.7,136.4,440.3
46.7,143.8,440.3
46.7,138.6,440.3
46.7,140.0,440.3
46.8,133.2,440.3
46.8,134.7,440.3
46.8,130.0,440.3
46.8,131.9,440.3
46.8,127.8,440.3
46.8,130.6,440.3
46.8,126.5,440.3
46.8,129.2,440.3
46.8,124.3,440.3
46.8,129.6,440.3
46.8,122.8,440.3
46.8,129.3,440.3
46.9,121.4,440.3
46.9,128.0,440.3
46.9,120.9,440.3
46.9,127.8,440.3
46.9,119.6,440.3
46.9,127.3,440.3
46.9,119.1,440.3
46.9,126.8,440.3
46.9,118.7,440.3
46.9,126.4,440.3
46.9,134.1,440.3
46.9,130.1,440.3
46.9,135.4,440.3
47.0,127.2,440.4
47.0,135.8,440.4
47.0,125.0,440.4
47.0,133.5,440.4
47.0,141.0,440.4
47.0,135.3,440.4
47.0,141.1,440.4
47.0,130.9,440.4
47.0,139.2,440.4
47.0,128.3,440.4
47.0,136.6,440.4
47.0,145.1,440.4
47.0,137.4,440.4
47.0,145.0,440.4
47.1,132.8,440.4
47.1,141.7,440.4
47.1,129.2,440.3
47.1,137.5,440.3
47.1,146.5,440.3
47.1,138.9,440.4
47.1,148.1,440.3
47.1,134.4,440.3
47.1,142.8,440.3
47.1,151.9,440.3
47.1,143.7,440.3
47.1,151.5,440.3
47.1,136.2,440.3
47.1,145.3,440.2
47.1,152.1,440.2
47.2,145.1,440.2
47.2,151.5,440.2
47.2,137.9,440.2
47.2,147.6,440.2
47.2,132.7,440.2
47.2,142.2,440.2
47.2,149.4,440.2
47.2,141.4,440.2
47.2,149.5,440.2
47.2,135.0,440.2
47.2,143.6,440.2
47.2,131.8,440.2
47.2,140.0,440.2
47.2,149.0,440.2
47.3,140.8,440.2
47.3,151.2,440.2
47.3,135.6,440.2
47.3,144.8,440.2
47.3,151.7,440.2
47.3,143.8,440.2
47.3,150.9,440.2
47.3,137.4,440.2
47.3,147.5,440.2
47.3,151.4,440.2
47.3,145.6,440.2
47.3,150.8,440.2
47.3,138.4,440.2
47.3,146.9,440.2
47.4,134.5,440.2
47.4,143.5,440.2
47.4,151.9,440.2
47.4,142.2,440.2
47.4,152.5,440.2
47.4,136.6,440.2
47.4,146.7,440.2
47.4,152.1,440.2
47.4,145.8,440.2
47.4,151.3,440.2
47.4,137.8,440.2
47.4,147.8,440.2
47.4,151.8,440.2
47.4,147.5,440.2
47.4,151.0,440.2
47.5,139.1,440.2
47.5,148.4,440.2
47.5,135.5,440.2
47.5,144.3,440.2
47.5,151.8,440.2
47.5,143.0,440.2
47.5,153.1,440.2
47.5,136.3,440.2
47.5,146.2,440.2
47.5,152.2,440.2
47.5,145.0,440.2
47.5,151.2,440.2
47.5,137.2,440.2
47.5,145.8,440.2
47.6,133.1,440.2
47.6,143.0,440.2
47.6,151.4,440.2
47.6,141.4,440.2
47.6,151.9,440.2
47.6,137.1,440.2
47.6,146.0,440.2
47.6,152.6,440.2
47.6,144.8,440.3
47.6,152.0,440.3
47.6,137.2,440.3
47.6,145.7,440.3
47.6,132.9,440.3
47.6,142.9,440.3
47.6,151.9,440.3
47.7,141.0,440.3
47.7,151.7,440.3
47.7,135.0,440.3
47.7,143.8,440.3
47.7,150.9,440.4
47.7,145.2,440.4
47.7,149.2,440.4
47.7,137.5,440.4
47.7,147.3,440.4
47.7,132.7,440.4
47.7,142.2,440.4
47.7,151.2,440.4
47.7,142.7,440.4
47.7,147.2,440.4
47.8,136.2,440.4
47.8,142.3,440.4
47.8,132.9,440.4
47.8,137.9,440.3
47.8,128.4,440.3
47.8,135.1,440.3
47.8,126.1,440.3
47.8,133.5,440.3
47.8,123.8,440.3
47.8,132.9,440.3
47.8,122.0,440.3
47.8,130.0,440.3
47.9,121.0,440.3
47.9,129.4,440.3
47.9,120.4,440.3
47.9,128.9,440.3
47.9,119.2,440.3
47.9,127.3,440.3
47.9,118.9,440.3
47.9,127.1,440.3
47.9,118.5,440.3
47.9,126.7,440.3
47.9,135.0,440.3
47.9,129.1,440.3
47.9,137.7,440.3
48.0,126.5,440.3
48.0,135.4,440.3
48.0,141.7,440.3
48.0,136.7,440.3
48.0,142.6,440.3
48.0,132.1,440.4
48.0,141.8,440.4
48.0,128.8,440.4
48.0,134.8,439.8
48.0,143.8,439.8
48.0,138.1,439.5
48.0,146.6,439.5
48.0,151.8,439.5
48.0,146.7,439.5
48.0,152.5,439.5
48.1,139.7,439.5
48.1,148.7,439.5
48.1,135.2,439.5
48.1,144.1,439.5
48.1,153.2,439.5
48.1,142.6,439.5
48.1,153.0,439.5
48.1,136.5,439.4
48.1,146.4,439.4
48.1,154.7,439.4
48.1,145.8,439.4
48.1,153.7,439.4
48.1,138.7,439.4
48.1,148.8,439.4
48.1,153.4,439.4
48.2,146.3,439.4
48.2,153.1,439.4
48.2,139.5,439.4
48.2,150.0,439.4
48.2,134.2,439.4
48.2,142.3,439.4
48.2,152.7,439.4
48.2,143.0,439.4
48.2,153.2,439.4
48.2,137.4,439.4
48.2,147.4,439.4
48.2,154.7,439.5
48.2,144.4,439.4
48.2,153.8,439.4
48.3,137.8,439.4
48.3,147.8,439.4
48.3,154.0,439.4
48.3,144.2,439.4
48.3,153.4,439.5
48.3,139.0,439.4
48.3,148.8,439.5
48.3,153.1,439.5
48.3,147.0,439.4
48.3,151.8,439.5
48.3,140.2,439.4
48.3,149.8,439.5
48.3,135.2,439.4
48.3,144.9,439.5
48.3,150.7,439.5
48.4,143.1,439.5
48.4,151.1,439.5
48.4,136.3,439.5
48.4,146.2,439.5
48.4,151.2,439.5
48.4,145.1,439.5
48.4,152.1,439.5
48.4,138.1,439.5
48.4,147.9,439.5
48.4,152.7,439.5
48.4,146.2,439.5
48.4,151.3,439.5
48.4,137.9,439.5
48.4,147.0,439.5
48.5,135.0,439.5
48.5,145.1,439.5
48.5,153.6,439.5
48.5,142.5,439.5
48.5,150.8,439.5
48.5,136.7,439.5
48.5,146.6,439.5
48.5,153.3,439.5
48.5,145.0,439.5
48.5,152.2,439.5
48.5,138.2,439.5
48.5,147.3,439.5
48.5,133.4,439.5
48.5,142.6,439.5
48.5,152.7,439.5
48.6,141.9,439.5
48.6,152.0,439.5
48.6,136.6,439.5
48.6,145.8,439.5
48.6,152.4,439.5
48.6,144.1,439.5
48.6,151.7,439.5
48.6,137.3,439.5
48.6,146.4,439.5
48.6,149.2,439.5
48.6,146.6,439.5
48.6,148.6,439.5
48.6,139.0,439.5
48.6,148.6,439.5
48.7,134.1,439.5
48.7,143.8,439.5
48.7,150.7,439.5
48.7,141.5,439.5
48.7,149.8,439.5
48.7,137.2,439.6
48.7,146.3,439.6
48.7,130.4,439.6
48.7,137.5,439.6
48.7,145.8,439.6
48.7,142.6,439.6
48.7,149.2,439.6
48.7,135.0,439.6
48.7,144.5,439.6
48.8,132.3,439.6
48.8,138.7,439.6
48.8,124.7,439.6
48.8,132.2,439.6
48.8,127.2,439.6
48.8,135.2,439.6
48.8,123.6,439.6
48.8,132.1,439.6
48.8,122.2,439.6
48.8,130.3,439.6
48.8,121.2,439.6
48.8,129.2,439.6
48.9,120.2,439.6
48.9,129.5,439.6
48.9,119.3,439.6
48.9,128.7,439.7
48.9,118.6,439.6
48.9,126.6,439.7
48.9,118.2,439.7
48.9,126.5,439.7
48.9,117.9,439.7
48.9,125.7,439.7
48.9,134.1,439.7
48.9,129.9,439.7
48.9,136.8,439.7
49.0,126.2,439.7
49.0,135.2,439.7
49.0,141.1,439.7
49.0,136.2,439.7
49.0,142.7,439.7
49.0,132.0,439.7
49.0,140.8,439.7
49.0,128.7,439.7
49.0,137.9,439.7
49.0,146.8,439.7
49.0,138.9,439.7
49.0,148.8,439.7
49.0,133.7,439.7
49.0,142.3,439.7
49.0,151.5,439.7
49.1,142.6,439.7
49.1,151.6,439.7
49.1,136.0,439.7
49.1,145.0,439.7
49.1,153.1,439.7
49.1,144.8,439.7
49.1,153.9,439.7
49.1,137.3,439.6
49.1,147.5,439.6
49.1,154.6,439.6
49.1,146.3,439.6
49.1,152.9,439.6
49.1,139.2,439.6
49.1,149.3,439.6
49.2,134.1,439.6
49.2,144.0,439.6
49.2,153.9,439.6
49.2,142.2,439.6
49.2,152.7,439.6
49.2,136.3,439.6
49.2,146.0,439.6
49.2,154.3,439.6
49.2,144.1,439.6
49.2,154.1,439.6
49.2,138.4,439.6
49.2,148.6,439.6
49.2,155.3,439.6
49.2,144.6,439.6
49.2,153.5,439.6
49.3,137.4,439.6
49.3,147.7,439.6
49.3,155.2,439.6
49.3,144.6,439.6
49.3,154.4,439.6
49.3,138.6,439.6
49.3,148.4,439.6
49.3,154.7,439.6
49.3,147.2,439.6
49.3,153.4,439.6
49.3,138.9,439.6
49.3,148.6,439.6
49.3,134.2,439.6
49.3,144.1,439.6
49.3,152.5,439.6
49.4,143.0,439.6
49.4,153.6,439.6
49.4,137.3,439.6
49.4,147.5,439.6
49.4,154.0,439.6
49.4,144.7,439.6
49.4,152.4,439.6
49.4,138.6,439.6
49.4,147.1,439.6
49.4,132.5,439.6
49.4,142.0,439.6
49.4,152.6,439.6
49.4,142.3,439.6
49.4,152.0,439.6
49.5,136.0,439.6
49.5,145.2,439.6
49.5,153.9,439.6
49.5,143.9,439.6
49.5,153.6,439.6
49.5,138.0,439.6
49.5,148.0,439.6
49.5,153.6,439.6
49.5,145.8,439.6
49.5,152.4,439.6
49.5,139.1,439.6
49.5,149.1,439.6
49.5,152.2,439.6
49.5,146.6,439.6
49.5,151.0,439.6
49.6,140.1,439.6
49.6,149.8,439.6
49.6,134.0,439.6
49.6,143.7,439.6
49.6,150.1,439.6
49.6,143.4,439.6
49.6,150.4,439.6
49.6,135.7,439.7
49.6,144.6,439.7
49.6,131.7,439.7
49.6,141.1,439.7
49.6,150.5,439.7
49.6,141.5,439.7
49.6,149.8,439.7
49.7,134.5,439.7
49.7,144.4,439.7
49.7,151.0,439.7
49.7,142.8,439.7
49.7,148.8,439.7
49.7,138.2,439.8
49.7,146.7,439.8
49.7,132.2,439.8
49.7,141.4,439.8
49.7,148.4,439.8
49.7,142.7,439.8
49.7,147.5,439.8
49.7,137.2,439.8
49.7,145.9,439.8
49.8,130.9,439.8
49.8,140.2,439.8
49.8,127.9,439.8
49.8,137.3,439.8
49.8,126.7,439.8
49.8,133.9,439.8
49.8,123.2,439.8
49.8,130.8,439.8
49.8,122.0,439.8
49.8,129.9,439.8
49.8,120.5,439.8
49.8,128.6,439.8
49.9,120.2,439.8
49.9,129.8,439.8
49.9,119.2,439.8
49.9,127.8,439.8
49.9,118.4,439.8
49.9,126.4,439.8
49.9,134.8,439.8
49.9,129.7,439.8
49.9,136.5,439.8
49.9,126.7,439.8
49.9,135.1,439.8
49.9,124.7,439.8
49.9,132.9,439.9
49.9,141.9,439.9
50.0,135.9,439.9
50.0,145.0,439.9
50.0,131.4,439.9
50.0,140.6,439.9
50.0,148.0,439.9
50.0,139.6,439.9
50.0,148.7,439.9
50.0,134.2,439.9
50.0,144.5,439.9
50.0,150.2,439.8
50.0,142.8,439.8
50.0,151.4,439.8
50.0,136.5,439.8
50.0,143.6,439.9
50.0,150.9,439.9
50.1,145.5,439.9
50.1,150.7,439.9
50.1,138.9,439.9
50.1,148.1,439.9
50.1,134.0,439.9
50.1,142.5,439.9
50.1,151.8,439.9
50.1,143.4,440.1
50.1,151.6,440.1
50.1,136.3,440.1
50.1,145.6,440.1
50.1,153.1,440.1
50.1,145.7,440.1
50.1,153.0,440.1
50.2,139.1,440.1
50.2,149.7,440.1
50.2,151.4,440.1
50.2,146.7,440.1
50.2,150.3,440.1
50.2,139.3,440.1
50.2,148.9,440.1
50.2,133.7,440.1
50.2,143.2,440.1
50.2,151.7,440.1
50.2,142.0,440.1
50.2,150.6,440.1
50.2,136.3,440.1
50.2,146.2,440.1
50.2,151.8,440.1
50.3,144.5,440.1
50.3,152.4,440.1
50.3,137.9,440.1
50.3,147.0,440.1
50.3,133.2,440.1
50.3,142.9,440.1
50.3,151.7,440.1
50.3,143.0,440.1
50.3,152.1,440.1
50.3,135.0,440.1
50.3,143.4,440.1
50.3,151.3,440.1
50.3,145.0,440.1
50.3,149.5,440.1
50.4,137.8,440.1
50.4,146.8,440.1
50.4,133.5,440.1
50.4,142.4,440.1
50.4,150.1,440.1
50.4,141.8,440.1
50.4,150.3,440.1
50.4,135.7,440.1
50.4,144.3,440.1
50.4,150.1,440.2
50.4,144.3,440.2
50.4,148.9,440.2
50.4,138.2,440.2
50.4,146.5,440.2
50.5,134.1,440.2
50.5,144.5,440.2
50.5,149.8,440.2
50.5,143.2,440.2
50.5,149.1,440.2
50.5,136.2,440.2
50.5,146.2,440.2
50.5,131.7,440.2
50.5,139.8,440.2
50.5,148.8,440.2
50.5,139.6,440.2
50.5,148.6,440.2
50.5,135.3,440.2
50.5,145.5,440.2
50.5,151.5,440.2
50.6,144.1,440.2
50.6,150.4,440.2
50.6,137.1,440.2
50.6,146.5,440.2
50.6,132.7,440.2
50.6,140.7,440.2
50.6,149.8,440.2
50.6,141.1,440.3
50.6,150.8,440.3
50.6,135.5,440.3
50.6,144.3,440.3
50.6,131.6,440.3
50.6,141.7,440.3
50.6,149.2,440.3
50.7,140.6,440.3
50.7,150.4,440.3
50.7,134.0,440.3
50.7,144.1,440.3
50.7,149.8,440.3
50.7,144.5,440.3
50.7,148.3,440.3
50.7,137.3,440.4
50.7,145.5,440.4
50.7,132.8,440.4
50.7,142.6,440.4
50.7,149.0,440.4
50.7,142.4,440.4
50.7,145.1,440.3
50.8,135.6,440.3
50.8,141.8,440.3
50.8,131.6,440.3
50.8,140.2,440.3
50.8,128.7,440.3
50.8,136.6,440.3
50.8,125.7,440.3
50.8,133.9,440.3
50.8,123.8,440.3
50.8,131.8,440.4
50.8,122.2,440.4
50.8,131.3,440.4
50.9,121.1,440.4
50.9,130.6,440.4
50.9,119.9,440.4
50.9,128.2,440.4
50.9,119.1,440.4
50.9,127.2,440.4
50.9,118.7,440.4
50.9,126.8,440.4
50.9,118.1,440.4
50.9,126.3,440.4
50.9,132.5,440.4
50.9,130.6,440.4
50.9,133.7,440.4
51.0,126.7,440.4
51.0,135.2,440.4
51.0,125.1,440.4
51.0,134.8,440.4
51.0,141.5,440.4
51.0,133.9,440.4
51.0,143.8,440.4
51.0,130.3,440.4
51.0,138.9,440.4
51.0,146.2,440.4
51.0,140.0,440.4
51.0,146.0,440.4
51.0,134.7,440.4
51.0,143.2,440.4
51.1,130.8,440.4
51.1,140.2,440.4
51.1,148.3,440.4
51.1,141.2,440.4
51.1,150.3,440.4
51.1,133.6,440.6
51.1,140.6,440.6
51.1,149.7,440.6
51.1,144.0,440.6
51.1,152.2,440.6
51.1,136.9,440.6
51.1,145.8,440.6
51.1,153.1,440.6
51.1,144.7,440.6
51.1,152.0,440.6
51.2,139.7,440.6
51.2,148.6,440.5
51.2,133.0,440.4
51.2,142.8,440.4
51.2,152.9,440.4
51.2,142.8,440.4
51.2,153.2,440.4
51.2,136.3,440.4
51.2,144.9,440.4
51.2,153.6,440.4
51.2,143.5,440.4
51.2,152.4,440.4
51.2,137.3,440.4
51.2,147.4,440.4
51.2,152.6,440.4
51.3,146.8,440.4
51.3,151.5,440.4
51.3,140.0,440.4
51.3,148.4,440.4
51.3,134.0,440.4
51.3,143.8,440.4
51.3,150.5,440.4
51.3,142.8,440.4
51.3,150.9,440.4
51.3,135.4,440.4
51.3,145.2,440.4
51.3,149.3,440.4
51.3,145.8,440.4
51.3,147.8,440.4
51.4,136.7,439.9
51.4,146.4,439.9
51.4,132.6,439.7
51.4,141.3,439.7
51.4,129.9,439.7
51.4,137.8,439.7
51.4,146.8,439.7
51.4,139.6,439.7
51.4,148.3,439.7
51.4,134.8,439.7
51.4,143.5,439.7
51.4,151.1,439.7
51.4,143.9,439.7
51.4,149.5,439.7
51.5,136.6,439.7
51.5,145.6,439.7
51.5,132.2,439.7
51.5,142.0,439.7
51.5,151.2,439.7
51.5,140.7,439.7
51.5,150.1,439.7
51.5,135.3,439.7
51.5,145.4,439.7
51.5,150.5,439.7
51.5,144.8,439.7
51.5,149.2,439.7
51.5,137.3,439.7
51.5,146.0,439.7
51.6,133.5,439.7
51.6,143.9,439.7
51.6,149.0,439.7
51.6,141.2,439.7
51.6,149.4,439.7
51.6,134.8,439.7
51.6,143.1,439.7
51.6,131.9,439.8
51.6,141.0,439.8
51.6,148.8,439.8
51.6,140.4,439.8
51.6,146.5,439.8
51.6,136.2,439.8
51.6,144.7,439.8
51.7,130.8,439.8
51.7,139.5,439.8
51.7,147.7,439.8
51.7,140.0,439.8
51.7,148.8,439.8
51.7,134.4,439.8
51.7,144.3,439.9
51.7,149.9,439.9
51.7,144.4,439.9
51.7,148.3,439.8
51.7,137.0,439.8
51.7,145.5,439.8
51.7,132.5,440.0
51.7,139.8,440.0
51.8,129.2,440.1
51.8,138.1,440.1
51.8,126.8,440.1
51.8,135.5,440.1
51.8,124.2,440.1
51.8,132.5,440.1
51.8,122.5,440.1
51.8,130.8,440.1
51.8,137.0,440.1
51.8,133.5,440.1
51.8,136.2,440.1
51.8,130.3,440.1
51.8,135.9,440.1
51.9,127.4,440.1
51.9,135.3,440.1
51.9,125.0,440.1
51.9,133.1,440.1
51.9,123.3,440.1
51.9,131.6,440.1
51.9,121.6,440.1
51.9,130.1,440.1
51.9,120.6,440.1
51.9,128.7,440.1
51.9,119.8,440.1
51.9,127.9,440.1
52.0,119.0,440.1
52.0,126.9,440.1
52.0,135.6,440.1
52.0,129.8,440.1
52.0,138.6,440.1
52.0,127.4,440.1
52.0,137.0,440.1
52.0,143.2,440.1
52.0,136.6,440.2
52.0,144.4,440.2
52.0,131.2,440.2
52.0,139.5,440.2
52.0,147.1,440.2
52.0,141.6,440.2
52.0,146.9,440.2
52.1,135.6,440.2
52.1,144.1,440.2
52.1,132.2,440.2
52.1,141.1,440.1
52.1,149.5,440.1
52.1,140.1,440.1
52.1,148.7,440.1
52.1,135.2,440.1
52.1,143.7,440.1
52.1,131.1,440.1
52.1,139.2,440.1
52.1,148.5,440.1
52.1,139.3,439.9
52.1,149.4,440.0
52.2,134.7,439.9
52.2,145.1,439.9
52.2,151.7,440.0
52.2,144.1,440.0
52.2,152.2,440.0
52.2,137.5,440.0
52.2,147.6,440.0
52.2,150.8,440.0
52.2,144.6,440.0
52.2,151.7,440.0
52.2,139.6,440.0
52.2,147.9,440.0
52.2,133.2,440.0
52.2,141.7,440.0
52.2,150.5,440.0
52.3,142.0,440.0
52.3,151.1,440.0
52.3,135.8,440.0
52.3,144.6,440.0
52.3,151.3,440.0
52.3,143.9,440.0
52.3,149.6,440.0
52.3,137.9,440.0
52.3,146.4,440.0
52.3,134.2,440.0
52.3,144.1,440.0
52.3,150.5,440.0
52.3,142.7,440.0
52.3,150.1,440.0
52.4,136.0,439.9
52.4,145.2,439.9
52.4,150.3,440.0
52.4,144.3,440.0
52.4,149.3,440.0
52.4,137.8,440.0
52.4,148.2,440.0
52.4,133.4,440.0
52.4,143.5,440.0
52.4,150.1,440.0
52.4,141.7,440.0
52.4,150.6,440.0
52.4,135.4,440.0
52.4,143.9,440.0
52.4,150.0,440.0
52.5,146.0,440.0
52.5,150.6,440.0
52.5,138.1,440.0
52.5,146.9,440.0
52.5,133.4,440.0
52.5,143.2,440.0
52.5,150.3,440.0
52.5,143.0,440.0
52.5,149.7,440.0
52.5,135.7,440.0
52.5,144.3,440.0
52.5,131.8,440.0
52.5,139.9,440.0
52.5,149.2,440.0
52.6,141.5,440.0
52.6,151.4,440.0
52.6,135.3,440.0
52.6,144.4,440.0
52.6,150.7,440.0
52.6,144.9,440.0
52.6,150.9,440.0
52.6,136.9,440.1
52.6,145.0,440.1
52.6,132.7,440.1
52.6,141.4,440.1
52.6,148.1,440.1
52.6,143.1,440.1
52.6,149.1,440.1
52.7,135.4,440.1
52.7,145.6,440.1
52.7,131.0,440.1
52.7,139.3,440.1
52.7,148.0,440.1
52.7,141.5,440.1
52.7,151.2,440.1
52.7,135.8,440.2
52.7,143.7,440.2
52.7,150.0,440.2
52.7,144.6,440.2
52.7,147.9,440.2
52.7,138.8,440.2
52.7,145.1,440.2
52.8,132.9,440.2
52.8,141.6,440.2
52.8,128.0,440.2
52.8,136.9,440.2
52.8,126.1,440.2
52.8,135.3,440.2
52.8,124.0,440.2
52.8,133.2,440.2
52.8,122.7,440.1
52.8,130.9,440.1
52.8,121.4,440.1
52.8,130.5,440.1
52.9,120.0,440.1
52.9,129.5,440.1
52.9,119.0,440.1
52.9,127.3,440.1
52.9,118.3,440.1
52.9,126.5,440.1
52.9,118.5,440.1
52.9,126.5,440.1
52.9,118.0,440.1
52.9,125.8,440.1
52.9,134.7,440.1
52.9,128.8,440.1
52.9,138.5,440.1
53.0,126.0,440.1
53.0,136.0,440.1
53.0,123.2,440.1
53.0,130.5,440.1
53.0,139.4,440.1
53.0,135.8,440.1
53.0,144.8,440.1
53.0,130.3,440.1
53.0,138.3,440.1
53.0,147.4,440.1
53.0,140.2,440.1
53.0,148.9,440.1
53.0,134.4,440.1
53.0,144.5,440.2
53.0,151.2,440.2
53.1,143.5,440.2
53.1,152.0,440.2
53.1,136.9,440.2
53.1,145.5,440.1
53.1,151.1,440.1
53.1,143.5,440.1
53.1,150.7,440.1
53.1,138.1,440.1
53.1,146.6,440.1
53.1,133.7,440.1
53.1,143.3,440.1
53.1,153.6,440.1
53.1,142.5,440.1
53.1,152.5,440.1
53.2,135.7,440.1
53.2,146.1,440.1
53.2,153.4,440.1
53.2,145.1,440.1
53.2,153.9,440.1
53.2,138.1,440.1
53.2,148.3,440.1
53.2,153.6,440.1
53.2,146.2,440.1
53.2,150.6,440.1
53.2,127.9,440.1
53.2,130.0,440.1
53.2,131.0,440.1
53.3,133.5,440.1
53.3,120.0,440.1
53.3,128.5,440.1
53.3,132.8,440.1
53.3,143.8,440.1
53.3,155.7,440.1
53.3,165.2,440.1
53.3,155.5,440.1
53.3,161.1,440.1
53.3,146.5,440.1
53.3,157.7,440.1
53.3,138.7,440.1
53.3,149.3,440.1
53.3,156.8,440.1
53.3,147.1,440.1
53.3,154.8,440.1
53.4,139.3,440.1
53.4,150.2,440.1
53.4,133.9,440.1
53.4,143.9,440.1
53.4,153.2,440.1
53.4,142.0,440.1
53.4,152.5,440.1
53.4,136.6,440.1
53.4,146.7,440.1
53.4,153.1,440.1
53.4,143.8,440.1
53.4,151.9,440.1
53.4,137.1,440.1
53.4,145.3,440.1
53.4,150.5,440.1
53.5,146.0,440.1
53.5,149.8,440.1
53.5,139.5,440.1
53.5,149.8,440.1
53.5,134.4,440.1
53.5,143.7,440.1
53.5,150.1,440.1
53.5,142.7,440.1
53.5,149.2,440.1
53.5,136.2,440.1
53.5,145.5,440.1
53.5,131.7,440.1
53.5,141.0,440.1
53.5,150.1,440.1
53.6,140.5,440.1
53.6,149.3,440.1
53.6,134.8,440.1
53.6,144.2,440.1
53.6,131.2,440.1
53.6,140.0,440.1
53.6,149.8,440.1
53.6,140.0,440.1
53.6,148.9,440.1
53.6,133.5,440.1
53.6,142.6,440.1
53.6,131.1,440.1
53.6,140.2,440.1
53.6,149.6,440.1
53.7,139.9,440.1
53.7,148.3,440.1
53.7,133.4,440.2
53.7,143.3,440.2
53.7,150.0,440.1
53.7,143.1,440.2
53.7,146.6,440.2
53.7,135.8,440.2
53.7,145.0,440.2
53.7,132.1,440.2
53.7,141.4,440.2
53.7,150.1,440.2
53.7,141.9,440.2
53.7,145.3,440.2
53.8,135.0,440.2
53.8,140.1,440.2
53.8,131.4,440.2
53.8,137.1,440.2
53.8,128.4,440.2
53.8,131.9,440.2
53.8,126.0,440.2
53.8,129.7,440.2
53.8,124.4,440.2
53.8,131.7,440.2
53.8,123.0,440.2
53.8,129.9,440.3
53.9,120.0,440.3
53.9,126.5,440.3
53.9,120.2,440.3
53.9,127.4,440.3
53.9,119.4,440.3
53.9,127.4,440.3
53.9,120.0,440.3
53.9,128.1,440.3
53.9,119.2,440.3
53.9,127.3,440.3
53.9,118.8,440.3
53.9,126.7,440.3
53.9,135.6,440.3
54.0,128.8,440.3
54.0,136.2,440.3
54.0,126.0,440.3
54.0,134.7,440.3
54.0,142.8,440.3
54.0,137.4,440.3
54.0,143.8,440.3
54.0,132.7,440.3
54.0,142.4,440.3
54.0,146.1,440.3
54.0,143.5,440.3
54.0,145.7,440.3
54.0,136.3,440.3
54.0,145.3,440.3
54.1,132.6,440.3
54.1,142.1,440.3
54.1,147.8,440.3
54.1,142.0,440.4
54.1,146.1,440.3
54.1,135.8,440.3
54.1,144.4,440.3
54.1,146.7,440.3
54.1,141.7,439.7
54.1,147.1,439.6
54.1,137.3,439.5
54.1,146.6,439.5
54.1,133.7,439.5
54.1,143.8,439.5
54.1,150.9,439.5
54.2,143.1,439.5
54.2,149.9,439.5
54.2,136.8,439.5
54.2,147.0,439.5
54.2,132.4,439.5
54.2,142.3,439.5
54.2,150.8,439.5
54.2,141.0,439.5
54.2,150.1,439.5
54.2,133.8,439.5
54.2,143.5,439.5
54.2,150.1,439.5
54.2,143.7,439.5
54.2,149.8,439.5
54.3,137.6,439.5
54.3,147.7,439.5
54.3,133.2,439.5
54.3,143.2,439.5
54.3,150.3,439.5
54.3,141.2,439.5
54.3,147.8,439.5
54.3,135.8,439.5
54.3,145.5,439.5
54.3,149.3,439.5
54.3,144.4,439.5
54.3,148.1,439.5
54.3,138.1,439.5
54.3,147.4,439.5
54.4,133.7,439.5
54.4,143.6,439.5
54.4,149.0,439.5
54.4,140.8,439.5
54.4,148.4,439.5
54.4,136.3,439.5
54.4,145.8,439.5
54.4,132.4,439.5
54.4,141.9,439.5
54.4,149.6,439.5
54.4,140.6,439.5
54.4,148.0,439.5
54.4,135.0,439.5
54.4,144.8,439.5
54.4,149.8,439.5
54.5,143.9,439.5
54.5,148.7,439.5
54.5,137.5,439.5
54.5,147.6,439.5
54.5,132.7,439.5
54.5,142.2,439.5
54.5,149.3,439.5
54.5,141.7,439.5
54.5,147.9,439.5
54.5,135.1,439.5
54.5,143.9,439.5
54.5,131.6,439.5
54.5,141.0,439.5
54.5,150.0,439.5
54.6,139.3,439.5
54.6,148.4,439.5
54.6,135.3,439.5
54.6,145.2,439.5
54.6,131.5,439.5
54.6,140.6,439.5
54.6,150.5,439.5
54.6,139.7,439.5
54.6,149.3,439.5
54.6,134.6,439.5
54.6,143.8,439.5
54.6,148.0,439.5
54.6,143.1,439.5
54.6,147.4,439.5
54.7,137.6,439.5
54.7,147.5,439.5
54.7,131.8,439.5
54.7,140.2,439.5
54.7,148.6,439.5
54.7,142.1,439.5
54.7,147.7,439.5
54.7,136.7,439.6
54.7,145.5,439.6
54.7,131.0,439.6
54.7,140.2,439.6
54.7,147.3,439.6
54.7,140.9,439.6
54.7,147.2,439.6
54.8,135.3,439.6
54.8,143.7,439.6
54.8,131.1,439.6
54.8,138.5,439.6
54.8,126.9,439.6
54.8,134.7,439.6
54.8,124.6,439.6
54.8,133.0,439.6
54.8,123.4,439.6
54.8,132.0,439.6
54.8,121.9,439.6
54.8,131.2,439.6
54.9,120.3,439.6
54.9,129.8,439.6
54.9,119.6,439.6
54.9,129.1,439.6
54.9,118.6,439.6
54.9,127.8,439.7
54.9,118.0,439.6
54.9,127.1,439.7
54.9,117.6,439.7
54.9,126.4,439.7
54.9,117.1,439.7
54.9,126.2,439.7
55.0,117.5,439.7
55.0,126.7,439.7
55.0,133.3,439.7
55.0,128.2,439.7
55.0,135.8,439.7
55.0,125.8,439.7
55.0,134.2,439.7
55.0,140.8,439.7
55.0,137.2,439.7
55.0,143.3,439.7
55.0,131.1,439.7
55.0,140.1,439.7
55.0,128.3,439.7
55.0,135.6,439.8
55.0,144.3,439.8
55.1,139.0,439.8
55.1,149.1,439.8
55.1,133.4,439.8
55.1,141.8,439.8
55.1,150.4,439.8
55.1,141.7,439.8
55.1,149.8,439.8
55.1,135.8,440.0
55.1,143.3,440.0
55.1,132.0,439.9
55.1,141.4,439.9
55.1,152.0,439.9
55.1,141.4,439.9
55.1,151.4,439.9
55.2,134.7,439.9
55.2,144.9,439.9
55.2,152.6,439.9
55.2,143.2,439.9
55.2,153.2,439.9
55.2,136.0,439.9
55.2,146.0,439.9
55.2,153.1,439.9
55.2,145.8,439.9
55.2,151.5,439.9
55.2,137.5,439.9
55.2,145.7,439.9
55.2,133.2,439.9
55.2,141.4,439.9
55.2,149.8,439.9
55.3,143.8,439.9
55.3,150.7,439.9
55.3,136.5,439.9
55.3,145.0,439.9
55.3,151.1,439.9
55.3,145.4,439.9
55.3,148.0,439.9
55.3,137.6,439.9
55.3,147.2,439.9
55.3,133.1,439.9
55.3,141.3,439.9
55.3,148.1,439.9
55.3,143.6,439.9
55.3,148.4,439.9
55.4,135.9,439.9
55.4,145.8,439.9
55.4,131.9,439.9
55.4,141.8,439.9
55.4,128.4,439.9
55.4,137.0,439.9
55.4,145.3,439.9
55.4,138.0,439.9
55.4,147.6,439.9
55.4,133.7,439.9
55.4,143.5,439.9
55.4,150.1,439.9
55.4,143.2,439.9
55.4,148.5,439.9
55.5,137.2,439.9
55.5,147.2,439.9
55.5,131.0,439.9
55.5,140.5,439.9
55.5,148.9,439.9
55.5,141.2,439.9
55.5,151.3,439.9
55.5,134.3,439.9
55.5,143.7,439.9
55.5,148.9,439.9
55.5,143.8,439.9
55.5,148.8,439.9
55.5,136.8,439.9
55.5,146.4,440.0
55.6,133.0,439.9
55.6,143.2,439.9
55.6,149.1,440.0
55.6,141.4,440.0
55.6,149.8,440.0
55.6,135.4,440.0
55.6,143.8,440.0
55.6,131.5,440.0
55.6,141.3,440.0
55.6,149.0,440.0
55.6,141.4,440.0
55.6,147.2,440.0
55.6,134.8,440.0
55.6,142.3,440.0
55.7,130.5,440.0
55.7,140.5,440.0
55.7,146.2,440.0
55.7,140.2,440.0
55.7,146.1,440.1
55.7,134.9,440.1
55.7,143.3,440.1
55.7,131.4,440.1
55.7,139.9,440.1
55.7,148.3,440.1
55.7,140.1,440.1
55.7,148.1,440.1
55.7,134.3,440.1
55.7,144.0,440.1
55.8,130.8,440.1
55.8,139.6,440.1
55.8,143.9,440.1
55.8,140.7,440.1
55.8,140.2,440.1
55.8,137.2,440.1
55.8,133.5,440.1
55.8,131.8,440.1
55.8,130.0,440.1
55.8,129.2,440.1
55.8,128.7,440.1
55.8,128.5,440.1
55.9,127.3,440.1
55.9,127.1,440.1
55.9,125.9,440.1
55.9,126.2,440.1
55.9,126.0,440.1
55.9,125.8,440.1
55.9,124.8,440.1
55.9,124.0,440.1
55.9,123.1,440.1
55.9,121.3,440.1
55.9,123.7,440.1
55.9,120.4,440.1
55.9,125.8,440.1
56.0,119.4,440.1
56.0,127.4,440.2
56.0,119.1,440.2
56.0,127.2,440.2
56.0,133.5,440.2
56.0,130.8,440.2
56.0,136.3,440.2
56.0,128.1,440.2
56.0,136.2,440.2
56.0,126.0,440.2
56.0,134.0,440.2
56.0,142.9,440.2
56.0,135.5,440.2
56.0,143.6,440.2
56.1,131.2,440.2
56.1,141.3,440.2
56.1,147.1,440.2
56.1,140.2,440.2
56.1,148.6,440.2
56.1,134.4,440.4
56.1,141.7,440.4
56.1,149.1,440.4
56.1,143.8,440.3
56.1,148.8,440.4
56.1,137.2,440.4
56.1,147.0,440.4
56.1,132.5,440.4
56.1,141.0,440.4
56.1,149.5,440.2
56.2,141.8,440.2
56.2,150.9,440.2
56.2,137.5,440.2
56.2,147.6,440.2
56.2,149.6,440.2
56.2,145.6,440.2
56.2,149.7,440.2
56.2,137.8,440.2
56.2,147.2,440.2
56.2,133.3,440.2
56.2,143.1,440.2
56.2,149.1,440.2
56.2,143.4,440.2
56.2,148.1,440.2
56.3,135.5,440.2
56.3,144.4,440.2
56.3,132.1,440.2
56.3,142.4,440.2
56.3,150.7,440.2
56.3,141.5,440.2
56.3,148.5,440.2
56.3,134.7,440.2
56.3,144.5,440.2
56.3,130.2,440.2
56.3,138.4,440.2
56.3,147.4,440.2
56.3,140.1,440.2
56.3,150.2,440.2
56.4,134.3,440.2
56.4,144.0,440.2
56.4,149.5,440.2
56.4,144.2,440.2
56.4,148.4,440.2
56.4,136.9,440.2
56.4,145.7,440.2
56.4,132.8,440.2
56.4,142.8,440.2
56.4,148.2,440.2
56.4,142.7,440.2
56.4,148.8,440.2
56.4,135.5,440.2
56.4,144.3,440.2
56.5,131.6,440.2
56.5,141.8,440.2
56.5,147.9,440.2
56.5,141.7,440.2
56.5,147.7,440.2
56.5,134.7,440.3
56.5,143.1,440.3
56.5,130.7,440.3
56.5,139.1,440.3
56.5,148.3,440.3
56.5,139.7,440.3
56.5,148.7,440.3
56.5,134.5,440.3
56.5,144.3,440.3
56.6,130.6,440.3
56.6,139.2,440.3
56.6,147.9,440.3
56.6,140.2,440.3
56.6,150.1,440.3
56.6,134.0,440.3
56.6,142.9,440.3
56.6,149.2,440.3
56.6,143.1,440.3
56.6,147.7,440.3
56.6,137.1,440.4
56.6,145.0,440.4
56.6,132.2,440.4
56.6,140.8,440.4
56.7,129.3,440.4
56.7,138.2,440.4
56.7,146.8,440.4
56.7,139.1,440.4
56.7,147.9,440.4
56.7,133.3,440.4
56.7,142.1,440.4
56.7,147.7,440.3
56.7,143.6,440.3
56.7,146.4,440.3
56.7,136.7,440.4
56.7,144.6,440.4
56.7,132.2,440.6
56.7,141.1,440.6
56.8,129.0,440.6
56.8,138.3,440.6
56.8,144.0,440.6
56.8,138.4,440.6
56.8,140.5,440.6
56.8,135.1,440.6
56.8,135.0,440.6
56.8,130.5,440.6
56.8,130.4,440.6
56.8,128.2,440.6
56.8,129.1,440.6
56.8,126.4,440.6
56.8,128.2,440.6
56.9,124.3,440.6
56.9,127.6,440.6
56.9,123.3,440.6
56.9,126.2,440.6
56.9,122.3,440.6
56.9,124.0,440.6
56.9,121.7,440.7
56.9,121.7,440.7
56.9,121.5,440.7
56.9,121.1,440.7
56.9,121.4,440.7
57.0,121.1,440.7
57.0,121.8,440.7
57.0,122.4,440.7
57.0,124.2,440.7
57.0,125.6,440.7
57.0,127.7,440.7
57.0,127.3,440.7
57.0,129.8,440.7
57.0,131.4,440.7
57.0,132.5,440.7
57.0,133.8,440.7
57.0,134.3,440.7
57.0,135.5,440.7
57.0,136.3,440.7
57.0,137.2,440.7
57.1,137.6,440.7
57.1,138.3,440.7
57.1,139.3,440.7
57.1,137.7,440.0
57.1,140.1,440.0
57.1,140.2,439.8
57.1,140.5,439.8
57.1,141.2,439.8
57.1,140.9,439.8
57.1,141.5,439.8
57.1,141.7,439.8
57.1,141.6,439.8
57.1,142.2,439.8
57.1,141.9,439.7
57.2,142.6,439.7
57.2,142.2,439.7
57.2,142.4,439.7
57.2,143.1,439.7
57.2,142.5,439.7
57.2,144.4,439.7
57.2,142.6,439.7
57.2,142.8,439.7
57.2,143.0,439.7
57.2,144.1,439.7
57.2,142.7,439.6
57.2,142.3,439.6
57.2,142.9,439.6
57.2,142.5,439.7
57.3,142.1,439.7
57.3,142.7,439.7
57.3,141.6,439.7
57.3,143.8,439.7
57.3,141.5,439.7
57.3,141.8,439.7
57.3,142.4,439.7
57.3,142.6,439.7
57.3,142.6,439.7
57.3,142.2,439.7
57.3,142.7,439.7
57.3,142.4,439.7
57.3,142.3,439.7
57.3,142.5,439.7
57.4,142.0,439.7
57.4,142.4,439.7
57.4,141.2,439.7
57.4,142.1,439.7
57.4,141.9,439.6
57.4,142.3,439.6
57.4,142.3,439.6
57.4,141.8,439.6
57.4,142.5,439.6
57.4,142.3,439.7
57.4,143.0,439.7
57.4,142.4,439.7
57.4,142.6,439.7
57.4,143.2,439.7
57.4,142.0,439.7
57.5,144.0,439.7
57.5,143.2,439.7
57.5,143.4,439.7
57.5,142.1,439.7
57.5,141.6,439.7
57.5,143.3,439.7
57.5,140.8,439.7
57.5,141.7,439.7
57.5,142.7,439.7
57.5,141.3,439.7
57.5,141.7,439.7
57.5,142.1,439.7
57.5,142.7,439.7
57.5,141.5,439.7
57.6,141.8,439.7
57.6,143.9,439.7
57.6,142.0,439.7
57.6,143.6,439.7
57.6,141.1,439.7
57.6,140.8,439.7
57.6,142.2,439.7
57.6,142.7,439.7
57.6,142.3,439.7
57.6,140.4,439.7
57.6,140.4,439.8
57.6,141.7,439.8
57.6,139.4,439.8
57.6,139.0,439.8
57.7,139.4,439.8
57.7,140.5,439.8
57.7,137.9,439.8
57.7,140.5,439.8
57.7,140.1,439.8
57.7,142.4,439.8
57.7,139.6,439.8
57.7,141.2,439.8
57.7,141.0,439.8
57.7,142.5,439.8
57.7,142.6,439.9
57.7,140.3,439.9
57.7,140.9,439.9
57.7,140.4,439.9
57.8,140.4,439.9
57.8,140.9,439.9
57.8,138.6,439.9
57.8,136.0,439.9
57.8,136.3,439.9
57.8,132.7,439.8
57.8,131.3,439.8
57.8,128.0,439.8
57.8,128.4,439.8
57.8,126.0,439.8
57.8,125.9,439.8
57.8,125.7,439.8
57.9,126.8,439.8
57.9,128.8,439.8
57.9,128.8,439.8
57.9,127.5,439.8
57.9,127.8,439.8
57.9,127.4,439.8
57.9,126.9,439.8
57.9,126.4,439.8
57.9,125.1,439.8
57.9,122.2,439.8
57.9,125.4,439.8
57.9,121.4,439.8
57.9,126.7,439.8
58.0,120.8,439.8
58.0,129.8,439.8
58.0,119.4,439.8
58.0,128.6,439.8
58.0,133.7,439.8
58.0,131.7,439.8
58.0,136.2,439.8
58.0,127.4,439.8
58.0,135.3,439.8
58.0,125.7,439.8
58.0,133.5,439.8
58.0,141.9,439.8
58.0,136.0,439.8
58.0,145.6,439.8
58.1,131.4,439.8
58.1,140.3,439.8
58.1,147.3,439.8
58.1,140.5,439.8
58.1,148.4,439.8
58.1,134.7,439.8
58.1,143.1,439.8
58.1,148.8,439.8
58.1,143.7,439.8
58.1,148.1,439.8
58.1,137.9,439.8
58.1,147.3,439.8
58.1,133.5,439.8
58.1,142.2,439.8
58.1,150.4,439.8
58.2,142.3,439.8
58.2,149.0,439.8
58.2,137.1,439.8
58.2,147.6,439.8
58.2,132.6,439.8
58.2,142.5,439.8
58.2,151.1,439.8
58.2,141.1,439.8
58.2,150.8,439.8
58.2,135.4,439.8
58.2,144.0,439.8
58.2,150.6,439.8
58.2,143.8,439.8
58.2,149.9,439.8
58.3,137.6,439.8
58.3,148.0,439.8
58.3,132.9,439.8
58.3,143.1,439.8
58.3,151.1,439.8
58.3,140.9,439.8
58.3,149.2,439.8
58.3,135.4,439.8
58.3,145.4,439.8
58.3,151.0,439.8
58.3,144.3,439.8
58.3,149.7,439.8
58.3,137.8,439.8
58.3,147.4,439.8
58.4,133.2,439.8
58.4,143.1,439.8
58.4,149.5,439.8
58.4,140.8,439.8
58.4,148.2,439.8
58.4,134.7,439.8
58.4,144.3,439.8
58.4,147.8,439.8
58.4,144.9,439.8
58.4,148.6,439.8
58.4,137.4,439.8
58.4,146.9,439.8
58.4,134.1,439.8
58.4,143.6,439.8
58.4,149.6,439.8
58.5,142.5,439.8
58.5,148.9,439.8
58.5,135.7,439.8
58.5,145.6,439.8
58.5,131.9,439.8
58.5,141.2,439.8
58.5,149.8,439.8
58.5,140.5,439.8
58.5,149.6,439.8
58.5,134.6,439.8
58.5,143.7,439.8
58.5,149.5,439.8
58.5,144.3,439.8
58.5,148.6,439.8
58.6,137.3,439.8
58.6,147.0,439.8
58.6,133.0,439.8
58.6,142.4,439.8
58.6,149.3,439.8
58.6,141.1,439.8
58.6,147.7,439.8
58.6,136.2,439.8
58.6,144.1,439.8
58.6,132.4,439.8
58.6,141.4,439.9
58.6,146.1,439.8
58.6,141.3,439.8
58.6,145.6,439.9
58.7,135.4,439.9
58.7,145.0,439.8
58.7,131.7,439.9
58.7,141.6,439.9
58.7,147.6,439.8
58.7,140.4,439.9
58.7,145.7,439.9
58.7,135.1,439.9
58.7,144.5,439.9
58.7,130.6,439.9
58.7,139.4,439.9
58.7,147.4,439.9
58.7,140.1,439.9
58.7,146.7,439.9
58.8,133.6,439.9
58.8,142.7,439.9
58.8,130.7,439.9
58.8,140.2,439.9
58.8,128.1,439.9
58.8,135.3,439.9
58.8,124.3,439.9
58.8,131.4,439.9
58.8,122.4,439.9
58.8,129.2,439.9
58.8,121.5,439.9
58.8,129.0,439.9
58.9,120.5,439.9
58.9,129.5,439.9
58.9,119.3,439.9
58.9,126.8,439.9
58.9,119.3,439.9
58.9,128.1,439.9
58.9,118.7,439.9
58.9,126.3,439.9
58.9,118.1,440.0
58.9,126.0,440.0
58.9,118.0,440.0
58.9,126.1,440.0
59.0,117.6,440.0
59.0,125.9,440.0
59.0,117.4,440.0
59.0,124.9,440.0
59.0,132.9,440.0
59.0,128.5,440.0
59.0,136.3,440.0
59.0,126.3,440.0
59.0,135.0,440.0
59.0,141.2,440.0
59.0,136.0,440.0
59.0,142.2,440.0
59.0,132.2,440.0
59.0,142.3,440.0
59.0,145.2,440.0
59.1,142.1,440.0
59.1,146.7,440.0
59.1,135.6,440.0
59.1,144.6,440.0
59.1,131.8,440.0
59.1,140.1,440.0
59.1,148.0,440.0
59.1,141.7,440.0
59.1,149.4,440.0
59.1,133.7,440.0
59.1,143.3,440.0
59.1,148.8,440.0
59.1,144.8,440.0
59.1,149.6,440.0
59.2,138.4,439.9
59.2,148.5,439.9
59.2,133.8,439.9
59.2,144.0,439.9
59.2,149.5,439.9
59.2,140.8,439.9
59.2,149.0,439.9
59.2,136.6,439.9
59.2,146.3,439.9
59.2,131.6,439.9
59.2,140.2,439.9
59.2,148.5,439.9
59.2,140.6,439.9
59.2,150.3,439.9
59.3,134.8,439.9
59.3,145.0,439.9
59.3,129.4,439.9
59.3,137.9,439.9
59.3,146.8,439.9
59.3,140.3,439.9
59.3,149.1,439.9
59.3,135.5,439.9
59.3,145.6,439.9
59.3,151.7,439.9
59.3,143.0,439.9
59.3,151.0,439.9
59.3,136.9,439.9
59.3,146.6,439.9
59.4,132.5,439.9
59.4,142.4,439.9
59.4,150.7,439.9
59.4,140.7,439.9
59.4,150.3,439.9
59.4,135.0,439.9
59.4,144.7,439.9
59.4,148.8,439.9
59.4,143.8,439.9
59.4,149.6,439.9
59.4,137.7,439.9
59.4,147.3,439.9
59.4,133.2,439.9
59.4,142.9,439.9
59.4,149.2,439.9
59.5,141.4,439.9
59.5,149.0,439.9
59.5,133.9,439.9
59.5,143.8,439.9
59.5,131.7,439.9
59.5,139.7,439.9
59.5,147.8,439.9
59.5,140.9,439.9
59.5,150.2,440.0
59.5,135.5,439.9
59.5,145.3,440.0
59.5,129.8,439.9
59.5,139.0,440.0
59.5,149.2,440.0
59.6,140.4,440.0
59.6,150.8,440.0
59.6,135.1,440.0
59.6,145.2,440.0
59.6,150.9,440.0
59.6,142.9,440.0
59.6,149.3,440.0
59.6,137.3,440.0
59.6,146.9,440.0
59.6,132.7,440.0
59.6,141.7,440.0
59.6,146.6,440.0
59.6,141.2,440.0
59.6,146.4,440.0
59.7,136.0,440.0
59.7,145.7,440.0
59.7,132.3,440.0
59.7,142.3,440.0
59.7,147.8,440.0
59.7,140.1,440.0
59.7,147.3,440.0
59.7,134.7,440.0
59.7,144.0,440.0
59.7,129.4,440.1
59.7,137.8,440.1
59.7,146.2,440.1
59.7,140.8,440.1
59.7,148.3,440.1
59.8,133.6,440.1
59.8,143.1,440.1
59.8,129.9,440.1
59.8,139.3,440.1
59.8,127.0,440.1
59.8,136.0,440.1
59.8,124.9,440.1
59.8,132.8,440.1
59.8,123.2,440.1
59.8,132.1,440.1
59.8,121.6,440.1
59.8,130.7,440.1
59.8,136.5,440.1
59.9,132.7,440.1
59.9,135.1,440.1
59.9,130.5,440.1
59.9,132.8,440.1
59.9,127.0,440.1
59.9,130.5,440.1
59.9,125.1,440.1
59.9,129.8,440.1
59.9,123.2,440.1
59.9,128.1,440.1
59.9,121.7,440.1
59.9,129.3,440.1
60.0,120.8,440.1
60.0,128.9,440.1
60.0,120.8,440.2
60.0,129.2,440.2
60.0,137.3,440.2
60.0,130.7,440.2
60.0,139.1,440.2
60.0,127.8,440.2
60.0,137.0,440.2
60.0,143.2,440.2
60.0,137.9,440.2
60.0,144.8,440.2
60.0,132.6,440.2
60.0,138.8,440.3
60.1,129.7,440.3
60.1,137.6,440.3
60.1,146.0,440.3
60.1,138.7,440.3
60.1,148.9,440.3
60.1,133.8,440.2
60.1,143.6,440.2
60.1,149.4,440.2
60.1,142.7,440.4
60.1,148.5,440.4
60.1,137.1,440.4
60.1,146.9,440.4
60.1,131.3,440.3
60.1,140.5,440.4
60.1,149.2,440.4
60.2,142.8,440.4
60.2,151.3,440.4
60.2,134.6,440.4
60.2,144.2,440.4
60.2,150.3,440.4
60.2,145.2,440.4
60.2,150.6,440.4
60.2,138.4,440.4
60.2,147.7,440.4
60.2,133.2,440.4
60.2,141.2,440.4
60.2,150.0,440.4
60.2,142.6,440.4
60.2,150.4,440.4
60.3,135.3,440.4
60.3,145.5,440.4
60.3,131.2,440.4
60.3,139.8,440.4
60.3,148.8,440.4
60.3,140.1,440.4
60.3,150.0,440.4
60.3,135.5,440.4
60.3,145.1,440.4
60.3,130.4,440.4
60.3,138.9,440.4
60.3,147.9,440.4
60.3,140.1,440.4
60.3,148.7,440.4
60.4,134.5,440.4
60.4,144.8,440.4
60.4,130.3,440.4
60.4,140.5,440.4
60.4,146.9,440.4
60.4,140.3,440.4
60.4,146.5,440.4
60.4,133.9,440.4
60.4,142.7,440.4
60.4,130.2,440.4
60.4,139.7,440.4
60.4,147.7,440.4
60.4,140.8,440.4
60.4,146.4,440.4
60.5,133.6,440.4
60.5,143.7,440.4
60.5,128.9,439.9
60.5,138.4,440.0
60.5,126.8,439.7
60.5,135.7,439.7
60.5,144.9,439.7
60.5,138.2,439.7
60.5,148.5,439.7
60.5,132.1,439.7
60.5,141.2,439.7
60.5,150.0,439.7
60.5,141.9,439.7
60.5,150.6,439.7
60.6,134.8,439.7
60.6,144.9,439.7
60.6,130.9,439.7
60.6,139.2,439.7
60.6,148.7,439.7
60.6,141.6,439.7
60.6,150.1,439.7
60.6,134.0,439.7
60.6,142.9,439.7
60.6,130.7,439.7
60.6,138.7,439.7
60.6,147.7,439.7
60.6,139.9,439.8
60.6,149.4,439.8
60.7,133.5,439.8
60.7,143.7,439.8
60.7,130.8,439.8
60.7,139.6,439.8
60.7,146.7,439.8
60.7,140.3,439.8
60.7,146.2,439.8
60.7,134.3,439.8
60.7,143.0,439.8
60.7,130.9,439.8
60.7,140.7,439.8
60.7,146.9,439.8
60.7,139.7,439.8
60.7,145.7,439.8
60.8,134.1,439.8
60.8,143.1,439.8
60.8,130.7,439.8
60.8,140.8,439.8
60.8,127.3,439.8
60.8,135.9,439.8
60.8,124.9,439.8
60.8,133.1,439.9
60.8,123.0,439.9
60.8,131.0,439.9
60.8,121.5,439.9
60.8,129.1,439.9
60.9,120.9,439.9
60.9,130.4,439.9
60.9,136.1,439.9
60.9,132.6,439.9
60.9,134.0,439.9
60.9,128.4,439.9
60.9,134.1,439.9
60.9,126.4,439.9
60.9,131.0,439.9
60.9,124.3,439.9
60.9,128.3,439.9
60.9,123.0,439.9
60.9,125.4,439.9
61.0,121.7,439.9
61.0,125.4,439.9
61.0,121.5,439.9
61.0,127.8,439.9
61.0,120.5,439.9
61.0,128.3,439.9
61.0,120.2,439.9
61.0,128.3,439.9
61.0,136.8,439.9
61.0,130.4,439.9
61.0,138.6,439.9
61.0,127.3,439.9
61.0,136.0,439.9
61.1,125.2,439.9
61.1,133.4,439.9
61.1,142.2,440.0
61.1,135.2,440.0
61.1,144.6,440.0
61.1,131.7,440.2
61.1,139.0,440.2
61.1,147.5,440.1
61.1,140.2,440.1
61.1,147.6,440.1
61.1,134.9,440.1
61.1,145.0,440.1
61.1,129.4,440.1
61.1,136.8,440.1
61.1,145.9,440.1
61.2,140.4,440.0
61.2,151.2,440.0
61.2,135.1,439.9
61.2,145.4,439.9
61.2,151.5,439.9
61.2,144.5,439.9
61.2,151.0,439.9
61.2,136.2,439.9
61.2,144.9,439.9
61.2,133.7,439.9
61.2,141.9,439.9
61.2,149.1,439.9
61.2,140.8,439.9
61.2,149.8,439.9
61.3,136.1,439.9
61.3,144.8,439.9
61.3,130.6,439.9
61.3,139.1,439.9
61.3,148.0,440.0
61.3,141.1,440.0
61.3,148.9,440.0
61.3,135.6,440.0
61.3,144.4,440.0
61.3,130.9,440.0
61.3,140.7,440.0
61.3,147.1,440.0
61.3,139.0,440.0
61.3,148.3,440.0
61.4,134.6,440.0
61.4,144.5,440.0
61.4,130.3,440.0
61.4,140.2,440.0
61.4,146.5,440.0
61.4,140.2,440.0
61.4,145.5,440.0
61.4,134.3,440.0
61.4,141.9,440.0
61.4,130.0,440.0
61.4,139.5,440.0
61.4,146.0,440.0
61.4,139.3,440.0
61.4,144.9,440.0
61.5,134.6,440.0
61.5,143.4,440.0
61.5,130.1,440.0
61.5,139.7,440.0
61.5,144.9,440.0
61.5,140.5,440.0
61.5,144.3,440.0
61.5,134.9,440.0
61.5,143.1,440.0
61.5,130.7,440.0
61.5,140.1,440.0
61.5,127.7,440.0
61.5,137.3,440.0
61.5,146.3,440.0
61.6,138.4,440.0
61.6,146.8,440.0
61.6,133.5,440.0
61.6,142.3,440.0
61.6,128.9,440.0
61.6,138.3,440.1
61.6,147.0,440.0
61.6,139.5,440.0
61.6,147.2,440.1
61.6,132.9,440.1
61.6,141.4,440.1
61.6,147.0,440.1
61.6,143.1,440.1
61.6,145.0,440.1
61.7,136.3,440.1
61.7,142.9,440.1
61.7,132.0,440.1
61.7,140.6,440.1
61.7,129.1,440.1
61.7,137.2,440.1
61.7,143.2,440.1
61.7,139.2,440.1
61.7,143.1,440.1
61.7,133.5,440.1
61.7,141.8,440.1
61.7,129.7,440.3
61.7,137.4,440.3
61.7,144.9,440.3
61.8,139.5,440.3
61.8,144.0,440.4
61.8,134.6,440.4
61.8,140.8,440.4
61.8,131.1,440.4
61.8,137.9,440.4
61.8,128.0,440.4
61.8,134.9,440.4
61.8,125.2,440.4
61.8,130.0,440.4
61.8,123.6,440.4
61.8,129.1,440.4
61.9,122.4,440.4
61.9,129.1,440.4
61.9,121.4,440.4
61.9,129.4,440.4
61.9,120.2,440.4
61.9,128.8,440.4
61.9,119.5,440.4
61.9,127.9,440.4
61.9,118.8,440.4
61.9,124.9,440.4
61.9,118.5,440.4
61.9,125.7,440.4
62.0,118.0,440.4
62.0,126.0,440.4
62.0,117.4,440.4
62.0,125.5,440.4
62.0,117.5,440.4
62.0,124.9,440.4
62.0,133.5,440.4
62.0,128.9,440.4
62.0,137.2,440.4
62.0,126.7,440.4
62.0,135.3,440.4
62.0,142.4,440.4
62.0,136.2,440.4
62.0,142.9,440.5
62.1,131.3,440.5
62.1,139.7,440.5
62.1,128.9,440.5
62.1,137.4,440.5
62.1,146.3,440.5
62.1,138.1,440.5
62.1,146.8,440.5
62.1,133.0,440.5
62.1,141.5,440.5
62.1,148.3,440.5
62.1,142.3,440.5
62.1,147.9,440.4
62.1,136.3,440.3
62.1,144.7,440.3
62.2,132.2,440.3
62.2,141.1,440.3
62.2,149.3,440.3
62.2,142.4,440.2
62.2,149.8,440.2
62.2,135.2,440.2
62.2,143.8,440.2
62.2,131.4,440.2
62.2,139.6,440.3
62.2,149.0,440.3
62.2,140.2,440.3
62.2,150.4,440.3
62.2,134.6,440.3
62.2,144.7,440.3
62.2,149.5,440.3
62.3,144.3,440.3
62.3,148.2,440.3
62.3,136.9,440.3
62.3,146.0,440.3
62.3,132.7,440.3
62.3,142.8,440.3
62.3,148.2,440.3
62.3,142.3,440.3
62.3,149.4,440.3
62.3,135.0,440.3
62.3,143.3,440.3
62.3,131.3,440.3
62.3,140.7,440.3
62.3,148.2,440.3
62.4,141.7,440.3
62.4,148.7,440.3
62.4,134.4,440.2
62.4,144.4,440.2
62.4,131.2,440.2
62.4,140.8,440.2
62.4,147.6,440.2
62.4,140.9,440.2
62.4,147.3,440.2
62.4,134.3,440.2
62.4,142.7,440.2
62.4,147.4,440.2
62.4,144.7,440.2
62.4,147.9,440.2
62.5,138.8,440.2
62.5,146.1,440.2
62.5,131.8,440.2
62.5,141.9,440.3
62.5,128.6,440.3
62.5,137.9,440.3
62.5,146.7,440.3
62.5,139.3,440.3
62.5,147.5,440.3
62.5,134.5,440.3
62.5,144.5,440.3
62.5,147.8,440.3
62.5,143.0,440.3
62.5,149.1,440.3
62.6,135.7,440.3
62.6,144.5,440.3
62.6,132.1,440.3
62.6,142.1,440.3
62.6,147.2,440.3
62.6,142.0,440.3
62.6,146.1,440.3
62.6,136.3,440.3
62.6,144.6,440.3
62.6,131.9,440.3
62.6,141.6,440.3
62.6,145.8,440.3
62.6,141.3,440.3
62.6,145.2,440.3
62.7,134.4,440.4
62.7,143.0,440.4
62.7,130.4,440.4
62.7,140.3,440.4
62.7,144.3,440.4
62.7,141.2,440.4
62.7,145.6,440.4
62.7,134.4,440.4
62.7,143.8,440.4
62.7,130.4,440.4
62.7,139.9,440.4
62.7,145.5,440.4
62.7,141.0,440.4
62.7,146.2,440.4
62.8,134.3,440.4
62.8,142.7,440.4
62.8,131.6,440.4
62.8,141.3,440.4
62.8,127.0,440.4
62.8,134.9,440.4
62.8,124.7,440.4
62.8,132.5,440.3
62.8,123.1,440.3
62.8,132.1,440.3
62.8,121.7,440.3
62.8,129.8,440.3
62.9,120.9,440.3
62.9,129.3,440.3
62.9,121.1,440.3
62.9,129.4,440.3
62.9,134.3,440.3
62.9,131.3,440.3
62.9,132.5,440.3
62.9,128.2,440.3
62.9,129.1,440.3
62.9,125.8,440.3
62.9,113.2,440.4
62.9,121.0,440.4
63.0,114.7,440.4
63.0,121.5,439.7
63.0,129.3,439.7
63.0,126.0,439.5
63.0,132.3,439.5
63.0,124.5,439.5
63.0,133.7,439.5
63.0,122.1,439.5
63.0,130.4,439.5
63.0,139.1,439.5
63.0,133.9,439.5
63.0,140.2,439.5
63.0,129.4,439.5
63.0,137.8,439.5
63.0,143.1,439.5
63.1,140.2,439.5
63.1,143.0,439.5
63.1,133.9,439.5
63.1,142.8,439.5
63.1,130.6,439.5
63.1,140.6,439.5
63.1,145.7,439.4
63.1,140.5,439.4
63.1,145.6,439.4
63.1,134.4,439.4
63.1,142.9,439.4
63.1,129.9,439.5
63.1,138.1,439.5
63.1,147.3,439.4
63.2,141.1,439.4
63.2,150.3,439.4
63.2,135.0,439.4
63.2,145.2,439.4
63.2,150.2,439.4
63.2,143.7,439.4
63.2,149.0,439.4
63.2,137.3,439.4
63.2,147.1,439.4
63.2,133.2,439.4
63.2,142.9,439.4
63.2,149.1,439.4
63.2,141.4,439.4
63.2,148.3,439.4
63.3,135.5,439.4
63.3,143.6,439.4
63.3,131.7,439.4
63.3,141.4,439.4
63.3,149.0,439.4
63.3,140.4,439.4
63.3,148.4,439.4
63.3,134.9,439.4
63.3,144.4,439.4
63.3,148.3,439.4
63.3,142.5,439.4
63.3,146.2,439.4
63.3,136.4,439.4
63.3,146.0,439.4
63.4,133.3,439.4
63.4,143.3,439.4
63.4,129.5,439.4
63.4,139.1,439.4
63.4,149.1,439.4
63.4,138.8,439.4
63.4,148.1,439.4
63.4,133.1,439.4
63.4,142.4,439.4
63.4,149.1,439.4
63.4,142.1,439.4
63.4,148.1,439.4
63.4,135.1,439.4
63.4,144.5,439.4
63.5,132.1,439.4
63.5,141.9,439.4
63.5,148.8,439.4
63.5,141.2,439.4
63.5,148.1,439.4
63.5,135.7,439.4
63.5,145.2,439.4
63.5,131.7,439.4
63.5,141.2,439.4
63.5,147.8,439.4
63.5,140.1,439.4
63.5,147.4,439.4
63.5,134.5,439.4
63.5,143.8,439.4
63.6,130.3,439.4
63.6,139.4,439.4
63.6,148.8,439.4
63.6,140.2,439.4
63.6,148.5,439.4
63.6,134.3,439.4
63.6,143.8,439.4
63.6,147.6,439.4
63.6,143.0,439.4
63.6,146.9,439.4
63.6,137.4,439.4
63.6,146.2,439.4
63.6,131.1,439.4
63.6,140.3,439.4
63.6,146.7,439.4
63.7,142.3,439.4
63.7,145.0,439.5
63.7,136.2,439.5
63.7,141.8,439.5
63.7,132.1,439.5
63.7,141.1,439.5
63.7,129.0,439.5
63.7,138.2,439.5
63.7,144.7,439.5
63.7,138.6,439.5
63.7,145.0,439.5
63.7,132.4,439.5
63.7,141.8,439.5
63.8,130.8,439.5
63.8,140.7,439.5
63.8,144.8,439.6
63.8,138.2,439.6
63.8,144.5,439.6
63.8,133.3,439.6
63.8,142.6,439.6
63.8,129.7,439.6
63.8,139.3,439.6
63.8,126.9,439.6
63.8,136.3,439.6
63.8,140.6,439.6
63.8,138.2,439.6
63.9,121.8,439.6
63.9,129.9,439.6
63.9,119.7,439.6
63.9,127.7,439.6
63.9,119.3,439.6
63.9,127.4,439.6
63.9,134.8,439.6
63.9,131.4,439.6
63.9,133.8,439.6
63.9,127.5,439.6
63.9,132.2,439.6
63.9,125.6,439.6
63.9,131.3,439.6
64.0,123.7,439.6
64.0,130.4,439.6
64.0,122.5,439.6
64.0,130.4,439.6
64.0,121.2,439.6
64.0,129.3,439.6
64.0,120.4,439.6
64.0,128.5,439.6
64.0,135.6,439.6
64.0,131.5,439.6
64.0,137.2,439.6
64.0,128.2,439.6
64.0,137.7,439.7
64.1,140.9,439.7
64.1,137.8,439.7
64.1,142.2,439.7
64.1,133.2,439.7
64.1,141.9,439.7
64.1,129.9,439.7
64.1,139.6,439.7
64.1,145.2,439.7
64.1,140.2,439.7
64.1,145.5,439.7
64.1,133.9,439.7
64.1,143.6,439.7
64.1,130.0,439.6
64.1,139.9,439.6
64.1,147.9,439.6
64.2,140.3,439.6
64.2,149.7,439.6
64.2,133.4,439.6
64.2,143.6,439.6
64.2,148.4,439.6
64.2,142.6,439.6
64.2,148.0,439.6
64.2,137.5,439.6
64.2,145.4,439.6
64.2,133.5,439.6
64.2,143.3,439.6
64.2,148.1,439.6
64.2,141.2,439.6
64.2,148.5,439.6
64.3,135.6,439.6
64.3,144.0,439.6
64.3,132.3,439.6
64.3,142.3,439.6
64.3,148.7,439.6
64.3,140.6,439.6
64.3,147.3,439.6
64.3,134.7,439.6
64.3,144.2,439.6
64.3,131.6,439.6
64.3,141.1,439.6
64.3,146.8,439.6
64.3,140.0,439.6
64.3,148.4,439.6
64.4,134.7,439.6
64.4,144.7,439.6
64.4,129.3,439.6
64.4,138.7,439.6
64.4,149.0,439.6
64.4,139.6,439.6
64.4,150.0,439.6
64.4,134.6,439.6
64.4,144.4,439.6
64.4,149.3,439.6
64.4,142.2,439.6
64.4,147.8,439.6
64.4,133.9,439.6
64.4,142.7,439.6
64.5,132.4,439.6
64.5,141.6,439.6
64.5,148.2,439.6
64.5,142.4,439.6
64.5,148.8,439.6
64.5,136.4,439.6
64.5,145.7,439.6
64.5,132.5,439.6
64.5,141.7,439.6
64.5,149.4,439.6
64.5,140.6,439.6
64.5,147.9,439.6
64.5,135.3,439.6
64.5,143.7,439.6
64.6,131.8,439.6
64.6,141.5,439.6
64.6,148.8,439.6
64.6,140.3,439.6
64.6,148.2,439.6
64.6,133.9,439.6
64.6,142.9,439.6
64.6,130.8,439.6
64.6,140.3,439.6
64.6,148.5,439.6
64.6,139.6,439.6
64.6,148.9,439.6
64.6,134.2,439.6
64.6,143.6,439.6
64.6,147.4,439.6
64.7,143.5,439.6
64.7,145.7,439.7
64.7,135.7,439.7
64.7,142.7,439.7
64.7,133.2,439.7
64.7,142.3,439.7
64.7,129.7,439.7
64.7,139.0,439.7
64.7,143.2,439.7
64.7,139.1,439.7
64.7,143.8,439.7
64.7,133.6,439.7
64.7,142.4,439.7
64.8,129.0,439.7
64.8,138.6,439.7
64.8,146.0,439.7
64.8,138.7,439.7
64.8,143.5,439.7
64.8,133.5,439.7
64.8,141.7,439.7
64.8,130.1,439.7
64.8,139.2,439.8
64.8,126.9,439.8
64.8,136.2,439.8
64.8,124.5,439.8
64.8,132.4,439.8
64.9,124.3,439.8
64.9,133.7,439.8
64.9,122.2,439.8
64.9,131.4,439.8
64.9,120.3,439.8
64.9,129.5,439.8
64.9,136.0,439.8
64.9,131.7,439.8
64.9,134.4,439.8
64.9,128.3,439.8
64.9,132.6,439.8
64.9,126.3,439.8
64.9,132.0,439.8
65.0,124.3,439.8
65.0,129.3,439.8
65.0,122.6,439.8
65.0,129.3,439.8
65.0,121.4,439.8
65.0,129.1,439.8
65.0,120.8,439.8
65.0,128.7,439.8
65.0,120.3,439.8
65.0,127.9,439.8
65.0,136.3,439.8
65.0,132.0,439.8
65.0,137.8,439.8
65.1,126.9,439.9
65.1,135.3,439.9
65.1,125.3,439.9
65.1,133.4,439.9
65.1,142.2,439.9
65.1,135.2,439.9
65.1,145.4,439.9
65.1,131.7,440.1
65.1,139.1,440.1
65.1,147.8,440.0
65.1,141.6,440.0
65.1,147.2,440.1
65.1,134.7,440.1
65.1,143.4,440.1
65.2,131.1,440.1
65.2,139.7,440.1
65.2,148.5,440.1
65.2,139.8,440.1
65.2,148.9,440.1
65.2,134.7,440.1
65.2,144.9,440.1
65.2,151.1,440.1
65.2,143.9,440.1
65.2,149.8,440.1
65.2,136.3,440.1
65.2,145.9,440.0
65.2,132.8,440.0
65.2,142.8,440.0
65.2,150.1,440.0
65.3,141.8,440.0
65.3,147.6,440.0
65.3,135.7,440.0
65.3,144.8,440.0
65.3,132.4,440.0
65.3,142.0,440.0
65.3,146.8,440.0
65.3,141.0,440.0
65.3,147.0,440.0
65.3,133.9,440.0
65.3,142.0,440.0
65.3,130.5,440.0
65.3,138.9,440.0
65.4,127.6,440.1
65.4,135.6,440.1
65.4,144.4,440.1
65.4,137.0,440.1
65.4,147.1,440.1
65.4,132.4,440.1
65.4,142.5,440.1
65.4,146.4,440.1
65.4,141.9,440.1
65.4,145.3,440.1
65.4,137.5,440.1
65.4,146.7,440.1
65.4,131.5,440.1
65.4,141.4,440.1
65.5,128.1,440.1
65.5,136.1,440.1
65.5,144.7,440.1
65.5,139.0,440.1
65.5,147.8,440.1
65.5,132.8,440.1
65.5,142.6,440.1
65.5,147.9,440.1
65.5,143.0,440.1
65.5,147.0,440.1
65.5,135.8,440.1
65.5,144.4,440.1
65.5,131.9,440.1
65.5,141.7,440.1
65.5,147.2,440.1
65.6,141.7,440.1
65.6,145.4,440.1
65.6,135.3,440.1
65.6,143.9,440.1
65.6,131.6,440.1
65.6,139.9,440.1
65.6,147.3,440.1
65.6,141.1,440.1
65.6,147.4,440.1
65.6,134.5,440.1
65.6,142.6,440.1
65.6,131.2,440.1
65.6,140.7,440.2
65.6,146.7,440.1
65.7,141.4,440.2
65.7,146.0,440.2
65.7,134.6,440.2
65.7,143.5,440.2
65.7,130.5,440.2
65.7,139.9,440.2
65.7,144.2,440.2
65.7,140.7,440.2
65.7,142.5,440.2
65.7,134.9,440.2
65.7,142.7,440.2
65.7,130.9,440.2
65.7,139.4,440.2
65.8,127.8,440.2
65.8,137.7,440.2
65.8,145.4,440.2
65.8,137.8,440.2
65.8,144.9,440.2
65.8,132.9,440.2
65.8,142.7,440.3
65.8,129.7,440.3
65.8,138.3,440.3
65.8,146.4,440.3
65.8,138.7,440.3
65.8,143.4,440.3
65.8,132.8,440.3
65.8,137.0,440.3
65.9,129.1,440.3
65.9,135.6,440.3
65.9,127.5,440.3
65.9,131.8,440.3
65.9,125.6,440.3
65.9,128.8,440.3
65.9,123.9,440.3
65.9,128.8,440.3
65.9,123.0,440.3
65.9,127.9,440.3
65.9,122.0,440.3
65.9,126.0,440.3
66.0,121.1,440.3
66.0,124.4,440.3
66.0,120.3,440.3
66.0,124.7,440.3
66.0,119.7,440.3
66.0,125.3,440.3
66.0,119.2,440.3
66.0,126.1,440.3
66.0,119.1,440.3
66.0,127.8,440.3
66.0,118.8,440.3
66.0,126.3,440.3
66.0,134.5,440.3
66.1,129.7,440.3
66.1,137.6,440.3
66.1,126.0,440.4
66.1,134.4,440.4
66.1,123.8,440.4
66.1,131.4,440.4
66.1,139.7,440.4
66.1,135.0,440.6
66.1,142.1,440.6
66.1,131.6,440.6
66.1,140.1,440.6
66.1,146.3,440.6
66.1,141.7,440.6
66.1,146.1,440.6
66.2,134.7,440.4
66.2,143.6,440.4
66.2,131.7,440.4
66.2,140.6,440.4
66.2,147.5,440.4
66.2,140.2,440.4
66.2,148.6,440.4
66.2,135.9,440.4
66.2,146.0,440.4
66.2,130.2,440.3
66.2,138.6,440.3
66.2,148.7,440.3
66.2,138.5,440.3
66.2,147.8,440.3
66.3,135.2,440.3
66.3,145.3,440.3
66.3,130.3,440.3
66.3,139.0,440.4
66.3,147.9,440.4
66.3,140.2,440.4
66.3,149.0,440.4
66.3,134.3,440.4
66.3,142.4,440.4
66.3,129.7,440.4
66.3,138.0,440.4
66.3,146.9,440.4
66.3,139.6,440.4
66.3,147.1,440.4
66.4,134.2,440.4
66.4,143.3,440.4
66.4,131.0,440.4
66.4,139.5,439.8
66.4,146.5,439.9
66.4,138.9,439.6
66.4,146.5,439.6
66.4,134.4,439.6
66.4,142.9,439.6
66.4,130.5,439.6
66.4,140.4,439.6
66.4,127.0,439.6
66.4,135.2,439.6
66.4,144.7,439.6
66.5,138.1,439.6
66.5,147.3,439.6
66.5,132.4,439.6
66.5,141.6,439.6
66.5,147.6,439.6
66.5,141.5,439.6
66.5,146.5,439.6
66.5,135.8,439.6
66.5,144.0,439.6
66.5,132.2,439.6
66.5,142.0,439.6
66.5,146.0,439.6
66.5,140.5,439.6
66.5,146.8,439.6
66.6,136.4,439.6
66.6,145.0,439.6
66.6,130.6,439.6
66.6,140.8,439.7
66.6,119.2,439.7
66.6,126.6,439.7
66.6,124.9,439.7
66.6,131.9,439.7
66.6,138.8,439.7
66.6,136.8,439.7
66.6,138.7,439.7
66.6,133.3,439.7
66.6,139.9,439.7
66.6,147.2,439.7
66.7,142.8,439.7
66.7,150.8,439.7
66.7,134.7,439.7
66.7,143.2,439.7
66.7,126.4,439.8
66.7,126.2,439.8
66.7,125.2,439.8
66.7,126.4,439.7
66.7,124.1,439.9
66.7,125.9,439.9
66.7,126.1,439.9
66.7,130.8,439.9
66.8,125.0,440.0
66.8,130.4,440.0
66.8,124.2,440.0
66.8,131.9,440.0
66.8,139.9,440.0
66.8,135.5,440.0
66.8,144.9,440.0
66.8,153.4,440.0
66.8,143.9,440.0
66.8,154.0,440.0
66.8,137.5,440.0
66.8,147.7,440.0
66.8,133.3,440.0
66.8,142.3,440.0
66.9,129.8,440.0
66.9,140.0,440.0
66.9,126.9,440.0
66.9,136.0,440.0
66.9,124.2,440.0
66.9,133.3,440.0
66.9,123.0,440.0
66.9,132.1,440.0
66.9,121.4,440.0
66.9,130.4,440.0
66.9,120.1,440.0
66.9,128.9,440.0
67.0,119.1,440.0
67.0,128.3,440.0
67.0,118.0,440.0
67.0,126.3,440.0
67.0,118.2,440.0
67.0,126.8,440.1
67.0,132.6,440.1
67.0,129.7,440.1
67.0,134.1,440.1
67.0,126.6,440.1
67.0,135.3,440.1
67.0,124.3,440.1
67.0,133.1,440.1
67.0,138.8,440.1
67.1,134.9,440.1
67.1,139.2,440.1
67.1,131.0,440.1
67.1,140.0,440.1
67.1,127.7,440.1
67.1,136.3,440.1
67.1,125.3,440.1
67.1,133.8,440.1
67.1,143.0,440.1
67.1,135.6,440.1
67.1,144.3,440.1
67.1,130.8,440.1
67.1,139.2,440.1
67.1,145.7,440.1
67.2,140.6,440.1
67.2,145.5,440.0
67.2,135.2,439.9
67.2,144.1,439.9
67.2,131.6,439.9
67.2,140.4,439.9
67.2,146.0,439.9
67.2,141.7,439.9
67.2,144.9,439.9
67.2,134.5,439.9
67.2,143.1,439.9
67.2,130.6,439.9
67.2,140.4,439.9
67.2,145.5,439.9
67.3,140.4,439.9
67.3,144.4,439.9
67.3,134.1,439.9
67.3,144.1,439.9
67.3,130.7,439.9
67.3,140.3,439.9
67.3,127.5,439.9
67.3,135.4,439.9
67.3,144.4,439.9
67.3,137.5,439.9
67.3,146.2,439.9
67.3,132.1,439.9
67.3,140.9,439.9
67.4,129.8,439.9
67.4,138.5,439.9
67.4,146.7,439.9
67.4,138.7,439.9
67.4,147.9,439.9
67.4,133.6,439.9
67.4,142.5,439.9
67.4,130.0,439.9
67.4,138.3,439.9
67.4,147.2,439.9
67.4,139.8,439.9
67.4,149.9,439.9
67.4,133.5,439.9
67.4,141.8,439.9
67.4,148.0,439.9
67.5,142.6,439.9
67.5,147.1,439.9
67.5,136.8,439.9
67.5,147.3,439.9
67.5,132.2,439.9
67.5,142.2,439.9
67.5,128.8,439.9
67.5,138.5,439.9
67.5,147.6,439.9
67.5,137.8,439.9
67.5,147.5,439.9
67.5,132.9,439.9
67.5,142.4,439.9
67.5,146.9,439.9
67.6,143.4,439.9
67.6,146.7,439.9
67.6,136.7,439.9
67.6,147.2,439.9
67.6,131.3,439.9
67.6,141.0,439.9
67.6,145.9,439.9
67.6,140.9,439.9
67.6,146.8,440.0
67.6,136.5,440.0
67.6,145.1,440.0
67.6,131.1,440.0
67.6,140.6,440.0
67.6,145.2,440.0
67.7,141.3,440.0
67.7,145.4,440.0
67.7,135.8,440.0
67.7,143.1,440.0
67.7,130.2,440.0
67.7,139.4,440.0
67.7,127.8,440.0
67.7,136.1,440.0
67.7,143.0,440.0
67.7,138.9,440.0
67.7,143.2,440.0
67.7,132.3,440.0
67.7,141.9,440.0
67.8,129.0,440.0
67.8,139.1,440.1
67.8,126.3,440.1
67.8,134.5,440.1
67.8,143.2,440.0
67.8,137.3,440.0
67.8,145.5,440.0
67.8,131.6,440.0
67.8,141.2,440.0
67.8,128.8,440.0
67.8,138.3,440.0
67.8,125.9,440.0
67.8,134.0,440.0
67.9,125.0,440.0
67.9,133.6,440.0
67.9,122.5,440.0
67.9,132.2,440.0
67.9,135.1,440.0
67.9,133.3,440.0
67.9,132.1,440.0
67.9,129.3,440.0
67.9,129.3,440.0
67.9,127.1,440.0
67.9,114.5,440.0
67.9,122.1,440.0
68.0,114.8,440.0
68.0,122.9,440.0
68.0,115.3,440.0
68.0,123.5,440.0
68.0,115.8,440.0
68.0,123.8,440.0
68.0,130.3,440.0
68.0,127.0,440.0
68.0,132.3,440.0
68.0,124.8,440.0
68.0,133.1,440.1
68.0,123.2,440.1
68.0,132.7,440.1
68.0,138.8,440.1
68.1,134.7,440.1
68.1,140.1,440.1
68.1,129.5,440.1
68.1,138.3,440.1
68.1,127.4,440.1
68.1,135.8,440.1
68.1,144.5,440.1
68.1,137.0,440.1
68.1,146.6,440.1
68.1,131.6,440.1
68.1,141.5,440.1
68.1,145.8,440.0
68.1,141.3,440.0
68.1,147.0,440.0
68.2,135.5,440.0
68.2,144.0,440.0
68.2,131.0,440.0
68.2,140.9,440.0
68.2,128.8,440.0
68.2,138.1,440.0
68.2,148.3,440.0
68.2,138.1,440.0
68.2,148.1,440.0
68.2,133.4,440.0
68.2,143.3,440.0
68.2,149.1,440.0
68.2,142.1,440.0
68.2,147.9,440.0
68.3,134.9,440.0
68.3,144.8,440.0
68.3,131.3,440.0
68.3,141.4,440.0
68.3,148.7,440.0
68.3,141.1,440.0
68.3,147.8,440.0
68.3,134.0,440.0
68.3,143.8,440.0
68.3,131.0,440.0
68.3,140.4,440.0
68.3,148.8,440.0
68.3,136.6,440.0
68.3,144.6,440.0
68.4,133.5,440.0
68.4,142.7,440.0
68.4,131.7,440.0
68.4,140.4,440.0
68.4,149.2,440.0
68.4,141.1,440.0
68.4,148.0,440.0
68.4,135.7,440.0
68.4,145.5,440.0
68.4,131.4,440.0
68.4,141.3,440.0
68.4,145.5,440.0
68.4,140.0,440.0
68.4,146.5,440.0
68.5,134.5,440.0
68.5,144.3,440.0
68.5,131.1,440.0
68.5,141.0,440.0
68.5,147.0,440.0
68.5,139.8,440.0
68.5,145.1,440.0
68.5,134.7,440.0
68.5,144.1,440.0
68.5,130.6,440.0
68.5,140.1,440.0
68.5,146.8,440.0
68.5,139.2,440.0
68.5,145.0,440.0
68.6,134.4,440.0
68.6,144.0,440.0
68.6,130.4,440.0
68.6,140.3,440.0
68.6,145.6,440.0
68.6,136.8,440.0
68.6,143.4,440.0
68.6,132.5,440.0
68.6,140.2,440.0
68.6,131.2,440.0
68.6,140.8,440.0
68.6,146.2,440.0
68.6,141.0,440.0
68.6,145.2,440.0
68.7,136.0,440.0
68.7,144.6,440.0
68.7,131.4,440.0
68.7,141.0,440.0
68.7,127.9,440.0
68.7,137.1,440.0
68.7,145.5,440.0
68.7,137.5,440.1
68.7,144.0,440.1
68.7,131.0,440.1
68.7,140.3,440.1
68.7,129.4,440.1
68.7,138.8,440.1
68.7,143.2,440.1
68.8,139.1,440.1
68.8,142.3,440.1
68.8,133.7,440.1
68.8,141.4,440.1
68.8,130.6,440.1
68.8,140.0,440.1
68.8,127.2,440.1
68.8,136.3,440.1
68.8,143.9,440.1
68.8,137.5,440.1
68.8,144.1,440.1
68.8,131.8,440.1
68.8,140.7,440.2
68.9,128.0,440.2
68.9,137.3,440.2
68.9,126.1,440.2
68.9,132.6,440.2
68.9,123.8,440.2
68.9,129.8,440.2
68.9,122.6,440.2
68.9,126.5,440.2
68.9,121.7,440.2
68.9,125.4,440.2
68.9,121.2,440.2
68.9,124.1,440.2
69.0,120.6,440.2
69.0,122.5,440.2
69.0,120.3,440.2
69.0,123.2,440.2
69.0,119.5,440.2
69.0,125.1,440.2
69.0,118.7,440.2
69.0,126.3,440.2
69.0,119.0,440.2
69.0,126.7,440.2
69.0,135.1,440.2
69.0,131.4,440.2
69.0,136.4,440.2
69.1,125.6,440.2
69.1,133.6,440.2
69.1,124.7,440.2
69.1,133.9,440.2
69.1,142.5,440.2
69.1,135.5,440.2
69.1,145.6,440.2
69.1,131.1,440.2
69.1,140.9,440.2
69.1,127.3,440.2
69.1,136.6,440.2
69.1,145.8,440.2
69.1,138.0,440.2
69.1,148.1,440.2
69.2,132.1,440.2
69.2,141.1,440.2
69.2,147.9,440.2
69.2,141.3,440.2
69.2,146.8,440.2
69.2,135.8,440.2
69.2,145.6,440.2
69.2,132.1,440.2
69.2,142.0,440.2
69.2,147.3,440.1
69.2,141.8,440.1
69.2,147.1,440.1
69.2,135.1,440.1
69.2,145.0,440.2
69.3,131.9,440.2
69.3,142.1,440.1
69.3,147.9,440.2
69.3,139.1,440.2
69.3,146.9,440.2
69.3,135.3,440.2
69.3,145.2,440.2
69.3,131.3,440.2
69.3,141.0,440.2
69.3,147.1,440.2
69.3,139.7,440.2
69.3,144.4,440.2
69.3,135.1,440.2
69.3,144.8,440.2
69.4,129.1,440.2
69.4,138.5,440.2
69.4,145.6,440.2
69.4,140.2,440.2
69.4,144.8,440.2
69.4,135.2,440.2
69.4,144.3,440.2
69.4,129.5,440.2
69.4,138.5,440.2
69.4,126.6,440.2
69.4,135.5,440.2
69.4,144.4,440.2
69.4,137.6,440.2
69.4,147.2,440.2
69.5,132.3,440.2
69.5,141.8,440.2
69.5,147.7,440.2
69.5,142.5,440.2
69.5,146.7,440.2
69.5,136.7,440.2
69.5,146.0,440.2
69.5,132.0,440.2
69.5,141.3,440.2
69.5,129.1,440.2
69.5,138.2,440.2
69.5,147.8,440.2
69.5,134.9,439.6
69.5,144.3,439.7
69.6,132.9,439.4
69.6,142.7,439.4
69.6,129.6,439.4
69.6,139.4,439.4
69.6,148.5,439.4
69.6,138.4,439.4
69.6,148.1,439.4
69.6,133.4,439.4
69.6,142.9,439.4
69.6,130.1,439.4
69.6,139.5,439.4
69.6,148.6,439.4
69.6,138.5,439.4
69.6,147.7,439.4
69.7,133.4,439.4
69.7,143.3,439.4
69.7,129.9,439.4
69.7,138.8,439.4
69.7,147.1,439.4
69.7,138.9,439.4
69.7,146.4,439.4
69.7,134.3,439.5
69.7,143.1,439.5
69.7,128.4,439.5
69.7,137.4,439.5
69.7,127.3,439.5
69.7,136.6,439.5
69.7,144.8,439.5
69.8,137.2,439.5
69.8,144.7,439.5
69.8,131.8,439.5
69.8,140.0,439.5
69.8,129.2,439.5
69.8,137.1,439.5
69.8,144.0,439.5
69.8,138.6,439.5
69.8,144.5,439.5
69.8,132.1,439.5
69.8,139.4,439.5
69.8,128.7,439.5
69.8,137.8,439.5
69.9,126.2,439.5
69.9,134.5,439.6
69.9,124.5,439.6
69.9,132.6,439.6
69.9,123.1,439.6
69.9,132.0,439.6
69.9,121.8,439.6
69.9,130.0,439.6
69.9,120.6,439.6
69.9,129.3,439.6
69.9,119.1,439.6
69.9,127.2,439.6
70.0,118.9,439.6
70.0,128.3,439.6
70.0,117.9,439.6
70.0,127.1,439.6
70.0,117.6,439.6
70.0,126.4,439.6
70.0,132.0,439.6
70.0,129.4,439.6
70.0,133.3,439.6
70.0,127.3,439.6
70.0,134.9,439.6
70.0,124.6,439.6
70.0,133.3,439.6
70.1,123.5,439.6
70.1,130.4,439.7
70.1,138.6,439.7
70.1,133.3,439.7
70.1,141.8,439.7
70.1,129.4,439.7
70.1,137.8,439.7
70.1,143.9,439.7
70.1,140.7,439.9
70.1,142.7,439.9
70.1,134.7,439.9
70.1,143.0,439.9
70.1,131.3,439.9
70.1,140.5,439.9
70.2,127.1,439.9
70.2,136.5,439.9
70.2,144.5,439.9
70.2,137.7,439.9
70.2,147.9,439.9
70.2,132.8,439.9
70.2,142.4,439.9
70.2,129.7,439.9
70.2,139.2,439.9
70.2,147.9,439.9
70.2,137.3,439.9
70.2,145.6,439.9
70.2,132.6,439.8
70.2,141.6,439.8
70.3,129.9,439.8
70.3,139.6,439.8
70.3,149.1,439.8
70.3,137.4,439.8
70.3,145.9,439.8
70.3,132.6,439.8
70.3,142.4,439.8
70.3,130.7,439.8
70.3,140.5,439.8
70.3,149.4,439.8
70.3,137.8,439.8
70.3,147.6,439.8
70.3,134.3,439.8
70.3,143.9,439.8
70.4,129.5,439.8
70.4,138.3,439.8
70.4,144.9,439.8
70.4,139.1,439.8
70.4,144.2,439.8
70.4,133.3,439.8
70.4,142.7,439.8
70.4,129.5,439.8
70.4,139.0,439.9
70.4,126.9,439.8
70.4,134.9,439.9
70.4,143.6,439.9
70.4,137.0,439.9
70.4,145.1,439.9
70.5,132.2,439.9
70.5,141.2,439.9
70.5,129.1,439.9
70.5,137.6,439.9
70.5,145.9,439.9
70.5,139.9,439.9
70.5,145.9,439.9
70.5,132.8,439.9
70.5,141.3,439.9
70.5,129.9,439.9
70.5,138.6,439.9
70.5,145.3,439.9
70.5,140.3,439.9
70.5,145.5,439.9
70.6,134.2,439.9
70.6,143.2,439.9
70.6,130.5,439.9
70.6,139.5,439.9
70.6,127.5,439.9
70.6,135.7,439.9
70.6,144.5,439.9
70.6,138.0,439.9
70.6,146.3,439.9
70.6,132.1,439.9
70.6,140.5,439.9
70.6,129.0,439.9
70.6,137.6,439.9
70.6,146.0,439.9
70.7,139.2,439.9
70.7,145.3,439.9
70.7,133.0,439.9
70.7,142.0,439.9
70.7,129.5,439.9
70.7,137.6,440.0
70.7,126.8,440.0
70.7,135.9,440.0
70.7,144.7,440.0
70.7,137.2,440.0
70.7,143.1,440.0
70.7,131.8,440.0
70.7,140.7,440.0
70.8,128.7,440.0
70.8,138.5,440.0
70.8,143.6,440.0
70.8,138.3,440.0
70.8,143.5,440.0
70.8,133.4,440.1
70.8,141.4,440.1
70.8,129.7,440.1
70.8,138.4,440.0
70.8,127.5,440.0
70.8,137.2,440.1
70.8,144.4,440.1
70.8,137.7,440.1
70.8,138.6,440.1
70.9,132.9,440.1
70.9,134.7,440.1
70.9,129.5,440.1
70.9,130.8,440.1
70.9,128.0,440.1
70.9,114.9,440.1
70.9,122.4,440.1
70.9,114.3,440.1
70.9,122.0,440.1
70.9,114.6,440.1
70.9,122.6,440.1
71.0,114.2,440.1
71.0,122.4,440.1
71.0,115.3,440.1
71.0,124.4,440.1
71.0,115.4,440.1
71.0,124.3,440.1
71.0,128.9,440.1
71.0,127.8,440.1
71.0,128.9,440.1
71.0,125.5,440.1
71.0,130.1,440.1
71.0,123.8,440.1
71.0,132.2,440.1
71.1,122.1,440.1
71.1,130.7,440.1
71.1,121.1,440.1
71.1,129.5,440.1
71.1,138.4,440.1
71.1,132.9,440.1
71.1,141.6,440.1
71.1,128.4,440.3
71.1,137.0,440.3
71.1,143.1,440.3
71.1,137.9,440.3
71.1,145.1,440.3
71.1,132.4,440.3
71.1,140.9,440.3
71.2,129.6,440.3
71.2,138.4,440.4
71.2,145.7,440.4
71.2,138.7,440.4
71.2,147.0,440.4
71.2,134.5,440.3
71.2,142.8,440.3
71.2,129.7,440.2
71.2,139.2,440.2
71.2,146.7,440.2
71.2,139.4,440.2
71.2,147.6,440.2
71.2,135.3,440.2
71.2,145.1,440.2
71.3,130.3,440.2
71.3,140.2,440.2
71.3,146.0,440.1
71.3,138.8,440.1
71.3,145.9,440.1
71.3,133.6,440.1
71.3,141.8,440.1
71.3,130.5,440.1
71.3,140.3,440.1
71.3,147.2,440.1
71.3,140.4,440.1
71.3,144.6,440.1
71.3,134.0,440.1
71.3,142.1,440.1
71.4,130.4,440.1
71.4,139.0,440.1
71.4,127.3,440.1
71.4,136.6,440.2
71.4,145.2,440.2
71.4,136.6,440.2
71.4,145.4,440.2
71.4,133.3,440.2
71.4,143.1,440.2
71.4,128.2,440.2
71.4,136.2,440.2
71.4,145.3,440.2
71.4,137.7,440.2
71.4,147.5,440.2
71.5,133.1,440.2
71.5,143.5,440.2
71.5,130.0,440.2
71.5,139.0,440.2
71.5,145.9,440.2
71.5,139.9,440.2
71.5,144.7,440.2
71.5,134.1,440.2
71.5,142.7,440.2
71.5,130.5,440.2
71.5,140.2,440.2
71.5,145.1,440.2
71.5,139.4,440.2
71.5,144.4,440.2
71.6,134.3,440.2
71.6,144.2,440.2
71.6,129.9,440.2
71.6,139.8,440.2
71.6,127.2,440.2
71.6,136.6,440.2
71.6,145.6,440.2
71.6,137.7,440.2
71.6,146.2,440.2
71.6,132.0,440.2
71.6,140.5,440.2
71.6,128.7,440.2
71.6,137.0,440.2
71.6,146.1,440.2
71.7,139.3,440.2
71.7,146.3,440.2
71.7,132.6,440.2
71.7,142.6,440.2
71.7,129.6,440.2
71.7,139.3,440.3
71.7,145.9,440.3
71.7,140.0,440.3
71.7,143.9,440.3
71.7,133.8,440.3
71.7,143.1,440.3
71.7,129.9,440.2
71.7,138.0,440.2
71.8,127.1,440.3
71.8,136.7,440.4
71.8,143.4,440.5
71.8,137.0,440.5
71.8,143.8,440.5
71.8,132.2,440.5
71.8,132.2,440.5
71.8,123.7,440.5
71.8,125.8,440.5
71.8,123.0,440.5
71.8,117.1,440.5
71.8,124.3,440.5
71.8,133.6,440.5
71.8,144.5,440.5
71.9,140.8,440.5
71.9,144.6,440.5
71.9,135.0,440.5
71.9,137.8,440.5
71.9,131.1,440.6
71.9,133.4,440.6
71.9,128.5,440.6
71.9,132.6,440.6
71.9,125.9,440.6
71.9,130.8,440.6
71.9,124.0,440.6
71.9,128.8,440.6
72.0,122.9,440.6
72.0,127.3,440.6
72.0,122.1,440.6
72.0,126.3,440.6
72.0,121.0,440.6
72.0,126.4,440.6
72.0,120.1,440.6
72.0,127.6,440.6
72.0,119.4,440.6
72.0,127.3,440.6
72.0,118.8,440.6
72.0,127.1,440.6
72.1,118.2,440.6
72.1,126.3,440.6
72.1,134.3,440.6
72.1,129.7,440.6
72.1,138.6,440.6
72.1,126.1,440.6
72.1,134.6,440.6
72.1,124.5,440.6
72.1,133.0,440.6
72.1,141.8,440.6
72.1,134.8,440.6
72.1,142.9,440.6
72.1,130.3,440.6
72.1,139.1,440.6
72.2,127.6,440.6
72.2,136.4,440.6
72.2,145.0,440.6
72.2,138.0,440.6
72.2,145.5,440.6
72.2,132.2,440.4
72.2,140.9,440.5
72.2,129.1,440.5
72.2,137.4,440.5
72.2,146.3,440.4
72.2,139.6,440.4
72.2,146.9,440.4
72.2,131.6,439.8
72.2,140.1,439.8
72.3,129.6,439.6
72.3,138.3,439.6
72.3,146.9,439.6
72.3,139.6,439.6
72.3,148.9,439.6
72.3,135.0,439.6
72.3,143.8,439.6
72.3,130.2,439.6
72.3,140.0,439.6
72.3,147.5,439.6
72.3,139.2,439.6
72.3,146.6,439.6
72.3,133.7,439.6
72.3,143.6,439.6
72.4,130.3,439.6
72.4,140.3,439.6
72.4,146.7,439.6
72.4,138.8,439.6
72.4,146.8,439.6
72.4,133.6,439.6
72.4,142.9,439.6
72.4,130.4,439.6
72.4,139.9,439.6
72.4,147.0,439.5
72.4,138.9,439.5
72.4,146.3,439.5
72.4,133.4,439.5
72.4,141.7,439.5
72.5,130.8,439.6
72.5,139.7,439.6
72.5,146.8,439.6
72.5,140.6,439.6
72.5,145.0,439.6
72.5,134.0,439.6
72.5,142.3,439.6
72.5,130.4,439.6
72.5,140.2,439.6
72.5,146.1,439.6
72.5,139.8,439.6
72.5,145.2,439.6
72.5,135.8,439.6
72.5,145.6,439.6
72.6,130.1,439.6
72.6,140.0,439.6
72.6,127.3,439.6
72.6,136.9,439.6
72.6,146.0,439.6
72.6,136.9,439.6
72.6,147.1,439.6
72.6,132.0,439.6
72.6,142.0,439.6
72.6,145.9,439.6
72.6,142.6,439.6
72.6,145.2,439.6
72.6,135.8,439.6
72.6,145.5,439.6
72.7,131.6,439.6
72.7,140.2,439.6
72.7,129.2,439.6
72.7,139.0,439.6
72.7,148.0,439.6
72.7,138.2,439.6
72.7,146.6,439.6
72.7,131.8,439.6
72.7,140.3,439.6
72.7,128.8,439.7
72.7,137.9,439.7
72.7,146.1,439.7
72.7,139.6,439.7
72.7,145.1,439.7
72.8,133.2,439.7
72.8,142.0,439.7
72.8,130.4,439.7
72.8,140.2,439.7
72.8,126.3,439.8
72.8,134.8,439.8
72.8,143.4,439.8
72.8,137.6,439.8
72.8,146.6,439.8
72.8,131.3,439.6
72.8,141.0,439.6
72.8,128.3,439.6
72.8,137.8,439.6
72.8,146.4,439.6
72.9,139.1,439.6
72.9,142.0,439.6
72.9,133.1,439.6
72.9,136.7,439.6
72.9,130.5,439.6
72.9,135.1,439.6
72.9,126.8,439.6
72.9,129.2,439.6
72.9,124.9,439.7
72.9,127.1,439.7
72.9,124.1,439.7
72.9,125.6,439.7
73.0,122.8,439.7
73.0,111.0,439.7
73.0,117.9,439.7
73.0,112.6,439.7
73.0,120.9,439.7
73.0,126.9,439.7
73.0,124.4,439.7
73.0,128.7,439.7
73.0,122.7,439.7
73.0,130.6,439.7
73.0,121.5,439.7
73.0,129.6,439.7
73.0,135.4,439.7
73.1,133.6,439.7
73.1,136.6,439.7
73.1,129.1,439.7
73.1,137.2,439.7
73.1,126.5,439.7
73.1,134.5,439.7
73.1,142.1,439.7
73.1,136.7,439.7
73.1,142.8,439.7
73.1,132.1,439.7
73.1,140.4,439.7
73.1,129.2,439.7
73.1,137.1,439.7
73.1,145.6,439.7
73.2,138.4,439.7
73.2,145.8,439.7
73.2,133.0,439.7
73.2,142.6,439.7
73.2,129.7,439.7
73.2,139.3,439.7
73.2,147.7,439.7
73.2,140.2,439.7
73.2,147.0,439.7
73.2,133.7,439.7
73.2,142.2,439.7
73.2,131.3,439.7
73.2,141.2,439.7
73.2,148.1,439.6
73.3,140.2,439.7
73.3,149.5,439.6
73.3,134.6,439.7
73.3,144.5,439.7
73.3,129.2,439.7
73.3,138.6,439.7
73.3,147.3,439.7
73.3,139.5,439.7
73.3,149.2,439.7
73.3,134.3,439.7
73.3,144.0,439.7
73.3,149.3,439.7
73.3,142.2,439.7
73.3,146.4,439.7
73.4,137.4,439.7
73.4,147.2,439.7
73.4,132.7,439.7
73.4,142.7,439.7
73.4,146.0,439.7
73.4,141.6,439.7
73.4,145.4,439.7
73.4,136.3,439.7
73.4,145.8,439.7
73.4,131.5,439.7
73.4,141.0,439.7
73.4,146.7,439.7
73.4,140.8,439.7
73.4,146.2,439.7
73.5,133.9,439.7
73.5,143.7,439.7
73.5,131.7,439.7
73.5,141.6,439.7
73.5,146.5,439.7
73.5,141.1,439.7
73.5,145.8,439.7
73.5,135.0,439.7
73.5,144.2,439.7
73.5,131.2,439.7
73.5,140.8,439.7
73.5,146.6,439.7
73.5,140.3,439.7
73.5,145.1,439.7
73.6,134.8,439.7
73.6,143.5,439.7
73.6,130.3,439.7
73.6,140.0,439.7
73.6,146.3,439.7
73.6,140.2,439.7
73.6,145.3,439.7
73.6,134.8,439.7
73.6,143.3,439.7
73.6,129.8,439.7
73.6,139.2,439.7
73.6,126.3,439.7
73.6,134.9,439.7
73.6,144.7,439.7
73.7,136.7,439.7
73.7,146.4,439.7
73.7,131.9,439.7
73.7,141.7,439.7
73.7,129.6,439.7
73.7,138.8,439.7
73.7,149.0,439.7
73.7,138.9,439.7
73.7,148.2,439.7
73.7,133.8,439.7
73.7,141.3,439.7
73.7,129.2,439.8
73.7,138.6,439.8
73.7,146.4,439.8
73.8,139.4,439.8
73.8,145.3,439.8
73.8,133.6,439.8
73.8,141.5,439.8
73.8,129.5,439.8
73.8,137.2,439.8
73.8,144.1,439.8
73.8,140.5,439.8
73.8,144.4,439.8
73.8,135.4,439.8
73.8,144.6,439.8
73.8,129.4,439.8
73.8,138.7,439.8
73.8,144.1,439.8
73.9,141.5,439.8
73.9,139.1,439.8
73.9,136.1,439.8
73.9,135.5,439.8
73.9,132.6,439.8
73.9,131.6,439.8
73.9,128.9,439.8
73.9,128.4,439.8
73.9,128.0,439.9
73.9,126.8,439.9
73.9,126.7,439.9
73.9,125.7,439.9
74.0,125.4,439.9
74.0,123.7,439.9
74.0,123.0,439.9
74.0,122.5,439.9
74.0,122.6,439.9
74.0,122.8,439.9
74.0,123.1,439.9
74.0,123.3,439.9
74.0,124.3,439.9
74.0,124.8,439.9
74.0,126.7,439.9
74.0,127.3,439.9
74.1,129.1,439.9
74.1,130.4,439.9
74.1,131.2,439.9
74.1,132.4,439.9
74.1,133.1,439.9
74.1,134.7,439.9
74.1,134.9,439.9
74.1,136.0,439.9
74.1,136.9,439.9
74.1,137.1,439.9
74.1,136.0,439.9
74.1,137.8,439.9
74.1,138.6,439.9
74.1,138.7,439.9
74.2,138.9,439.9
74.2,139.6,439.9
74.2,140.6,439.9
74.2,139.6,439.9
74.2,139.2,439.9
74.2,141.3,439.9
74.2,140.1,439.9
74.2,140.0,439.9
74.2,141.8,439.9
74.2,139.8,439.9
74.2,142.2,439.9
74.2,140.4,439.9
74.2,141.7,439.9
74.2,142.1,439.9
74.3,139.4,439.9
74.3,141.1,439.9
74.3,141.4,439.8
74.3,141.8,439.9
74.3,141.7,439.9
74.3,141.4,439.9
74.3,140.1,439.9
74.3,141.4,439.9
74.3,140.0,439.9
74.3,141.4,439.9
74.3,141.1,439.9
74.3,141.2,439.9
74.3,141.3,439.9
74.3,141.5,439.9
74.3,140.7,439.9
74.4,141.0,439.9
74.4,140.9,439.9
74.4,140.7,439.9
74.4,141.3,439.9
74.4,140.5,439.9
74.4,139.0,439.9
74.4,138.8,439.9
74.4,141.1,439.9
74.4,140.8,439.9
74.4,140.7,439.9
74.4,140.8,439.9
74.4,139.0,439.9
74.4,140.9,439.9
74.4,140.3,439.9
74.5,138.6,439.9
74.5,140.6,439.9
74.5,139.6,439.9
74.5,139.3,439.9
74.5,140.9,439.9
74.5,140.4,439.9
74.5,139.8,439.9
74.5,137.9,439.9
74.5,141.0,439.9
74.5,141.2,439.9
74.5,140.0,439.9
74.5,140.2,439.9
74.5,140.4,439.9
74.5,139.9,439.9
74.6,138.9,439.9
74.6,140.1,439.9
74.6,140.5,439.9
74.6,140.1,439.9
74.6,140.2,439.9
74.6,140.8,439.9
74.6,140.3,439.9
74.6,138.7,439.9
74.6,140.7,439.9
74.6,138.3,439.9
74.6,140.2,439.9
74.6,140.7,439.9
74.6,140.0,439.9
74.6,139.6,439.9
74.7,139.0,439.9
74.7,139.9,439.9
74.7,139.8,439.9
74.7,140.1,439.9
74.7,139.8,439.9
74.7,138.9,439.9
74.7,139.4,439.9
74.7,139.4,439.9
74.7,139.2,439.9
74.7,139.5,439.9
74.7,139.1,440.0
74.7,137.2,440.0
74.7,139.4,440.0
74.8,137.4,440.0
74.8,138.2,440.0
74.8,136.1,440.0
74.8,138.6,440.0
74.8,136.6,440.0
74.8,138.8,440.0
74.8,136.0,440.0
74.8,139.0,440.0
74.8,138.8,440.0
74.8,135.8,440.0
74.8,138.0,440.0
74.8,136.9,440.0
74.8,136.2,440.0
74.8,138.0,440.0
74.9,136.7,440.0
74.9,138.4,440.0
74.9,132.3,440.0
74.9,132.6,440.0
74.9,129.1,440.0
74.9,129.7,440.0
74.9,125.7,440.0
74.9,125.0,440.1
74.9,122.1,440.0
74.9,121.4,440.1
74.9,120.7,440.1
74.9,119.6,440.1
75.0,119.8,440.1
75.0,118.4,440.1
75.0,117.5,440.1
75.0,118.1,440.1
75.0,117.1,440.1
75.0,119.8,440.1
75.0,117.7,440.1
75.0,121.2,440.1
75.0,118.2,440.1
75.0,123.5,440.1
75.0,117.6,440.1
75.0,125.3,440.1
75.1,117.3,440.1
75.1,124.0,440.2
75.1,118.0,440.2
75.1,127.4,440.2
75.1,133.1,440.2
75.1,128.9,440.2
75.1,134.3,440.2
75.1,126.1,440.2
75.1,134.9,440.2
75.1,123.5,440.4
75.1,130.4,440.4
75.1,122.3,440.4
75.1,130.0,440.4
75.1,138.3,440.4
75.2,132.8,440.4
75.2,137.7,440.4
75.2,128.9,440.4
75.2,135.5,440.4
75.2,125.3,440.4
75.2,129.1,440.4
75.2,122.6,440.4
75.2,125.3,440.3
75.2,123.9,440.3
75.2,129.9,440.3
75.2,120.6,440.3
75.2,125.9,440.3
75.3,123.4,440.3
75.3,131.1,440.3
75.3,136.2,440.3
75.3,134.9,440.3
75.3,140.6,440.3
75.3,148.1,440.3
75.3,141.3,440.3
75.3,147.9,440.3
75.3,137.1,440.3
75.3,143.8,440.3
75.3,134.2,440.3
75.3,143.3,440.3
75.3,130.2,440.3
75.3,138.3,440.3
75.3,145.6,440.3
75.4,139.3,440.3
75.4,145.4,440.3
75.4,134.0,440.3
75.4,142.3,440.3
75.4,130.5,440.3
75.4,139.0,440.4
75.4,128.1,440.4
75.4,137.3,440.4
75.4,143.7,440.4
75.4,138.4,440.4
75.4,144.6,440.4
75.4,132.8,440.4
75.4,141.4,440.4
75.5,129.4,440.4
75.5,138.6,440.4
75.5,126.4,440.4
75.5,135.3,440.4
75.5,145.7,440.4
75.5,135.4,440.4
75.5,145.2,440.4
75.5,130.8,440.4
75.5,140.6,440.4
75.5,144.9,440.4
75.5,141.6,440.4
75.5,144.0,440.4
75.5,135.5,440.4
75.5,144.1,440.4
75.6,130.9,440.4
75.6,139.7,440.4
75.6,128.2,440.4
75.6,135.4,439.9
75.6,144.3,439.8
75.6,138.8,439.7
75.6,146.0,439.7
75.6,132.3,439.7
75.6,140.4,439.7
75.6,129.9,439.7
75.6,138.6,439.7
75.6,145.7,439.7
75.6,138.8,439.7
75.6,145.0,439.7
75.7,135.0,439.7
75.7,145.2,439.7
75.7,129.4,439.7
75.7,138.4,439.7
75.7,144.2,439.7
75.7,139.5,439.7
75.7,144.5,439.7
75.7,134.2,439.7
75.7,142.3,439.7
75.7,130.3,439.8
75.7,138.2,439.8
75.7,127.5,439.7
75.7,135.7,439.7
75.7,141.6,439.7
75.8,138.9,439.7
75.8,141.2,439.7
75.8,133.1,439.7
75.8,140.9,439.7
75.8,129.5,439.8
75.8,138.5,439.8
75.8,126.9,439.8
75.8,135.3,439.8
75.8,141.8,439.8
75.8,138.1,439.8
75.8,142.0,439.8
75.8,132.2,439.8
75.8,141.6,439.8
75.9,128.7,439.8
75.9,137.5,439.8
75.9,125.8,439.8
75.9,135.4,439.8
75.9,124.0,439.8
75.9,132.1,439.8
75.9,122.5,439.8
75.9,130.7,439.8
75.9,121.4,439.8
75.9,128.5,439.8
75.9,120.0,439.8
75.9,126.2,439.8
76.0,119.6,439.8
76.0,124.1,439.8
76.0,119.1,439.9
76.0,123.4,439.9
76.0,119.0,439.9
76.0,123.7,439.9
76.0,118.5,439.9
76.0,125.7,439.9
76.0,118.2,439.9
76.0,125.9,439.9
76.0,117.7,439.9
76.0,125.6,439.9
76.1,117.6,439.9
76.1,125.6,439.9
76.1,133.8,439.9
76.1,128.9,439.9
76.1,137.3,439.9
76.1,125.8,439.9
76.1,134.1,439.9
76.1,124.1,440.1
76.1,130.8,440.1
76.1,139.5,440.1
76.1,134.3,440.1
76.1,142.9,440.1
76.1,130.9,440.1
76.1,137.7,440.1
76.1,145.8,440.1
76.2,140.4,440.1
76.2,145.7,440.1
76.2,135.3,439.9
76.2,144.3,439.9
76.2,131.7,439.9
76.2,141.7,439.9
76.2,145.8,439.9
76.2,141.2,439.9
76.2,146.8,439.9
76.2,134.0,439.9
76.2,142.8,439.9
76.2,130.8,439.9
76.2,140.4,440.0
76.2,145.4,439.9
76.3,140.8,439.9
76.3,145.0,439.9
76.3,134.7,439.9
76.3,144.5,439.9
76.3,129.9,439.9
76.3,139.4,439.9
76.3,144.5,439.9
76.3,138.0,439.9
76.3,143.4,439.9
76.3,134.5,439.9
76.3,143.5,439.9
76.3,131.2,439.9
76.3,139.4,439.9
76.4,128.6,439.9
76.4,138.6,439.9
76.4,144.1,439.9
76.4,137.3,439.9
76.4,143.2,439.9
76.4,132.6,439.9
76.4,140.8,439.9
76.4,129.5,439.9
76.4,138.2,439.9
76.4,126.8,439.9
76.4,134.3,439.9
76.4,143.4,440.0
76.4,136.6,440.0
76.4,146.4,440.0
76.5,131.9,440.0
76.5,142.1,440.0
76.5,128.9,440.0
76.5,137.7,440.0
76.5,146.1,440.0
76.5,138.8,440.0
76.5,144.6,440.0
76.5,134.0,440.0
76.5,142.4,440.0
76.5,129.3,440.0
76.5,139.0,440.0
76.5,145.0,440.0
76.5,140.0,440.0
76.5,143.6,440.0
76.6,133.5,440.0
76.6,142.3,440.0
76.6,129.3,440.0
76.6,139.5,440.0
76.6,126.9,440.0
76.6,135.1,440.0
76.6,144.0,440.0
76.6,136.8,440.0
76.6,146.6,440.0
76.6,132.1,440.0
76.6,141.8,440.0
76.6,128.1,440.0
76.6,137.8,440.0
76.6,145.9,440.0
76.7,137.9,440.0
76.7,145.3,440.0
76.7,133.2,440.0
76.7,143.3,440.0
76.7,129.9,440.0
76.7,139.8,440.0
76.7,144.7,440.0
76.7,140.0,440.0
76.7,143.8,440.0
76.7,133.8,440.0
76.7,142.0,440.0
76.7,130.2,440.1
76.7,139.3,440.1
76.8,127.7,440.1
76.8,137.8,440.3
76.8,142.2,440.3
76.8,136.6,440.3
76.8,142.1,440.3
76.8,132.3,440.3
76.8,141.3,440.3
76.8,128.8,440.3
76.8,138.2,440.3
76.8,126.0,440.3
76.8,135.1,440.3
76.8,144.0,440.3
76.8,135.9,440.3
76.8,144.6,440.3
76.9,131.8,440.3
76.9,142.0,440.3
76.9,128.3,440.3
76.9,136.9,440.3
76.9,126.1,440.3
76.9,134.8,440.3
76.9,139.0,440.3
76.9,135.8,440.3
76.9,133.2,440.3
76.9,130.7,440.4
76.9,127.8,440.4
76.9,125.6,440.4
77.0,124.3,440.4
77.0,123.1,440.4
77.0,123.0,440.4
77.0,122.2,440.4
77.0,121.7,440.4
77.0,120.7,440.4
77.0,121.5,440.4
77.0,121.1,440.4
77.0,122.2,440.4
77.0,122.3,440.4
77.0,123.6,440.4
77.0,123.6,440.4
77.1,124.7,440.4
77.1,126.0,440.4
77.1,126.9,440.4
77.1,128.1,440.4
77.1,128.9,440.4
77.1,130.2,440.4
77.1,131.2,440.4
77.1,132.0,440.4
77.1,133.1,440.4
77.1,133.5,440.4
77.1,133.8,440.4
77.1,130.6,440.4
77.1,134.2,440.4
77.1,135.0,440.4
77.2,135.3,440.4
77.2,135.5,440.4
77.2,135.2,440.3
77.2,137.2,440.3
77.2,137.5,440.3
77.2,140.0,440.3
77.2,138.1,440.3
77.2,136.9,440.3
77.2,135.8,440.3
77.2,132.1,440.3
77.2,130.8,440.3
77.2,128.9,440.3
77.2,128.5,440.3
77.3,126.3,440.3
77.3,124.6,440.2
77.3,122.2,440.2
77.3,120.4,440.2
77.3,118.7,440.2
77.3,118.9,440.2
77.3,119.6,440.2
77.3,122.3,440.2
77.3,127.6,440.2
77.3,131.1,440.2
77.3,134.8,440.2
77.3,140.2,440.3
77.3,147.8,440.3
77.3,154.2,440.3
77.3,155.5,440.3
77.4,152.7,440.3
77.4,152.6,440.3
77.4,151.1,440.3
77.4,150.5,440.3
77.4,148.3,440.2
77.4,148.1,440.2
77.4,146.4,440.2
77.4,145.7,440.2
77.4,145.3,440.2
77.4,145.1,440.2
77.4,143.9,440.2
77.4,144.2,440.2
77.4,142.0,440.2
77.4,143.5,440.2
77.5,140.9,440.2
77.5,141.8,440.2
77.5,141.6,440.2
77.5,141.4,440.2
77.5,141.0,440.2
77.5,140.8,440.2
77.5,140.2,440.2
77.5,140.4,440.3
77.5,139.8,440.3
77.5,141.2,440.3
77.5,139.8,440.3
77.5,140.9,440.3
77.5,139.7,440.3
77.5,140.5,440.3
77.6,140.3,440.3
77.6,139.1,440.3
77.6,138.9,440.3
77.6,139.4,440.3
77.6,139.7,440.3
77.6,140.3,440.3
77.6,139.7,440.3
77.6,139.3,440.3
77.6,137.8,440.3
77.6,139.2,440.3
77.6,137.1,440.3
77.6,137.6,440.3
77.6,138.0,440.3
77.7,138.9,440.3
77.7,137.9,440.3
77.7,137.6,440.3
77.7,137.6,440.3
77.7,137.1,440.3
77.7,138.6,440.3
77.7,138.1,440.3
77.7,137.5,440.3
77.7,137.4,440.3
77.7,137.1,440.3
77.7,138.5,440.3
77.7,136.3,440.3
77.7,134.8,440.4
77.7,136.4,440.4
77.8,136.5,440.4
77.8,135.7,440.4
77.8,135.2,440.4
77.8,135.5,440.4
77.8,135.7,440.4
77.8,135.9,440.4
77.8,136.9,440.4
77.8,134.2,440.5
77.8,135.2,440.5
77.8,135.4,440.3
77.8,136.8,440.3
77.8,136.4,440.3
77.8,137.2,440.3
77.8,137.0,440.3
77.9,136.0,440.3
77.9,135.7,440.3
77.9,137.6,440.3
77.9,134.0,440.3
77.9,133.9,440.3
77.9,130.8,440.3
77.9,130.3,440.3
77.9,129.4,440.3
77.9,125.0,439.8
77.9,124.2,439.8
77.9,124.5,439.6
77.9,125.0,439.6
78.0,120.2,439.6
78.0,124.9,439.6
78.0,119.9,439.6
78.0,123.6,439.6
78.0,119.7,439.6
78.0,121.2,439.6
78.0,119.1,439.6
78.0,120.5,439.6
78.0,119.2,439.6
78.0,121.4,439.6
78.0,119.2,439.6
78.0,123.7,439.6
78.1,118.5,439.6
78.1,125.2,439.6
78.1,118.7,439.6
78.1,126.9,439.6
78.1,118.3,439.6
78.1,127.3,439.7
78.1,117.8,439.7
78.1,125.3,439.7
78.1,134.0,439.7
78.1,130.1,439.7
78.1,138.0,439.7
78.1,126.3,439.7
78.1,134.7,439.7
78.1,141.7,439.7
78.2,136.4,439.7
78.2,144.0,439.7
78.2,131.7,439.7
78.2,140.3,439.7
78.2,128.7,439.7
78.2,137.0,439.7
78.2,144.5,439.7
78.2,138.6,439.7
78.2,145.7,439.7
78.2,132.8,439.7
78.2,142.6,439.7
78.2,129.7,439.6
78.2,139.4,439.6
78.2,146.0,439.6
78.3,140.0,439.6
78.3,146.3,439.6
78.3,134.7,439.6
78.3,144.5,439.6
78.3,130.8,439.6
78.3,140.4,439.6
78.3,146.2,439.6
78.3,139.7,439.6
78.3,145.5,439.6
78.3,133.1,439.6
78.3,142.3,439.6
78.3,130.8,439.6
78.3,139.9,439.6
78.3,144.5,439.6
78.4,140.1,439.6
78.4,145.0,439.6
78.4,135.3,439.6
78.4,145.0,439.6
78.4,130.7,439.6
78.4,139.3,439.6
78.4,126.3,439.6
78.4,135.2,439.6
78.4,143.6,439.6
78.4,137.9,439.6
78.4,147.7,439.6
78.4,133.1,439.6
78.4,142.5,439.6
78.4,147.1,439.6
78.5,141.7,439.6
78.5,146.1,439.6
78.5,136.6,439.6
78.5,146.0,439.6
78.5,131.5,439.6
78.5,140.7,439.6
78.5,144.7,439.6
78.5,140.9,439.6
78.5,145.0,439.6
78.5,135.1,439.6
78.5,144.0,439.6
78.5,131.2,439.6
78.5,140.3,439.6
78.6,128.7,439.6
78.6,138.0,439.6
78.6,146.6,439.6
78.6,137.7,439.6
78.6,146.4,439.6
78.6,132.7,439.6
78.6,141.7,439.6
78.6,128.9,439.6
78.6,137.5,439.6
78.6,145.7,439.6
78.6,138.3,439.6
78.6,146.2,439.6
78.6,133.5,439.6
78.6,142.8,439.6
78.7,130.1,439.6
78.7,139.7,439.6
78.7,145.7,439.6
78.7,139.0,439.6
78.7,144.1,439.6
78.7,134.6,439.6
78.7,144.2,439.6
78.7,130.0,439.6
78.7,139.2,439.6
78.7,127.3,439.6
78.7,136.3,439.6
78.7,146.1,439.6
78.7,136.9,439.7
78.7,145.5,439.7
78.8,131.2,439.7
78.8,140.8,439.7
78.8,129.4,439.7
78.8,139.2,439.7
78.8,144.2,439.7
78.8,138.5,439.7
78.8,143.4,439.7
78.8,133.8,439.7
78.8,143.0,439.7
78.8,128.3,439.7
78.8,137.3,439.7
78.8,142.6,439.7
78.8,139.3,439.7
78.8,142.1,439.7
78.9,133.4,439.7
78.9,141.4,439.7
78.9,131.7,439.8
78.9,139.9,439.8
78.9,128.1,439.8
78.9,135.8,439.8
78.9,124.7,439.8
78.9,133.7,439.8
78.9,124.0,439.8
78.9,129.0,439.8
78.9,121.6,439.8
78.9,128.4,439.8
79.0,120.9,439.8
79.0,128.3,439.8
79.0,120.0,439.8
79.0,125.3,439.8
79.0,119.4,439.8
79.0,125.9,439.8
79.0,119.7,439.8
79.0,123.4,439.8
79.0,118.1,439.8
79.0,124.0,439.8
79.0,118.0,439.8
79.0,125.5,439.8
79.1,117.6,439.8
79.1,126.7,439.8
79.1,117.9,439.8
79.1,125.7,439.8
79.1,133.8,439.8
79.1,129.1,439.8
79.1,137.0,439.8
79.1,126.1,439.8
79.1,134.1,439.8
79.1,124.4,439.8
79.1,131.7,439.8
79.1,139.9,439.8
79.1,134.5,439.8
79.1,142.6,439.8
79.2,130.5,439.8
79.2,139.4,439.8
79.2,144.3,439.8
79.2,140.6,439.8
79.2,144.3,439.8
79.2,134.7,439.8
79.2,143.6,439.8
79.2,130.7,439.8
79.2,140.0,439.8
79.2,127.8,439.8
79.2,137.0,439.8
79.2,145.9,439.7
79.2,138.9,439.7
79.2,147.9,439.8
79.3,132.2,439.7
79.3,142.3,439.7
79.3,130.0,439.8
79.3,139.9,439.8
79.3,148.1,439.8
79.3,138.4,439.7
79.3,147.6,439.8
79.3,133.2,439.8
79.3,141.9,439.8
79.3,128.4,439.8
79.3,137.8,439.8
79.3,148.0,439.8
79.3,139.8,439.8
79.3,147.3,439.8
79.4,133.9,439.8
79.4,144.1,439.8
79.4,130.5,439.8
79.4,140.5,439.8
79.4,147.6,439.8
79.4,139.4,439.8
79.4,146.3,439.8
79.4,134.2,439.8
79.4,143.6,439.8
79.4,129.0,439.8
79.4,138.5,439.8
79.4,145.9,439.8
79.4,139.8,439.8
79.4,145.9,439.8
79.5,134.6,439.8
79.5,144.0,439.8
79.5,128.7,439.8
79.5,138.3,439.8
79.5,146.0,439.8
79.5,139.9,439.8
79.5,143.5,439.8
79.5,135.1,439.8
79.5,144.7,439.8
79.5,130.5,439.8
79.5,139.9,439.8
79.5,145.2,439.8
79.5,140.2,439.8
79.5,144.3,439.8
79.6,135.4,439.8
79.6,144.2,439.8
79.6,130.8,439.8
79.6,140.5,439.8
79.6,126.3,439.8
79.6,134.5,439.8
79.6,144.2,439.8
79.6,138.0,439.8
79.6,146.3,439.8
79.6,132.8,439.8
79.6,142.3,439.8
79.6,129.6,439.8
79.6,139.2,439.8
79.6,146.7,439.8
79.7,138.5,439.8
79.7,146.0,439.8
79.7,133.3,439.8
79.7,143.4,439.8
79.7,129.9,439.8
79.7,139.3,439.8
79.7,145.8,439.8
79.7,138.7,439.8
79.7,145.0,439.8
79.7,134.0,439.8
79.7,143.1,439.8
79.7,130.2,439.8
79.7,138.8,439.8
79.7,142.6,439.8
79.8,139.1,439.8
79.8,141.2,439.8
79.8,135.2,439.8
79.8,142.1,439.8
79.8,131.0,439.8
79.8,140.2,439.8
79.8,127.3,439.8
79.8,136.5,439.9
79.8,142.7,439.8
79.8,138.1,439.9
79.8,144.1,439.9
79.8,132.0,439.9
79.8,141.4,439.9
79.9,128.4,439.9
79.9,138.1,439.9
79.9,127.1,439.9
79.9,135.3,439.9
79.9,139.9,439.9
79.9,137.7,439.9
79.9,121.2,439.9
79.9,130.3,439.9
79.9,120.1,439.9
79.9,127.9,439.9
79.9,117.8,439.9
79.9,125.4,439.9
80.0,117.5,439.9
80.0,124.5,439.9
80.0,116.3,439.9
80.0,123.4,439.9
80.0,116.6,439.9
80.0,124.4,440.0
80.0,117.0,440.0
80.0,124.9,440.0
80.0,117.0,440.0
80.0,124.1,440.0
80.0,116.2,440.0
80.0,124.2,440.0
80.1,117.4,440.0
80.1,124.9,440.0
80.1,116.1,440.0
80.1,123.2,440.1
80.1,116.2,440.1
80.1,122.9,440.1
80.1,128.2,440.1
80.1,126.7,440.1
80.1,127.7,440.1
80.1,119.3,440.3
80.1,109.0,440.3
80.2,104.9,440.3
80.2,101.1,440.3
80.2,99.3,440.3
80.2,97.1,440.3
80.2,97.2,440.2
80.2,98.5,440.3
80.2,96.5,440.3
80.2,100.5,440.3
80.2,101.0,440.3
80.3,104.5,440.3
80.3,103.1,440.3
80.3,105.4,440.3
80.3,105.8,440.3
80.3,107.7,440.3
80.3,108.2,440.3
80.3,111.9,440.3
80.3,107.4,440.3
80.3,109.8,440.2
80.3,112.6,440.2
80.3,115.3,440.2
80.3,113.8,440.2
80.4,115.9,440.2
80.4,114.4,440.2
80.4,115.9,440.2
80.4,115.6,440.2
80.4,118.2,440.3
80.4,116.5,440.3
80.4,119.7,440.3
80.4,117.0,440.3
80.4,119.4,440.3
80.4,117.0,440.3
80.4,119.7,440.3
80.4,117.5,440.3
80.5,120.7,440.3
80.5,118.5,440.3
80.5,122.1,440.3
80.5,118.4,440.3
80.5,124.9,440.3
80.5,117.7,440.3
80.5,122.2,440.3
80.5,117.6,440.3
80.5,121.7,440.3
80.5,118.7,440.3
80.5,122.8,440.3
80.5,118.1,440.3
80.6,121.2,440.3
80.6,118.0,440.3
80.6,121.8,440.3
80.6,118.4,440.3
80.6,123.5,440.3
80.6,117.3,440.3
80.6,121.4,440.3
80.6,118.2,440.3
80.6,124.9,440.3
80.6,117.9,440.3
80.6,123.6,440.3
80.6,120.1,440.3
80.6,126.4,440.3
80.7,119.4,440.3
80.7,127.8,440.3
80.7,133.3,440.3
80.7,130.9,440.4
80.7,139.8,440.4
80.7,145.2,440.4
80.7,137.5,440.4
80.7,145.0,440.4
80.7,132.9,440.4
80.7,138.6,440.4
80.7,129.4,440.4
80.7,134.4,440.4
80.7,128.2,440.4
80.7,134.1,440.4
80.8,125.8,440.4
80.8,132.4,440.4
80.8,137.9,440.4
80.8,135.9,440.4
80.8,142.4,440.5
80.8,132.8,440.5
80.8,140.2,440.5
80.8,147.6,440.4
80.8,143.7,440.4
80.8,150.1,440.4
80.8,157.9,440.4
80.8,148.8,440.5
80.8,156.5,440.5
80.8,141.4,440.5
80.8,150.1,440.5
80.9,135.9,440.5
80.9,144.9,440.5
80.9,151.9,440.5
80.9,144.5,440.5
80.9,152.4,440.5
80.9,138.0,440.5
80.9,146.8,440.5
80.9,133.6,440.5
80.9,141.5,440.5
80.9,130.3,440.5
80.9,138.2,440.5
80.9,127.2,440.5
80.9,135.3,440.5
81.0,125.3,440.5
81.0,133.8,440.5
81.0,123.4,440.5
81.0,129.7,440.5
81.0,122.3,440.5
81.0,129.0,440.5
81.0,121.3,440.5
81.0,126.3,440.5
81.0,120.7,440.5
81.0,124.9,440.5
81.0,119.9,440.5
81.0,124.7,440.5
81.1,119.6,440.5
81.1,126.3,440.5
81.1,118.5,440.5
81.1,127.0,440.5
81.1,118.5,440.5
81.1,126.9,440.5
81.1,117.6,440.6
81.1,125.4,440.6
81.1,134.3,440.6
81.1,128.8,440.8
81.1,136.2,440.8
81.1,125.9,440.8
81.1,135.4,440.8
81.1,140.8,440.8
81.2,136.1,440.8
81.2,141.3,440.8
81.2,132.0,440.8
81.2,140.8,440.8
81.2,128.6,440.7
81.2,138.4,440.7
81.2,126.3,440.7
81.2,134.5,440.7
81.2,143.6,440.6
81.2,137.4,440.6
81.2,144.6,440.6
81.2,131.6,440.6
81.2,140.2,440.6
81.3,128.7,440.7
81.3,138.5,440.7
81.3,146.4,440.7
81.3,137.3,440.7
81.3,146.0,440.7
81.3,131.9,440.7
81.3,138.4,440.0
81.3,130.3,440.1
81.3,136.4,439.7
81.3,127.9,439.7
81.3,137.3,439.7
81.3,144.9,439.7
81.3,137.1,439.7
81.3,143.8,439.7
81.4,131.0,439.7
81.4,140.7,439.7
81.4,128.3,439.7
81.4,136.9,439.7
81.4,143.6,439.8
81.4,138.9,439.8
81.4,142.0,439.8
81.4,132.8,439.8
81.4,141.6,439.8
81.4,129.3,439.8
81.4,137.1,439.8
81.4,126.7,439.8
81.4,136.0,439.8
81.4,143.1,439.8
81.5,138.1,439.8
81.5,143.5,439.8
81.5,131.9,439.8
81.5,140.2,439.8
81.5,129.2,439.8
81.5,137.1,439.8
81.5,125.8,439.8
81.5,132.9,439.8
81.5,140.8,439.8
81.5,135.4,439.8
81.5,142.1,439.8
81.5,131.4,439.8
81.5,138.2,439.8
81.6,128.4,439.8
81.6,135.5,439.8
81.6,125.8,439.8
81.6,133.9,439.8
81.6,141.2,439.8
81.6,135.6,439.8
81.6,144.5,439.8
81.6,131.5,439.8
81.6,139.9,439.8
81.6,129.1,439.8
81.6,138.0,439.8
81.6,145.2,439.8
81.6,139.8,439.8
81.6,143.6,439.8
81.7,135.1,439.8
81.7,144.9,439.8
81.7,129.1,439.8
81.7,137.9,439.8
81.7,127.4,439.8
81.7,136.7,439.8
81.7,143.9,439.8
81.7,136.9,439.9
81.7,143.6,439.9
81.7,132.3,439.9
81.7,142.5,439.9
81.7,128.6,439.9
81.7,138.7,439.9
81.8,125.8,439.9
81.8,134.5,440.1
81.8,141.5,440.1
81.8,136.0,440.1
81.9,49.0,436.7
81.9,52.6,436.7
81.9,57.0,436.7
81.9,61.7,436.7
81.9,66.9,436.7
81.9,72.2,436.7
81.9,78.5,436.7
81.9,81.8,436.7
82.0,84.4,436.7
82.0,87.1,436.7
82.0,89.6,436.7
82.0,91.7,436.7
82.0,94.0,436.7
82.0,96.0,436.7
82.0,98.1,436.7
82.0,100.5,436.7
82.0,103.3,436.7
82.0,105.9,436.7
82.0,107.9,436.7
82.0,111.1,436.7
82.0,113.1,436.7
82.1,115.3,436.7
82.1,118.0,436.8
82.1,120.6,436.8
82.1,121.9,436.8
82.1,123.4,436.8
82.1,125.2,436.8
82.1,125.9,436.8
82.1,127.1,436.8
82.1,127.2,436.8
82.1,129.3,436.8
82.1,128.6,436.8
82.1,129.4,436.8
82.1,130.9,436.8
82.1,132.3,436.8
82.2,132.2,436.8
82.2,132.0,436.8
82.2,131.9,436.8
82.2,133.4,436.7
82.2,134.4,436.7
82.2,133.7,436.7
82.2,134.2,436.7
82.2,137.0,436.7
82.2,137.5,436.7
82.2,138.3,436.7
82.2,137.7,436.6
82.2,136.7,436.6
82.2,136.9,436.6
82.2,137.7,436.6
82.3,141.3,436.6
82.3,143.0,436.6
82.3,143.2,436.6
82.3,143.0,436.6
82.3,142.1,436.6
82.3,141.3,436.6
82.3,141.9,436.6
82.3,142.5,436.6
82.3,142.6,436.6
82.3,141.7,436.6
82.3,142.3,436.6
82.3,141.5,436.6
82.3,139.9,436.6
82.3,140.6,436.6
82.4,140.5,436.6
82.4,139.8,436.6
82.4,139.8,436.6
82.4,139.7,436.6
82.4,138.9,436.6
82.4,139.1,436.6
82.4,138.9,436.6
82.4,139.1,436.6
82.4,138.3,436.6
82.4,138.1,436.6
82.4,138.5,436.6
82.4,138.0,436.6
82.4,139.7,436.6
82.4,138.0,436.6
82.5,136.5,436.6
82.5,136.9,436.6
82.5,137.1,436.6
82.5,136.8,436.6
82.5,136.9,436.6
82.5,138.0,436.6
82.5,138.6,436.6
82.5,137.9,436.6
82.5,136.5,436.6
82.5,136.7,436.6
82.5,136.2,436.6
82.5,136.4,436.6
82.5,136.5,436.6
82.6,137.0,436.6
82.6,136.7,436.6
82.6,136.2,436.6
82.6,136.6,436.6
82.6,136.2,436.6
82.6,136.7,436.6
82.6,136.1,436.6
82.6,136.6,436.6
82.6,137.7,436.6
82.6,136.0,436.6
82.6,136.2,436.6
82.6,135.6,436.6
82.6,136.0,436.7
82.6,136.9,436.7
82.7,136.4,436.7
82.7,135.7,436.7
82.7,136.9,436.7
82.7,136.7,436.7
82.7,135.7,436.7
82.7,136.2,436.7
82.7,135.4,436.7
82.7,134.7,436.7
82.7,136.9,436.7
82.7,136.0,436.7
82.7,137.3,436.7
82.7,135.4,436.7
82.7,135.8,436.7
82.8,135.1,436.7
82.8,137.0,436.7
82.8,136.3,436.7
82.8,133.4,436.7
82.8,134.8,436.8
82.8,134.8,436.8
82.8,134.2,436.8
82.8,135.0,436.8
82.8,132.5,436.8
82.8,133.3,436.8
82.8,133.7,436.6
82.8,134.5,436.6
82.8,134.2,436.7
82.8,134.8,436.7
82.9,133.7,436.7
82.9,135.0,436.7
82.9,134.6,436.7
82.9,134.5,436.7
82.9,134.5,436.7
82.9,135.3,436.7
82.9,132.8,436.7
82.9,134.2,436.7
82.9,131.7,436.7
82.9,134.2,436.8
82.9,130.2,436.8
82.9,131.0,436.8
82.9,128.1,436.8
83.0,127.6,436.8
83.0,123.5,436.8
83.0,122.7,436.8
83.0,111.2,436.8
83.0,119.1,436.8
83.0,111.7,436.8
83.0,118.8,436.8
83.0,112.9,436.8
83.0,121.2,436.8
83.0,113.4,436.8
83.0,120.7,436.8
83.1,114.0,436.8
83.1,121.7,436.8
83.1,114.2,436.8
83.1,122.8,436.8
83.1,115.0,436.8
83.1,122.4,436.8
83.1,115.4,436.8
83.1,122.8,436.8
83.1,131.4,436.8
83.1,126.8,436.8
83.1,134.7,436.8
83.1,124.5,436.9
83.1,132.4,436.9
83.1,138.6,436.9
83.2,135.3,436.9
83.2,138.4,436.9
83.2,131.9,436.9
83.2,139.2,436.9
83.2,128.4,436.9
83.2,136.6,436.9
83.2,125.8,436.9
83.2,133.8,436.9
83.2,142.5,436.9
83.2,135.8,436.9
83.2,143.4,436.9
83.2,130.8,436.9
83.2,139.0,436.9
83.3,128.7,437.0
83.3,138.6,437.0
83.3,143.7,437.0
83.3,138.1,436.9
83.3,142.7,436.8
83.3,132.7,436.8
83.3,140.5,436.8
83.3,129.5,436.8
83.3,137.9,436.8
83.3,143.3,436.8
83.3,139.9,436.9
83.3,142.7,436.9
83.3,134.8,436.9
83.3,143.5,436.9
83.4,130.3,436.9
83.4,138.9,436.9
83.4,127.7,436.9
83.4,137.5,436.9
83.4,142.5,436.9
83.4,137.6,436.9
83.4,141.6,436.9
83.4,132.9,436.9
83.4,141.4,436.9
83.4,129.3,436.9
83.4,137.3,436.9
83.4,126.8,436.9
83.4,134.5,436.9
83.4,142.5,436.9
83.5,137.0,436.9
83.5,141.4,436.9
83.5,131.6,436.9
83.5,139.4,436.9
83.5,128.2,436.9
83.5,135.5,436.9
83.5,143.3,436.9
83.5,138.2,436.9
83.5,143.7,436.9
83.5,133.5,436.9
83.5,140.1,436.9
83.5,129.3,436.9
83.5,136.3,436.9
83.6,127.6,437.0
83.6,134.9,437.0
83.6,142.3,437.0
83.6,137.7,437.0
83.6,143.3,437.0
83.6,132.5,437.0
83.6,140.1,437.0
83.6,129.8,437.0
83.6,138.2,437.0
83.6,127.7,436.9
83.6,137.1,437.0
83.6,144.9,437.0
83.6,137.1,437.0
83.6,144.0,437.0
83.7,132.3,437.0
83.7,142.4,437.0
83.7,129.0,437.0
83.7,138.3,437.0
83.7,143.6,437.0
83.7,138.9,437.0
83.7,142.5,437.0
83.7,133.6,437.0
83.7,142.0,437.0
83.7,128.6,436.5
83.7,138.3,436.6
83.7,127.1,436.3
83.7,135.5,436.3
83.7,145.4,436.3
83.8,136.5,436.3
83.8,142.3,436.4
83.8,132.0,436.4
83.8,140.2,436.4
83.8,128.5,436.4
83.8,136.3,436.4
83.8,126.5,436.5
83.8,135.1,436.5
83.8,124.2,436.4
83.8,132.2,436.4
83.8,140.9,436.4
83.8,135.0,436.5
83.8,141.5,436.5
83.9,130.4,436.5
83.9,140.2,436.5
83.9,127.1,436.5
83.9,135.6,436.5
83.9,126.1,436.5
83.9,135.4,436.5
83.9,142.8,436.5
83.9,134.8,436.5
83.9,142.6,436.5
83.9,130.7,436.5
83.9,137.6,436.5
83.9,127.9,436.5
83.9,134.7,436.5
84.0,125.6,436.5
84.0,131.3,436.5
84.0,124.2,436.5
84.0,126.7,436.6
84.0,122.5,436.6
84.0,124.4,436.6
84.0,122.2,436.6
84.0,122.0,436.6
84.0,122.2,436.6
84.0,120.2,436.5
84.0,121.1,436.5
84.1,120.3,436.5
84.1,121.0,436.5
84.1,121.0,436.5
84.1,122.2,436.5
84.1,122.6,436.6
84.1,123.3,436.6
84.1,124.9,436.6
84.1,125.4,436.6
84.1,125.4,436.6
84.1,127.2,436.6
84.1,129.3,436.6
84.1,129.4,436.6
84.1,131.5,436.6
84.1,131.3,436.6
84.2,132.3,436.6
84.2,132.9,436.6
84.2,133.1,436.6
84.2,134.6,436.6
84.2,134.0,436.6
84.2,134.9,436.7
84.2,134.7,436.7
84.2,135.4,436.6
84.2,135.7,436.6
84.2,136.0,436.6
84.2,135.3,436.6
84.2,136.0,436.6
84.2,135.8,436.6
84.2,135.7,436.6
84.3,136.7,436.6
84.3,136.6,436.6
84.3,136.4,436.6
84.3,136.9,436.6
84.3,136.5,436.6
84.3,137.6,436.6
84.3,137.0,436.6
84.3,137.0,436.6
84.3,136.7,436.5
84.3,137.1,436.5
84.3,137.2,436.5
84.3,137.6,436.5
84.3,136.9,436.5
84.4,136.8,436.5
84.4,137.3,436.6
84.4,136.7,436.6
84.4,137.1,436.6
84.4,137.4,436.6
84.4,137.5,436.6
84.4,137.1,436.6
84.4,137.6,436.6
84.4,137.3,436.6
84.4,137.2,436.6
84.4,137.4,436.6
84.4,136.7,436.6
84.4,136.9,436.6
84.4,137.2,436.6
84.5,138.3,436.6
84.5,137.0,436.6
84.5,136.8,436.6
84.5,136.9,436.6
84.5,136.7,436.6
84.5,137.3,436.6
84.5,137.2,436.6
84.5,137.4,436.6
84.5,136.8,436.6
84.5,137.6,436.6
84.5,137.5,436.6
84.5,138.1,436.6
84.5,137.2,436.6
84.5,137.0,436.6
84.6,137.5,436.6
84.6,136.8,436.6
84.6,137.6,436.6
84.6,136.7,436.6
84.6,137.1,436.6
84.6,137.2,436.6
84.6,136.8,436.7
84.6,137.1,436.7
84.6,137.0,436.7
84.6,137.3,436.7
84.6,136.8,436.7
84.6,137.2,436.7
84.6,136.9,436.7
84.7,136.7,436.7
84.7,136.4,436.7
84.7,136.4,436.7
84.7,135.2,436.7
84.7,136.4,436.7
84.7,136.6,436.7
84.7,136.1,436.7
84.7,136.4,436.7
84.7,136.9,436.7
84.7,136.4,436.7
84.7,137.2,436.7
84.7,136.8,436.7
84.7,137.3,436.7
84.7,136.5,436.7
84.8,136.4,436.7
84.8,136.2,436.7
84.8,135.8,436.7
84.8,136.3,436.7
84.8,135.6,436.8
84.8,135.3,436.8
84.8,135.3,436.8
84.8,136.3,436.8
84.8,135.1,436.8
84.8,134.3,436.8
84.8,134.4,436.9
84.8,135.0,436.9
84.8,135.0,436.9
84.9,134.7,436.9
84.9,134.6,437.0
84.9,134.3,436.9
84.9,132.8,436.9
84.9,134.7,436.9
84.9,135.0,436.9
84.9,134.8,436.9
84.9,135.3,436.9
84.9,135.6,436.9
84.9,135.5,436.9
84.9,133.9,436.9
84.9,131.6,436.9
84.9,129.8,436.9
85.0,127.9,436.9
85.0,126.4,436.9
85.0,124.7,436.9
85.0,123.4,436.9
85.0,122.5,436.9
85.0,120.8,436.9
85.0,120.1,436.9
85.0,118.9,437.0
85.0,119.0,437.0
85.0,117.8,437.0
85.0,118.8,437.0
85.0,117.4,437.0
85.1,118.6,437.0
85.1,118.5,437.0
85.1,119.6,437.1
85.1,119.8,437.0
85.1,121.5,437.0
85.1,122.4,437.1
85.1,123.5,437.1
85.1,125.3,437.1
85.1,125.5,437.1
85.1,127.6,437.3
85.1,127.7,437.3
85.1,129.6,437.3
85.1,130.2,437.3
85.2,130.8,437.3
85.2,131.7,437.3
85.2,132.1,437.3
85.2,132.7,437.3
85.2,132.4,437.3
85.2,133.0,437.3
85.2,134.2,437.3
85.2,134.6,437.3
85.2,135.0,437.3
85.2,135.6,437.3
85.2,136.3,437.3
85.2,136.2,437.3
85.2,136.4,437.3
85.2,136.1,437.4
85.3,136.8,437.4
85.3,136.9,437.3
85.3,137.0,437.3
85.3,138.0,437.3
85.3,135.6,437.3
85.3,136.3,437.3
85.3,136.2,437.3
85.3,137.4,437.2
85.3,137.3,437.2
85.3,137.0,437.2
85.3,134.9,437.2
85.3,135.1,437.2
85.3,135.1,437.2
85.4,134.6,437.2
85.4,134.5,437.2
85.4,134.3,437.2
85.4,133.9,437.2
85.4,134.4,437.2
85.4,134.5,437.2
85.4,134.4,437.2
85.4,134.4,437.2
85.4,134.8,437.2
85.4,134.2,437.2
85.4,134.6,437.3
85.4,134.0,437.3
85.4,134.8,437.3
85.4,134.8,437.3
85.5,135.1,437.3
85.5,134.7,437.3
85.5,135.3,437.3
85.5,135.6,437.3
85.5,135.3,437.3
85.5,135.3,437.3
85.5,135.3,437.3
85.5,134.8,437.3
85.5,135.9,437.3
85.5,136.2,437.3
85.5,135.8,437.3
85.5,136.0,437.3
85.5,136.1,437.3
85.6,135.7,437.3
85.6,136.2,437.3
85.6,136.2,437.3
85.6,136.3,437.3
85.6,136.2,437.3
85.6,136.4,437.3
85.6,135.8,437.3
85.6,136.0,437.3
85.6,136.4,437.3
85.6,136.0,437.3
85.6,136.1,437.3
85.6,136.6,437.3
85.6,136.5,437.3
85.6,136.1,437.4
85.7,136.5,437.4
85.7,135.8,437.4
85.7,135.9,437.4
85.7,136.1,437.4
85.7,135.9,437.4
85.7,135.1,437.1
85.7,136.1,437.0
85.7,135.9,436.9
85.7,135.5,436.9
85.7,135.9,436.9
85.7,135.7,436.9
85.7,135.2,436.9
85.7,135.9,436.9
85.7,135.6,436.9
85.8,134.7,436.9
85.8,135.9,436.9
85.8,135.7,436.9
85.8,135.6,436.9
85.8,135.5,436.9
85.8,135.3,436.9
85.8,134.5,437.0
85.8,134.4,437.0
85.8,133.4,437.0
85.8,134.2,437.0
85.8,134.0,437.0
85.8,134.3,437.0
85.8,134.7,437.0
85.9,135.0,437.0
85.9,134.5,437.0
85.9,134.4,437.0
85.9,134.0,437.1
85.9,134.2,437.1
85.9,134.4,437.1
85.9,134.9,437.1
85.9,135.6,437.1
85.9,135.0,437.1
85.9,135.4,437.1
85.9,132.7,437.1
85.9,131.1,437.1
85.9,129.2,437.1
86.0,128.5,437.1
86.0,127.8,437.1
86.0,125.1,437.1
86.0,122.9,437.1
86.0,122.3,437.1
86.0,121.8,437.1
86.0,121.2,437.1
86.0,121.0,437.1
86.0,120.7,437.1
86.0,119.6,437.1
86.0,119.0,437.1
86.1,107.3,437.1
86.1,114.9,437.1
86.1,109.2,437.1
86.1,117.9,437.1
86.1,123.4,437.2
86.1,121.0,437.1
86.1,125.4,437.1
86.1,120.5,437.1
86.1,127.8,437.1
86.1,119.6,437.3
86.1,126.1,437.3
86.1,119.4,437.3
86.1,127.4,437.3
86.1,134.8,437.4
86.2,130.4,437.4
86.2,136.6,437.4
86.2,127.4,437.4
86.2,136.2,437.4
86.2,124.9,437.2
86.2,133.0,437.2
86.2,140.3,437.2
86.2,134.9,437.2
86.2,140.4,437.2
86.2,131.3,437.2
86.2,139.4,437.2
86.2,127.8,437.2
86.2,137.2,437.2
86.2,142.6,437.2
86.3,138.0,437.2
86.3,143.8,437.2
86.3,133.4,437.2
86.3,141.8,437.2
86.3,129.6,437.2
86.3,138.6,437.3
86.3,127.1,437.3
86.3,134.9,437.3
86.3,142.7,437.2
86.3,137.7,437.2
86.3,141.1,437.2
86.3,132.1,437.2
86.3,139.8,437.2
86.4,128.7,437.2
86.4,137.2,437.2
86.4,126.4,437.2
86.4,135.2,437.2
86.4,141.6,437.2
86.4,136.4,437.2
86.4,140.5,437.2
86.4,132.6,437.2
86.4,140.5,437.2
86.4,128.7,437.2
86.4,136.9,437.2
86.4,126.7,437.2
86.4,135.1,437.2
86.4,142.6,437.2
86.5,136.0,437.2
86.5,140.8,437.2
86.5,131.3,437.2
86.5,138.7,437.2
86.5,127.0,437.2
86.5,132.5,437.2
86.5,125.4,437.3
86.5,130.9,437.3
86.5,136.9,437.3
86.5,135.5,437.3
86.5,141.0,437.3
86.5,129.8,437.3
86.5,134.0,437.3
86.6,129.0,437.3
86.6,134.8,437.3
86.6,126.9,437.3
86.6,132.9,437.3
86.6,138.8,437.3
86.6,136.8,437.3
86.6,142.5,437.3
86.6,132.4,437.3
86.6,138.0,437.3
86.6,130.3,437.3
86.6,136.8,437.3
86.6,128.0,437.3
86.6,134.9,437.3
86.6,142.9,437.3
86.7,137.9,437.3
86.7,146.0,437.3
86.7,133.0,437.3
86.7,140.9,437.3
86.7,129.9,437.3
86.7,137.7,437.3
86.7,145.0,437.3
86.7,139.3,437.3
86.7,143.3,437.4
86.7,134.2,437.4
86.7,140.7,437.4
86.7,130.7,437.4
86.7,138.4,437.4
86.8,127.4,437.3
86.8,136.3,437.5
86.8,125.2,437.5
86.8,132.3,437.5
86.8,140.0,437.5
86.8,134.0,437.5
86.8,139.4,437.5
86.8,130.8,437.5
86.8,136.9,437.5
86.8,127.5,437.5
86.8,133.2,437.5
86.8,127.4,437.6
86.8,132.9,437.6
86.9,139.5,437.6
86.9,135.7,437.6
86.9,140.8,437.6
86.9,131.7,437.6
86.9,138.2,437.6
86.9,128.2,437.6
86.9,134.0,437.6
86.9,126.1,437.6
86.9,131.9,437.6
86.9,125.0,437.7
86.9,132.2,437.7
86.9,139.6,437.7
86.9,135.5,437.7
86.9,139.3,437.7
87.0,132.3,437.7
87.0,118.1,437.7
87.0,126.4,437.7
87.0,117.9,437.7
87.0,125.8,437.7
87.0,118.3,437.7
87.0,125.3,437.7
87.0,117.8,437.7
87.0,123.0,437.7
87.0,117.7,437.7
87.0,121.6,437.7
87.1,117.8,437.7
87.1,122.1,437.7
87.1,117.7,437.7
87.1,123.6,437.7
87.1,117.5,437.7
87.1,125.7,437.7
87.1,117.2,437.7
87.1,125.6,437.7
87.1,117.1,437.7
87.1,125.1,437.7
87.1,133.0,437.8
87.1,128.2,437.8
87.1,136.7,437.8
87.2,125.5,437.8
87.2,134.3,437.8
87.2,123.7,437.7
87.2,132.4,437.6
87.2,138.5,437.6
87.2,133.8,437.6
87.2,139.3,437.6
87.2,130.0,437.6
87.2,137.8,437.6
87.2,126.3,437.6
87.2,132.9,437.6
87.2,124.7,437.6
87.2,131.3,437.6
87.2,138.8,437.6
87.3,134.1,437.6
87.3,140.6,437.6
87.3,129.1,437.6
87.3,134.2,437.6
87.3,127.6,437.5
87.3,135.4,437.5
87.3,141.6,437.5
87.3,137.8,437.5
87.3,144.3,437.5
87.3,133.3,437.5
87.3,139.3,437.5
87.3,130.3,437.5
87.3,137.0,437.5
87.4,127.5,437.5
87.4,134.1,437.5
87.4,140.7,437.5
87.4,137.7,437.5
87.4,144.1,437.5
87.4,133.1,437.5
87.4,140.1,437.5
87.4,129.8,437.5
87.4,136.4,437.5
87.4,143.5,437.5
87.4,140.2,437.5
87.4,143.3,437.4
87.4,134.0,437.4
87.4,140.9,437.4
87.5,131.6,437.4
87.5,139.8,437.5
87.5,129.1,437.5
87.5,137.7,437.5
87.5,144.8,437.5
87.5,139.4,437.5
87.5,144.7,437.5
87.5,133.7,437.5
87.5,141.9,437.5
87.5,129.4,437.5
87.5,137.4,437.5
87.5,126.9,437.5
87.5,135.1,437.5
87.5,143.4,437.5
87.6,137.6,437.5
87.6,143.6,437.5
87.6,131.5,437.4
87.6,139.5,437.4
87.6,128.8,437.4
87.6,138.0,437.4
87.6,126.2,437.4
87.6,134.8,437.4
87.6,142.5,437.4
87.6,137.0,437.4
87.6,141.6,437.4
87.6,131.2,437.4
87.6,140.2,437.4
87.7,127.9,437.4
87.7,137.3,437.4
87.7,125.6,437.4
87.7,133.2,437.5
87.7,141.1,437.5
87.7,136.6,437.5
87.7,142.3,437.5
87.7,130.1,437.5
87.7,136.1,437.5
87.7,127.5,437.5
87.7,135.3,437.5
87.7,141.0,437.5
87.7,137.6,437.5
87.7,142.0,437.5
87.8,133.7,437.5
87.8,138.5,437.0
87.8,131.9,437.1
87.8,137.4,436.8
87.8,127.6,436.8
87.8,136.6,436.8
87.8,126.4,436.8
87.8,134.8,436.8
87.8,142.2,436.7
87.8,136.7,436.7
87.8,140.5,436.7
87.8,133.1,436.7
87.8,140.3,436.7
87.9,128.6,436.7
87.9,138.6,436.8
87.9,126.6,436.8
87.9,135.6,436.8
87.9,125.0,436.8
87.9,135.1,436.8
87.9,141.0,436.8
87.9,134.5,436.8
87.9,140.4,436.8
87.9,129.5,436.8
87.9,137.8,436.8
87.9,127.6,436.8
87.9,136.7,436.8
88.0,124.0,436.8
88.0,133.5,436.8
88.0,122.6,436.8
88.0,131.3,436.8
88.0,121.3,436.8
88.0,125.5,436.8
88.0,120.6,436.8
88.0,123.6,436.8
88.0,120.3,436.8
88.0,122.3,436.8
88.0,119.7,436.8
88.1,108.6,436.8
88.1,116.1,436.8
88.1,110.2,436.8
88.1,118.2,436.8
88.1,111.0,436.8
88.1,118.8,436.8
88.1,112.4,436.8
88.1,120.4,436.8
88.1,113.3,436.8
88.1,120.8,436.8
88.1,129.2,436.9
88.1,124.5,436.9
88.1,133.7,436.9
88.2,122.6,436.9
88.2,132.3,436.9
88.2,121.9,436.9
88.2,131.7,436.9
88.2,138.2,436.9
88.2,132.0,436.9
88.2,138.4,436.9
88.2,128.2,436.9
88.2,136.4,436.9
88.2,126.1,436.9
88.2,135.8,436.9
88.2,123.9,436.9
88.2,131.6,436.9
88.2,140.2,436.9
88.3,134.2,436.9
88.3,144.0,436.9
88.3,129.7,436.8
88.3,139.7,436.8
88.3,125.6,436.8
88.3,124.8,436.9
88.3,126.2,436.9
88.3,135.8,436.9
88.3,146.5,436.9
88.3,136.8,436.9
88.3,146.0,436.9
88.3,132.0,436.9
88.3,142.5,436.9
88.3,128.7,436.9
88.3,139.1,436.9
88.3,145.6,436.9
88.3,138.1,436.9
88.3,143.5,436.9
88.3,132.9,436.9
88.3,142.6,436.9
88.3,129.1,436.9
88.3,138.9,436.9
88.3,126.8,436.9
88.3,136.7,436.9
88.3,143.2,436.9
88.3,135.7,436.9
88.3,142.0,436.9
88.3,131.5,436.9
88.3,138.2,436.9
88.3,128.2,436.9
88.3,137.9,436.9
88.3,125.7,436.9
88.3,134.5,436.9
88.3,143.2,436.9
88.3,136.1,436.9
88.3,142.4,436.9
88.3,130.8,436.9
88.3,139.5,436.9
88.3,128.3,436.9
88.3,138.1,436.9
88.3,126.3,436.9
88.3,136.1,436.9
88.3,142.9,436.9
88.3,135.4,436.9
88.3,141.7,436.9
88.3,131.3,436.9
88.3,140.9,436.9
88.3,127.8,436.9
88.3,137.4,436.9
88.3,125.8,436.9
88.3,135.3,436.9
88.3,142.5,436.9
88.3,135.7,436.9
88.3,141.9,436.9
88.3,131.6,436.9
88.3,141.3,436.9
88.3,128.0,436.9
88.3,137.7,436.9
88.3,125.5,436.9
88.3,135.2,436.9
88.3,142.2,436.9
88.3,133.1,436.9
88.3,140.3,436.9
88.3,129.3,436.9
88.3,136.8,436.9
88.3,126.8,436.9
88.3,135.6,436.9
88.3,125.6,436.9
88.3,135.1,436.9
88.3,141.8,436.9
88.3,135.5,436.9
88.3,141.4,436.9
88.3,130.8,436.9
88.3,140.4,436.9
88.3,127.8,436.9
88.3,136.9,436.9
88.3,123.8,436.9
88.3,131.4,436.9
88.3,138.5,436.9
88.3,135.1,436.9
88.3,138.4,436.9
88.3,129.9,436.9
88.3,135.5,436.9
88.3,126.9,436.9
88.3,131.8,436.9
88.3,124.9,436.9
88.3,130.4,436.9
88.3,125.1,436.9
88.3,131.9,436.9
88.3,137.9,436.9
88.3,135.9,436.9
88.3,142.1,436.9
88.3,130.9,436.9
88.3,138.9,436.9
88.3,128.6,436.9
88.3,136.7,436.9
88.3,127.5,436.9
88.3,135.9,436.9
88.3,142.0,436.9
88.3,134.8,436.9
88.3,141.8,436.9
88.3,132.0,436.9
88.3,139.7,436.9
88.3,129.1,436.9
88.3,137.3,436.9
88.3,126.9,436.9
88.3,135.0,436.9
88.3,142.8,436.9
88.3,137.1,436.9
88.3,142.3,436.9
88.3,132.9,436.9
88.3,141.5,436.9
88.3,129.8,436.9
88.3,139.0,436.9
88.3,124.3,436.9
88.3,130.8,436.9
88.3,121.9,436.9
88.3,126.7,436.9
88.3,119.9,436.9
88.3,122.6,436.9
88.3,117.8,436.9
88.3,119.6,436.9
88.3,115.6,436.9
88.3,118.0,436.9
88.3,119.2,436.9
88.3,121.1,436.9
88.3,118.8,436.9
88.3,120.9,436.9
88.3,119.0,436.9
88.3,121.7,436.9
88.3,119.9,436.9
88.3,125.8,436.9
88.3,119.5,436.9
88.3,126.6,436.9
88.3,122.3,436.9
88.3,130.6,436.9
88.3,139.0,436.9
88.3,132.5,436.9
88.3,140.8,436.9
88.3,148.3,436.9
88.3,139.8,436.9
88.3,145.9,436.9
88.3,134.4,436.9
88.3,125.7,436.9
88.3,127.4,436.9
88.3,134.0,436.9
88.3,131.2,436.9
88.3,138.8,436.9
88.3,145.8,436.9
88.3,140.7,436.9
88.3,148.2,436.9
88.3,153.9,436.9
88.3,147.6,436.9
88.3,150.3,436.9
88.3,134.0,436.9
88.3,134.4,436.9
88.3,134.7,436.9
88.3,142.4,436.9
88.3,150.5,436.9
88.3,148.6,436.9
88.3,145.4,436.9
88.3,144.7,436.9
88.3,144.6,436.9
88.3,143.1,436.9
88.3,142.0,436.9
88.3,141.6,436.9
88.3,141.4,436.9
88.3,140.1,436.9
88.3,139.5,436.9
88.3,139.8,436.9
88.3,139.5,436.9
88.3,138.7,436.9
88.3,139.5,436.9
88.3,138.2,436.9
88.3,138.4,436.9
88.3,134.1,436.9
88.3,124.4,436.9
88.3,114.5,436.9
88.3,123.0,436.9
88.3,127.0,436.9
88.3,135.2,436.9
88.3,143.5,436.9
88.3,141.5,436.9
88.3,139.8,436.9
88.3,139.8,436.9
88.3,138.2,436.9
